{ "type": "FeatureCollection", "features": [
{"type":"Feature","geometry":{"type":"MultiLineString","coordinates":[[[-90.055064697898,29.962709769901],[-90.055142120181,29.963690559276],[-90.053648718008,29.963785535306],[-90.051823797329,29.963896962088],[-90.051712053645,29.963891523312],[-90.051596669406,29.964222458405],[-90.051529936899,29.964431589166],[-90.051380468489,29.964910623067],[-90.051621851312,29.964896320937],[-90.054006246181,29.964755022809],[-90.054172598239,29.964740178747],[-90.057834177465,29.964517628012],[-90.057829911094,29.964440254003],[-90.057676420313,29.962459213869],[-90.060680907311,29.959141626681],[-90.062572373056,29.960442779676],[-90.063160297365,29.959789523593],[-90.063259561821,29.959677832219],[-90.063281877515,29.959652731985],[-90.063918408208,29.95894463327],[-90.063981862687,29.958869969793],[-90.064276860793,29.958540583158],[-90.064382566258,29.958423038051],[-90.064498635249,29.958293968484],[-90.064763106956,29.958002631106],[-90.064923857129,29.957825024377],[-90.065211108333,29.957502392656],[-90.065401406677,29.957291616386],[-90.065463803113,29.957220546405],[-90.063526687986,29.955924435893],[-90.064228727036,29.955146198705],[-90.064314611556,29.955048376449],[-90.064675545032,29.954195769198],[-90.065107485925,29.953232208063],[-90.065546824756,29.952282467611],[-90.065553408498,29.952280952146],[-90.065934863362,29.951459161586],[-90.066047886095,29.951274414517],[-90.066098282528,29.951153529365],[-90.066149232391,29.951031315127],[-90.066182901826,29.950950551562],[-90.066210971694,29.950895707428],[-90.066333489436,29.950638930081],[-90.066513843673,29.950172661562],[-90.06657918651,29.950021696354],[-90.066809840516,29.949290345977],[-90.066915495139,29.948954246876],[-90.066943954033,29.948852672665],[-90.066967852976,29.948767371372],[-90.066992910856,29.948677932779],[-90.06701496168,29.948599226126],[-90.067023931469,29.948575721869],[-90.067052059348,29.948451393838],[-90.067261291054,29.94757778043],[-90.067278744238,29.947473220317],[-90.067282034349,29.947467443424],[-90.067304577929,29.947294250091],[-90.067325571385,29.947130543211],[-90.067337407967,29.946991379978],[-90.067343287722,29.946922262637],[-90.06737563926,29.946474820993],[-90.067393384295,29.946164876571],[-90.067409481523,29.945918340297],[-90.067425866233,29.945712916862],[-90.067477924208,29.944970111507],[-90.06753389441,29.944159754078],[-90.067534400723,29.944152425627],[-90.067580978068,29.94347804569],[-90.067579951439,29.943437778327],[-90.067577793394,29.943353090531],[-90.067574753492,29.943233874042],[-90.067560457684,29.943089757794],[-90.067528039419,29.942879924712],[-90.067525932235,29.94286767652],[-90.067492044397,29.942670640945],[-90.067473668743,29.94256379984],[-90.067440858092,29.942387050415],[-90.067405507645,29.942193784681],[-90.067294969886,29.942168236338],[-90.066697159319,29.942039883796],[-90.065787763841,29.941834981732],[-90.06578616493,29.941761856827],[-90.065784566032,29.941688731019],[-90.065681207664,29.941630291113],[-90.065291337452,29.941409867167],[-90.065198189129,29.941357199403],[-90.065112491585,29.941300362912],[-90.065020476379,29.941245770658],[-90.064772058309,29.941102584431],[-90.064727079378,29.94107571088],[-90.064655081085,29.941032692106],[-90.064595173704,29.940996898561],[-90.064595162368,29.940996649436],[-90.064594812816,29.940996683959]]]},"properties":{":id":"row-2kyr~ei6t_afyr",":version":"rv-73g8_qwcb~nuir",":created_at":"2026-01-29T05:48:19.526Z",":updated_at":"2026-01-29T05:48:19.526Z","objectid":"34","parade":"Krewe Du Vieux","location":"Downtown","day":"Walking Parade","date":"2026-01-31T19:00:00.000Z","time":"7:00pm","formation":"Marigny and Decatur","disband":"Andrew Higgins and S. Peters","numfloats":null,"shape_stlength":"15476.953108061272"}},
{"type":"Feature","geometry":{"type":"MultiLineString","coordinates":[[[-90.114981889155,29.920867322675],[-90.113772776599,29.920672635417],[-90.11375795505,29.92067019912],[-90.113253346853,29.920585977368],[-90.112848136498,29.920519939213],[-90.112757115052,29.920495263174],[-90.112667229225,29.920470891736],[-90.11220151152,29.920444306606],[-90.112118499821,29.92044195885],[-90.112035421824,29.92043961223],[-90.111095589433,29.920402522146],[-90.111008185532,29.920401252542],[-90.110061677596,29.920365591632],[-90.109783705323,29.920355702732],[-90.109596405567,29.920349036904],[-90.109501564096,29.920345661676],[-90.109381192785,29.92034137667],[-90.109201717661,29.9203349906],[-90.109109443186,29.920332761351],[-90.108797394865,29.920321167392],[-90.108745690161,29.920319245185],[-90.108555976827,29.920312194514],[-90.108004957016,29.920291714901],[-90.107917243055,29.920308539066],[-90.10777325265,29.920319309991],[-90.107738825724,29.920322128983],[-90.107231472322,29.920363695067],[-90.10681571558,29.920394007205],[-90.106772567914,29.920397152436],[-90.106696246215,29.920402717542],[-90.106464852261,29.920419330394],[-90.106363850165,29.920426582346],[-90.106301937767,29.92043102663],[-90.106210341127,29.920437601111],[-90.106122332865,29.920445472127],[-90.106040201606,29.920452813274],[-90.104986399654,29.920534959938],[-90.104823587703,29.920548223378],[-90.103854268555,29.920622595055],[-90.102748565723,29.920708668647],[-90.102252842344,29.920747888347],[-90.102196148933,29.920752304661],[-90.101768657608,29.920785599225],[-90.101607824921,29.920801981795],[-90.101487835282,29.920810890051],[-90.101367845655,29.920819795492],[-90.101382363938,29.920971229924],[-90.101422119933,29.921360498303],[-90.101458741502,29.92171909849],[-90.101466750922,29.921806123139],[-90.101472915108,29.921873054101],[-90.101569130281,29.922829187588],[-90.101578112446,29.922902868334],[-90.101584025901,29.922955129393],[-90.101647401256,29.923582904676],[-90.101654497654,29.923661603092],[-90.101660984632,29.923733619306],[-90.101677588329,29.923878794554],[-90.101703147451,29.924140128116],[-90.101724441938,29.924338715918],[-90.101732094246,29.924410060946],[-90.101765489107,29.92473276888],[-90.101794232157,29.925036114715],[-90.101800948844,29.925106989933],[-90.1018613597,29.925655325688],[-90.101869007419,29.925730248891],[-90.101898611354,29.926020283114],[-90.101932560809,29.926352864698],[-90.101936988066,29.926413036077],[-90.101851083807,29.926419920699],[-90.101465838269,29.926449639254],[-90.10123398793,29.926467521726],[-90.101149306099,29.926476899372],[-90.100903997165,29.926494817599],[-90.100800077689,29.926502673172],[-90.100716912037,29.926508959274],[-90.09980080073,29.92658069468],[-90.099699932091,29.926585567256],[-90.098677418136,29.926668051214],[-90.098566702474,29.92667975601],[-90.097535947037,29.926754940432],[-90.097436511254,29.926760846961],[-90.09653150466,29.926827755845],[-90.096408855983,29.926840647649],[-90.096118210944,29.926867222431],[-90.095706406737,29.926902064278],[-90.095572212401,29.926919838713],[-90.095180328288,29.926985733414],[-90.094998675697,29.927016274619],[-90.094835189234,29.927046029341],[-90.094759655107,29.927064032215],[-90.094589906779,29.927104494879],[-90.094531897284,29.927118320218],[-90.094338564117,29.927167506058],[-90.094179027541,29.927211125639],[-90.093960343582,29.927274598016],[-90.09382684872,29.927315300207],[-90.093650161849,29.927364513773],[-90.093043543363,29.927586643802],[-90.092739050112,29.927691174844],[-90.092562463646,29.927751793889],[-90.092504385773,29.927771732102],[-90.092490639637,29.927777728578],[-90.091464028906,29.928146991752],[-90.091463598653,29.92814718979],[-90.091325691058,29.928210036329],[-90.09126903414,29.928235856419],[-90.090616467329,29.928476733711],[-90.090556416695,29.928498898083],[-90.090339936629,29.928573289645],[-90.09025585612,29.928602183914],[-90.090115907081,29.928650104171],[-90.090059553555,29.928669400785],[-90.089660064452,29.928838262609],[-90.089314280462,29.928987067496],[-90.089313835161,29.928987308691],[-90.088910890533,29.929207308233],[-90.088851772604,29.929239586528],[-90.088575002535,29.929400953583],[-90.088536805927,29.929423182176],[-90.088110984187,29.92966547434],[-90.088051759943,29.929699174088],[-90.08760905472,29.929950530115],[-90.08729975055,29.930118689679],[-90.087248903514,29.930146335962],[-90.087117147728,29.930218698076],[-90.086629809298,29.930491999692],[-90.086591415445,29.930513531139],[-90.085941953585,29.930879546869],[-90.085881980831,29.930913345916],[-90.085096222061,29.931357028127],[-90.085046767664,29.931384951133],[-90.084286077651,29.931807822815],[-90.084225011207,29.931841766815],[-90.083934308237,29.932006807427],[-90.083482153503,29.932260925424],[-90.083427971002,29.93229137787],[-90.082673541491,29.932708695139],[-90.082615621971,29.932740733034],[-90.082588035273,29.932756830888],[-90.082213016115,29.932972038439],[-90.082074672805,29.933051612086],[-90.081643029753,29.933330032799],[-90.081550236881,29.933390256996],[-90.081376255734,29.933503180063],[-90.081334415199,29.933530335972],[-90.080940666204,29.93379316],[-90.08093725134,29.933795439905],[-90.080860729908,29.933846514729],[-90.080616265556,29.934008126734],[-90.080572999724,29.934036729541],[-90.080529752681,29.934065318979],[-90.080476209579,29.934100715115],[-90.079921660368,29.934459876736],[-90.079583348426,29.934678985877],[-90.079529955813,29.93471356384],[-90.078743931347,29.935222252158],[-90.078701793425,29.935259764704],[-90.078663294835,29.935294039559],[-90.078118703575,29.935733029479],[-90.078080511902,29.935763709001],[-90.077707904445,29.936063013737],[-90.077606446851,29.936141738411],[-90.077525722991,29.93620437207],[-90.077480711039,29.936256257282],[-90.07729938252,29.936491196388],[-90.077002771062,29.936886677862],[-90.076966491088,29.936935936889],[-90.076517845441,29.937545036988],[-90.076454228847,29.937630616522],[-90.076404690376,29.937697261004],[-90.076376333998,29.937735129134],[-90.07597676507,29.93827465709],[-90.075939928225,29.938324293057],[-90.075575928693,29.938814786136],[-90.075462554927,29.938968516682],[-90.075429162691,29.939013578657],[-90.07540305883,29.939048806538],[-90.075382184215,29.93907697304],[-90.075114698276,29.939437928857],[-90.074909858152,29.939713708405],[-90.074876934652,29.939757705582],[-90.074774164156,29.939895043303],[-90.074452563761,29.94032974441],[-90.074364697089,29.940448694432],[-90.074327605788,29.940498911256],[-90.074219424628,29.940646305346],[-90.074168764362,29.94071532916],[-90.074003193752,29.940940616337],[-90.073893443213,29.941103031693],[-90.073785751796,29.941252723582],[-90.073753268941,29.941296365609],[-90.073648881703,29.941436625536],[-90.073508365702,29.941626591507],[-90.073381307513,29.941794298289],[-90.073373367794,29.941804651123],[-90.073366733196,29.941813295001],[-90.073245457676,29.941971367088],[-90.073214192901,29.942012116372],[-90.073185187365,29.942049924367],[-90.073148996261,29.94209709724],[-90.073076412872,29.942191697263],[-90.073023127697,29.942261153826],[-90.073018978776,29.942266560841],[-90.072942056458,29.942369452216],[-90.072610247293,29.942817595296],[-90.072555348287,29.942891739527],[-90.072495048735,29.942884515102],[-90.072434318033,29.942884414572],[-90.072373994894,29.942891439325],[-90.072314912402,29.942905492346],[-90.072257886507,29.942926379558],[-90.072203704758,29.942953812501],[-90.072153115425,29.942987412316],[-90.072106817163,29.943026714978],[-90.072065449369,29.943071177702],[-90.072029583347,29.943120186444],[-90.071999714419,29.943173064373],[-90.071976255087,29.943229081228],[-90.071967589042,29.943283599454],[-90.071965740798,29.943338771197],[-90.071970738805,29.943393747167],[-90.071982506127,29.943447681084],[-90.072000861622,29.943499742712],[-90.072025522733,29.943549130635],[-90.072056109836,29.943595084595],[-90.072092152086,29.943636897195],[-90.072133094664,29.943673924788],[-90.072178307314,29.943705597387],[-90.072227094053,29.943731427436],[-90.072278703875,29.943751017319],[-90.072332342322,29.943764065475],[-90.072225730658,29.944117689171],[-90.07221274105,29.944160768809],[-90.072161307865,29.944331356493],[-90.072142754779,29.944392896536],[-90.072115482339,29.944484233018],[-90.071683688084,29.945930313629],[-90.071603007582,29.946201791158],[-90.071313215828,29.947169993319],[-90.071271912944,29.94730870189],[-90.071263296186,29.947337638526],[-90.071256241793,29.947361327447],[-90.071239299146,29.947416843276],[-90.071099291111,29.947883486298],[-90.071022633899,29.948141247548],[-90.070965093642,29.94833474867],[-90.070956744554,29.948362822615],[-90.070906222686,29.948532034477],[-90.070782420123,29.948946685592],[-90.070711826249,29.949182908173],[-90.070698280506,29.949228241488],[-90.070649820213,29.949394610252],[-90.070638179416,29.949439145325],[-90.070623623876,29.94949484457],[-90.070573116728,29.949676065996],[-90.07054820311,29.94978340232],[-90.070342328918,29.950478219264],[-90.070290159855,29.950653229914],[-90.070195063835,29.950972226516],[-90.070172090262,29.951056790187],[-90.070133622708,29.951179723045],[-90.070038975879,29.951494911918],[-90.069841368341,29.952158409805],[-90.06980653898,29.952220193777],[-90.069645760499,29.952448562827],[-90.069588419272,29.952532192728],[-90.069452110522,29.952723926089],[-90.069442398469,29.952737583664],[-90.06938819968,29.952813821932],[-90.069230349189,29.953033365935],[-90.06917339384,29.953096624341],[-90.069166527498,29.953103681465],[-90.068800684779,29.952853203681],[-90.068532966552,29.952669906999],[-90.068439359217,29.952605818712],[-90.068307482525,29.952515527128],[-90.068212168359,29.95245027012],[-90.068131926868,29.952396867995],[-90.067821670022,29.952186726403],[-90.067382098486,29.951888989476],[-90.067262381063,29.951807901952],[-90.067187787855,29.951757379365],[-90.067097016291,29.951697174414],[-90.066730134694,29.951443239627],[-90.066453859125,29.951252014961],[-90.06623326928,29.951090884783],[-90.066154844301,29.951036728412],[-90.066188513699,29.950955967552],[-90.066216580481,29.950901121583],[-90.066339100286,29.95064434425],[-90.066519452459,29.9501780739],[-90.066584796304,29.950027110504],[-90.066815449268,29.949295758303],[-90.066921103889,29.948959658296],[-90.066949566888,29.94885808683]]]},"properties":{":id":"row-zn6e_byn2~397q",":version":"rv-x5tw.xw2s.ipnv",":created_at":"2026-01-29T05:48:19.526Z",":updated_at":"2026-01-29T05:48:19.526Z","objectid":"8","parade":"Sparta","location":"Uptown","day":"1st Saturday","date":"2026-02-07T17:30:00.000Z","time":"5:30pm","formation":"Jefferson and Magazine","disband":"Poydras and Tchoupitoulas","numfloats":null,"shape_stlength":"24095.054495989403"}},
{"type":"Feature","geometry":{"type":"MultiLineString","coordinates":[[[-90.053922856082,29.962773757807],[-90.055059088051,29.962704352563],[-90.055145286872,29.962698467343],[-90.055208723208,29.962694917902],[-90.055546490617,29.962676022196],[-90.056128397928,29.962639751915],[-90.05622127455,29.962633962381],[-90.056367583143,29.962623573848],[-90.056511373599,29.96261336372],[-90.057180160562,29.962572257621],[-90.057470987413,29.962552810638],[-90.057614338622,29.962543223901],[-90.057677187306,29.962539021579],[-90.057696139271,29.962792326296],[-90.057709506562,29.962971622132],[-90.057710671461,29.962987244676],[-90.05771734416,29.963076737302],[-90.057735694905,29.963306897624],[-90.057747496682,29.963454908848],[-90.057754470045,29.963527535423],[-90.057780582797,29.963866801602],[-90.05779195033,29.964014505451],[-90.057804458981,29.964177022308],[-90.057824302036,29.964434836794],[-90.057825831033,29.964462588806],[-90.057828569427,29.964512211716],[-90.057842770119,29.964511342469],[-90.057947687579,29.964504925874],[-90.058197983067,29.964489619013],[-90.058292439211,29.964483843309],[-90.058796055889,29.964453040572],[-90.058961865572,29.964444052402],[-90.059055072012,29.964355684945],[-90.059081225173,29.964326576087],[-90.059296521331,29.964086938464],[-90.059317260294,29.964063833798],[-90.059608428931,29.9637394441],[-90.059827513688,29.963495360014],[-90.059871950727,29.963445880603],[-90.059927063888,29.963384514782],[-90.059980034831,29.963325532646],[-90.060213165139,29.963065941905],[-90.060355186462,29.962907809152],[-90.060474802056,29.962774622663],[-90.06097372018,29.962220518282],[-90.061175719272,29.961996172618],[-90.061584244648,29.961533592818],[-90.061770421527,29.961322778329],[-90.06181716669,29.96126984699],[-90.061862981377,29.961217969469],[-90.061869524008,29.961222332703],[-90.062236680192,29.961475935764],[-90.062243772435,29.961480835701],[-90.06240782925,29.961594153063],[-90.062773443984,29.96184908041],[-90.063233520371,29.962169776902],[-90.063578046549,29.962409927436],[-90.063665571789,29.962469187569],[-90.063750643878,29.962526788236],[-90.063937857945,29.962659356837],[-90.064483904802,29.963032844611],[-90.064554782807,29.96308306841],[-90.064927404577,29.963344278933],[-90.065082426792,29.963452951346],[-90.065197987851,29.963532656233],[-90.065467725154,29.963718702479],[-90.065529193546,29.963761097581],[-90.065598084363,29.963808613924],[-90.065854082336,29.963522566502],[-90.066303186467,29.963021376989],[-90.066342501664,29.962977503977],[-90.067002253186,29.962238707547],[-90.067031481676,29.962206187432],[-90.067324870844,29.961874964258],[-90.067653607981,29.961507200972],[-90.067736078096,29.961415037666],[-90.068152796739,29.96094932808],[-90.068190045811,29.960907617141],[-90.068515324198,29.960539601024],[-90.068972580004,29.960026448697],[-90.069153891038,29.959823175703],[-90.069230493538,29.959737004531],[-90.06916243467,29.959694324059],[-90.069097831886,29.959653811426],[-90.069040573991,29.959617904826],[-90.068946695328,29.959555882326],[-90.068747532485,29.959421951878],[-90.068542110732,29.959284518965],[-90.068169530909,29.959035249936],[-90.067262658363,29.95842687196],[-90.066975473533,29.958234854504],[-90.066643696558,29.958013017089],[-90.066367633687,29.957828427816],[-90.066289584136,29.95777765589],[-90.06624145315,29.957745277924],[-90.06546941324,29.957225961499],[-90.064611353474,29.956651546559],[-90.064570896951,29.956624466765],[-90.064103561991,29.956311852506],[-90.063526687986,29.955924435893],[-90.064228727036,29.955146198705],[-90.064314019065,29.955048934628],[-90.064590255265,29.954788519399],[-90.064667461625,29.954715734889],[-90.064966173672,29.954382219585],[-90.064966226158,29.954382165957],[-90.065665436395,29.953605470979],[-90.06616729267,29.953046538382],[-90.066368830693,29.952823720417],[-90.066997293372,29.952126710405],[-90.067060416177,29.952050798071],[-90.067114062495,29.95198628169],[-90.067262381063,29.951807901952],[-90.067187787855,29.951757379365],[-90.067097016291,29.951697174414],[-90.066730134694,29.951443239627],[-90.066453859125,29.951252014961],[-90.06623326928,29.951090884783],[-90.066154844301,29.951036728412],[-90.065971494799,29.950910125633],[-90.065971250369,29.950909956366],[-90.065380354512,29.950501934411],[-90.065376490686,29.950499766112],[-90.065333202875,29.950470240348],[-90.064895657124,29.950174218733]]]},"properties":{":id":"row-qyu4~wdhv-7tpt",":version":"rv-4yxs_4y7b.rhct",":created_at":"2026-01-29T05:48:19.526Z",":updated_at":"2026-01-29T05:48:19.526Z","objectid":"36","parade":"Bohème","location":"Downtown","day":"Walking Parade","date":"2026-01-30T19:00:00.000Z","time":"7:00pm","formation":"Decatur St. from Mandeville St to Music St.","disband":"Basin St and Canal St.","numfloats":null,"shape_stlength":"12290.192829423802"}},
{"type":"Feature","geometry":{"type":"MultiLineString","coordinates":[[[-90.101367845655,29.920819795492],[-90.101382363938,29.920971229924],[-90.101422119933,29.921360498303],[-90.101458741502,29.92171909849],[-90.101466750922,29.921806123139],[-90.101472915108,29.921873054101],[-90.101569130281,29.922829187588],[-90.101578112446,29.922902868334],[-90.101584025901,29.922955129393],[-90.101647401256,29.923582904676],[-90.101654497654,29.923661603092],[-90.101660984632,29.923733619306],[-90.101677588329,29.923878794554],[-90.101703147451,29.924140128116],[-90.101724441938,29.924338715918],[-90.101732094246,29.924410060946],[-90.101765489107,29.92473276888],[-90.101794232157,29.925036114715],[-90.101800948844,29.925106989933],[-90.1018613597,29.925655325688],[-90.101869007419,29.925730248891],[-90.101898611354,29.926020283114],[-90.101932560809,29.926352864698],[-90.101936988066,29.926413036077],[-90.101851083807,29.926419920699],[-90.101465838269,29.926449639254],[-90.10123398793,29.926467521726],[-90.101149306099,29.926476899372],[-90.100903997165,29.926494817599],[-90.100800077689,29.926502673172],[-90.100716912037,29.926508959274],[-90.09980080073,29.92658069468],[-90.099699932091,29.926585567256],[-90.098677418136,29.926668051214],[-90.098566702474,29.92667975601],[-90.097535947037,29.926754940432],[-90.097436511254,29.926760846961],[-90.09653150466,29.926827755845],[-90.096408855983,29.926840647649],[-90.096118210944,29.926867222431],[-90.095706406737,29.926902064278],[-90.095572212401,29.926919838713],[-90.095180328288,29.926985733414],[-90.094998675697,29.927016274619],[-90.094835189234,29.927046029341],[-90.094759655107,29.927064032215],[-90.094589906779,29.927104494879],[-90.094531897284,29.927118320218],[-90.094338564117,29.927167506058],[-90.094179027541,29.927211125639],[-90.093960343582,29.927274598016],[-90.09382684872,29.927315300207],[-90.093650161849,29.927364513773],[-90.093043543363,29.927586643802],[-90.092739050112,29.927691174844],[-90.092562463646,29.927751793889],[-90.092504385773,29.927771732102],[-90.092490639637,29.927777728578],[-90.091464028906,29.928146991752],[-90.091463598653,29.92814718979],[-90.091325691058,29.928210036329],[-90.09126903414,29.928235856419],[-90.090616467329,29.928476733711],[-90.090556416695,29.928498898083],[-90.090339936629,29.928573289645],[-90.09025585612,29.928602183914],[-90.090115907081,29.928650104171],[-90.090059553555,29.928669400785],[-90.089660064452,29.928838262609],[-90.089314280462,29.928987067496],[-90.089313835161,29.928987308691],[-90.088910890533,29.929207308233],[-90.088851772604,29.929239586528],[-90.088575002535,29.929400953583],[-90.088536805927,29.929423182176],[-90.088110984187,29.92966547434],[-90.088051759943,29.929699174088],[-90.08760905472,29.929950530115],[-90.08729975055,29.930118689679],[-90.087248903514,29.930146335962],[-90.087117147728,29.930218698076],[-90.086629809298,29.930491999692],[-90.086591415445,29.930513531139],[-90.085941953585,29.930879546869],[-90.085881980831,29.930913345916],[-90.085096222061,29.931357028127],[-90.085046767664,29.931384951133],[-90.084286077651,29.931807822815],[-90.084225011207,29.931841766815],[-90.083934308237,29.932006807427],[-90.083482153503,29.932260925424],[-90.083427971002,29.93229137787],[-90.082673541491,29.932708695139],[-90.082615621971,29.932740733034],[-90.082588035273,29.932756830888],[-90.082213016115,29.932972038439],[-90.082074672805,29.933051612086],[-90.081643029753,29.933330032799],[-90.081550236881,29.933390256996],[-90.081376255734,29.933503180063],[-90.081334415199,29.933530335972],[-90.080940666204,29.93379316],[-90.08093725134,29.933795439905],[-90.080860729908,29.933846514729],[-90.080616265556,29.934008126734],[-90.080572999724,29.934036729541],[-90.080529752681,29.934065318979],[-90.080476209579,29.934100715115],[-90.079921660368,29.934459876736],[-90.079583348426,29.934678985877],[-90.079529955813,29.93471356384],[-90.078743931347,29.935222252158],[-90.078701793425,29.935259764704],[-90.078663294835,29.935294039559],[-90.078118703575,29.935733029479],[-90.078080511902,29.935763709001],[-90.077707904445,29.936063013737],[-90.077606446851,29.936141738411],[-90.077525722991,29.93620437207],[-90.077480711039,29.936256257282],[-90.07729938252,29.936491196388],[-90.077002771062,29.936886677862],[-90.076966491088,29.936935936889],[-90.076517845441,29.937545036988],[-90.076454228847,29.937630616522],[-90.076404690376,29.937697261004],[-90.076376333998,29.937735129134],[-90.07597676507,29.93827465709],[-90.075939928225,29.938324293057],[-90.075575928693,29.938814786136],[-90.075462554927,29.938968516682],[-90.075429162691,29.939013578657],[-90.07540305883,29.939048806538],[-90.075382184215,29.93907697304],[-90.075114698276,29.939437928857],[-90.074909858152,29.939713708405],[-90.074876934652,29.939757705582],[-90.074774164156,29.939895043303],[-90.074452563761,29.94032974441],[-90.074364697089,29.940448694432],[-90.074327605788,29.940498911256],[-90.074219424628,29.940646305346],[-90.074168764362,29.94071532916],[-90.074003193752,29.940940616337],[-90.073893443213,29.941103031693],[-90.073785751796,29.941252723582],[-90.073753268941,29.941296365609],[-90.073648881703,29.941436625536],[-90.073508365702,29.941626591507],[-90.073381307513,29.941794298289],[-90.073373367794,29.941804651123],[-90.073366733196,29.941813295001],[-90.073245457676,29.941971367088],[-90.073214192901,29.942012116372],[-90.073185187365,29.942049924367],[-90.073148996261,29.94209709724],[-90.073076412872,29.942191697263],[-90.073023127697,29.942261153826],[-90.073018978776,29.942266560841],[-90.072942056458,29.942369452216],[-90.072610247293,29.942817595296],[-90.072555348287,29.942891739527],[-90.072495048735,29.942884515106],[-90.072434318034,29.942884414578],[-90.072373994896,29.942891439333],[-90.072314912405,29.942905492355],[-90.072257886512,29.942926379568],[-90.072203704764,29.942953812511],[-90.072153115431,29.942987412325],[-90.072106817169,29.943026714986],[-90.072065449375,29.943071177709],[-90.072029583352,29.943120186448],[-90.071999714422,29.943173064375],[-90.071976255087,29.943229081228],[-90.071967589058,29.943283599452],[-90.071965740826,29.943338771191],[-90.071970738843,29.943393747155],[-90.071982506171,29.943447681067],[-90.072000861669,29.943499742689],[-90.07202552278,29.943549130606],[-90.072056109881,29.943595084562],[-90.072092152126,29.94363689716],[-90.072133094697,29.943673924754],[-90.07217830734,29.943705597357],[-90.072227094069,29.943731427413],[-90.072278703883,29.943751017305],[-90.072332342322,29.943764065475],[-90.072225730658,29.944117689171],[-90.07221274105,29.944160768809],[-90.072161307865,29.944331356493],[-90.072142754779,29.944392896536],[-90.072115482339,29.944484233018],[-90.071683688084,29.945930313629],[-90.071603007582,29.946201791158],[-90.071313215828,29.947169993319],[-90.071271912944,29.94730870189],[-90.071263296186,29.947337638526],[-90.071256241793,29.947361327447],[-90.071239299146,29.947416843276],[-90.071099291111,29.947883486298],[-90.071022633899,29.948141247548],[-90.070965093642,29.94833474867],[-90.070956744554,29.948362822615],[-90.070906222686,29.948532034477],[-90.070782420123,29.948946685592],[-90.070711826249,29.949182908173],[-90.070698280506,29.949228241488],[-90.070649820213,29.949394610252],[-90.070638179416,29.949439145325],[-90.070623623876,29.94949484457],[-90.070573116728,29.949676065996],[-90.07054820311,29.94978340232],[-90.070342328918,29.950478219264],[-90.070290159855,29.950653229914],[-90.070195063835,29.950972226516],[-90.070172090262,29.951056790187],[-90.070133622708,29.951179723045],[-90.070038975879,29.951494911918],[-90.069841368341,29.952158409805],[-90.06980653898,29.952220193777],[-90.069645760499,29.952448562827],[-90.069588419272,29.952532192728],[-90.069452110522,29.952723926089],[-90.069442398469,29.952737583664],[-90.06938819968,29.952813821932],[-90.069230349189,29.953033365935],[-90.06917339384,29.953096624341],[-90.069166527498,29.953103681465],[-90.068800684779,29.952853203681],[-90.068532966552,29.952669906999],[-90.068439359217,29.952605818712],[-90.068307482525,29.952515527128],[-90.068212168359,29.95245027012],[-90.068131926868,29.952396867995],[-90.067821670022,29.952186726403],[-90.067382098486,29.951888989476],[-90.067262381063,29.951807901952],[-90.067187787855,29.951757379365],[-90.067097016291,29.951697174414],[-90.066730134694,29.951443239627],[-90.066453859125,29.951252014961],[-90.06623326928,29.951090884783],[-90.066154844301,29.951036728412],[-90.066188513699,29.950955967552],[-90.066216580481,29.950901121583],[-90.066339100286,29.95064434425],[-90.066519452459,29.9501780739],[-90.066584796304,29.950027110504],[-90.066815449268,29.949295758303],[-90.066921103889,29.948959658296],[-90.066949566888,29.94885808683]]]},"properties":{":id":"row-yyy2~qd6i.rdnx",":version":"rv-i3r4~vxgt~a2ge",":created_at":"2026-01-29T05:48:19.526Z",":updated_at":"2026-01-29T05:48:19.526Z","objectid":"2","parade":"Oshun","location":"Uptown","day":"1st Friday","date":"2026-02-06T17:00:00.000Z","time":"5:00pm","formation":"Napoleon and Magazine","disband":"Poydras and Tchoupitoulas","numfloats":null,"shape_stlength":"19757.42115959619"}},
{"type":"Feature","geometry":{"type":"MultiLineString","coordinates":[[[-90.102691986966,29.931417056169],[-90.102291671839,29.92748398094],[-90.102256758734,29.927148949063],[-90.102202566588,29.926628929627],[-90.102197666574,29.926571215116],[-90.102192553337,29.926510969661],[-90.102189421701,29.926480271795],[-90.102186477786,29.926451401796],[-90.102180503687,29.926393518438],[-90.102057335296,29.926403390874],[-90.101936988066,29.926413036077],[-90.101851083807,29.926419920699],[-90.101465838269,29.926449639254],[-90.10123398793,29.926467521726],[-90.101149306099,29.926476899372],[-90.100903997165,29.926494817599],[-90.100800077689,29.926502673172],[-90.100716912037,29.926508959274],[-90.09980080073,29.92658069468],[-90.099699932091,29.926585567256],[-90.098677418136,29.926668051214],[-90.098566702474,29.92667975601],[-90.097535947037,29.926754940432],[-90.097436511254,29.926760846961],[-90.09653150466,29.926827755845],[-90.096408855983,29.926840647649],[-90.096118210944,29.926867222431],[-90.095706406737,29.926902064278],[-90.095572212401,29.926919838713],[-90.095180328288,29.926985733414],[-90.094998675697,29.927016274619],[-90.094835189234,29.927046029341],[-90.094759655107,29.927064032215],[-90.094589906779,29.927104494879],[-90.094531897284,29.927118320218],[-90.094338564117,29.927167506058],[-90.094179027541,29.927211125639],[-90.093960343582,29.927274598016],[-90.09382684872,29.927315300207],[-90.093650161849,29.927364513773],[-90.093043543363,29.927586643802],[-90.092739050112,29.927691174844],[-90.092562463646,29.927751793889],[-90.092504385773,29.927771732102],[-90.092490639637,29.927777728578],[-90.091464028906,29.928146991752],[-90.091463598653,29.92814718979],[-90.091325691058,29.928210036329],[-90.09126903414,29.928235856419],[-90.090616467329,29.928476733711],[-90.090556416695,29.928498898083],[-90.090339936629,29.928573289645],[-90.09025585612,29.928602183914],[-90.090115907081,29.928650104171],[-90.090059553555,29.928669400785],[-90.089660064452,29.928838262609],[-90.089314280462,29.928987067496],[-90.089313835161,29.928987308691],[-90.088910890533,29.929207308233],[-90.088851772604,29.929239586528],[-90.088575002535,29.929400953583],[-90.088536805927,29.929423182176],[-90.088110984187,29.92966547434],[-90.088051759943,29.929699174088],[-90.08760905472,29.929950530115],[-90.08729975055,29.930118689679],[-90.087248903514,29.930146335962],[-90.087117147728,29.930218698076],[-90.086629809298,29.930491999692],[-90.086591415445,29.930513531139],[-90.085941953585,29.930879546869],[-90.085881980831,29.930913345916],[-90.085096222061,29.931357028127],[-90.085046767664,29.931384951133],[-90.084286077651,29.931807822815],[-90.084225011207,29.931841766815],[-90.083934308237,29.932006807427],[-90.083482153503,29.932260925424],[-90.083427971002,29.93229137787],[-90.082673541491,29.932708695139],[-90.082615621971,29.932740733034],[-90.082588035273,29.932756830888],[-90.082213016115,29.932972038439],[-90.082074672805,29.933051612086],[-90.081643029753,29.933330032799],[-90.081550236881,29.933390256996],[-90.081376255734,29.933503180063],[-90.081334415199,29.933530335972],[-90.080940666204,29.93379316],[-90.08093725134,29.933795439905],[-90.080860729908,29.933846514729],[-90.080616265556,29.934008126734],[-90.080572999724,29.934036729541],[-90.080529752681,29.934065318979],[-90.080476209579,29.934100715115],[-90.079921660368,29.934459876736],[-90.079583348426,29.934678985877],[-90.079529955813,29.93471356384],[-90.078743931347,29.935222252158],[-90.078701793425,29.935259764704],[-90.078663294835,29.935294039559],[-90.078118703575,29.935733029479],[-90.078080511902,29.935763709001],[-90.077707904445,29.936063013737],[-90.077606446851,29.936141738411],[-90.077525722991,29.93620437207],[-90.077480711039,29.936256257282],[-90.07729938252,29.936491196388],[-90.077002771062,29.936886677862],[-90.076966491088,29.936935936889],[-90.076517845441,29.937545036988],[-90.076454228847,29.937630616522],[-90.076404690376,29.937697261004],[-90.076376333998,29.937735129134],[-90.07597676507,29.93827465709],[-90.075939928225,29.938324293057],[-90.075575928693,29.938814786136],[-90.075462554927,29.938968516682],[-90.075429162691,29.939013578657],[-90.07540305883,29.939048806538],[-90.075382184215,29.93907697304],[-90.075114698276,29.939437928857],[-90.074909858152,29.939713708405],[-90.074876934652,29.939757705582],[-90.074774164156,29.939895043303],[-90.074452563761,29.94032974441],[-90.074364697089,29.940448694432],[-90.074327605788,29.940498911256],[-90.074219424628,29.940646305346],[-90.074168764362,29.94071532916],[-90.074003193752,29.940940616337],[-90.073893443213,29.941103031693],[-90.073785751796,29.941252723582],[-90.073753268941,29.941296365609],[-90.073648881703,29.941436625536],[-90.073508365702,29.941626591507],[-90.073381307513,29.941794298289],[-90.073373367794,29.941804651123],[-90.073366733196,29.941813295001],[-90.073245457676,29.941971367088],[-90.073214192901,29.942012116372],[-90.073185187365,29.942049924367],[-90.073148996261,29.94209709724],[-90.073076412872,29.942191697263],[-90.073023127697,29.942261153826],[-90.073018978776,29.942266560841],[-90.072942056458,29.942369452216],[-90.072610247293,29.942817595296],[-90.072555348287,29.942891739527],[-90.072495048735,29.942884515102],[-90.072434318033,29.942884414572],[-90.072373994894,29.942891439325],[-90.072314912402,29.942905492346],[-90.072257886507,29.942926379558],[-90.072203704758,29.942953812501],[-90.072153115425,29.942987412316],[-90.072106817163,29.943026714978],[-90.072065449369,29.943071177703],[-90.072029583347,29.943120186444],[-90.071999714419,29.943173064373],[-90.071976255087,29.943229081228],[-90.071967589042,29.943283599454],[-90.071965740798,29.943338771198],[-90.071970738805,29.943393747167],[-90.071982506127,29.943447681084],[-90.072000861622,29.943499742712],[-90.072025522733,29.943549130635],[-90.072056109836,29.943595084595],[-90.072092152086,29.943636897195],[-90.072133094664,29.943673924788],[-90.072178307314,29.943705597387],[-90.072227094053,29.943731427436],[-90.072278703875,29.943751017319],[-90.072332342322,29.943764065475],[-90.072225730658,29.944117689171],[-90.07221274105,29.944160768809],[-90.072161307865,29.944331356493],[-90.072142754779,29.944392896536],[-90.072115482339,29.944484233018],[-90.071683688084,29.945930313629],[-90.071603007582,29.946201791158],[-90.071313215828,29.947169993319],[-90.071271912944,29.94730870189],[-90.071263296186,29.947337638526],[-90.071256241793,29.947361327447],[-90.071239299146,29.947416843276],[-90.071099291111,29.947883486298],[-90.071022633899,29.948141247548],[-90.070965093642,29.94833474867],[-90.070956744554,29.948362822615],[-90.070906222686,29.948532034477],[-90.070782420123,29.948946685592],[-90.070711826249,29.949182908173],[-90.070698280506,29.949228241488],[-90.070649820213,29.949394610252],[-90.070638179416,29.949439145325],[-90.070623623876,29.94949484457],[-90.070573116728,29.949676065996],[-90.07054820311,29.94978340232],[-90.070342328918,29.950478219264],[-90.070290159855,29.950653229914],[-90.070195063835,29.950972226516],[-90.070172090262,29.951056790187],[-90.070133622708,29.951179723045],[-90.070038975879,29.951494911918],[-90.069841368341,29.952158409805],[-90.06980653898,29.952220193777],[-90.069645760499,29.952448562827],[-90.069588419272,29.952532192728],[-90.069452110522,29.952723926089],[-90.069442398469,29.952737583664],[-90.06938819968,29.952813821932],[-90.069230349189,29.953033365935],[-90.06917339384,29.953096624341],[-90.069166527498,29.953103681465],[-90.068800684779,29.952853203681],[-90.068532966552,29.952669906999],[-90.068439359217,29.952605818712],[-90.068307482525,29.952515527128],[-90.068212168359,29.95245027012],[-90.068131926868,29.952396867995],[-90.067821670022,29.952186726403],[-90.067382098486,29.951888989476],[-90.067262381063,29.951807901952],[-90.067187787855,29.951757379365],[-90.067097016291,29.951697174414],[-90.066730134694,29.951443239627],[-90.066453859125,29.951252014961],[-90.06623326928,29.951090884783],[-90.066154844301,29.951036728412],[-90.066188513699,29.950955967552],[-90.066216580481,29.950901121583],[-90.066339100286,29.95064434425],[-90.066519452459,29.9501780739],[-90.066584796304,29.950027110504],[-90.066815449268,29.949295758303],[-90.066921103889,29.948959658296],[-90.066949566888,29.94885808683]]]},"properties":{":id":"row-dr35.ei23-5sa9",":version":"rv-q3nj_4qqn~pat8",":created_at":"2026-01-29T05:48:19.526Z",":updated_at":"2026-01-29T05:48:19.526Z","objectid":"21","parade":"Iris","location":"Uptown","day":"2nd Saturday","date":"2026-02-14T11:00:00.000Z","time":"11:00am","formation":"Napoleon and S Saratoga","disband":"Poydras and Tchoupitoulas","numfloats":null,"shape_stlength":"19626.879945002758"}},
{"type":"Feature","geometry":{"type":"MultiLineString","coordinates":[[[-90.114981889155,29.920867322675],[-90.114869039197,29.920849152186],[-90.114442836131,29.920780528187],[-90.11427977145,29.920754270749],[-90.113772776599,29.920672635417],[-90.11375795505,29.92067019912],[-90.113253346853,29.920585977368],[-90.112848136498,29.920519939213],[-90.112757115052,29.920495263174],[-90.112667229225,29.920470891736],[-90.11220151152,29.920444306606],[-90.112118499821,29.92044195885],[-90.112035421824,29.92043961223],[-90.111095589433,29.920402522146],[-90.111008185532,29.920401252542],[-90.110061677596,29.920365591632],[-90.109783705323,29.920355702732],[-90.109596405567,29.920349036904],[-90.109501564096,29.920345661676],[-90.109381192785,29.92034137667],[-90.109201717661,29.9203349906],[-90.109109443186,29.920332761351],[-90.108797394865,29.920321167392],[-90.108745690161,29.920319245185],[-90.108555976827,29.920312194514],[-90.108004957016,29.920291714901],[-90.107917243055,29.920308539066],[-90.10777325265,29.920319309991],[-90.107738825724,29.920322128983],[-90.107231472322,29.920363695067],[-90.10681571558,29.920394007205],[-90.106772567914,29.920397152436],[-90.106696246215,29.920402717542],[-90.106464852261,29.920419330394],[-90.106363850165,29.920426582346],[-90.106301937767,29.92043102663],[-90.106210341127,29.920437601111],[-90.106122332865,29.920445472127],[-90.106040201606,29.920452813274],[-90.104986399654,29.920534959938],[-90.104823587703,29.920548223378],[-90.103854268555,29.920622595055],[-90.102748565723,29.920708668647],[-90.102252842344,29.920747888347],[-90.102196148933,29.920752304661],[-90.101768657608,29.920785599225],[-90.101607824921,29.920801981795],[-90.101487835282,29.920810890051],[-90.101367845655,29.920819795492],[-90.101454199765,29.921674621163],[-90.101458741502,29.92171909849],[-90.101459240182,29.921724513829],[-90.101564613155,29.922767600629],[-90.101584025901,29.922955129393],[-90.101647401256,29.923582904676],[-90.101648182042,29.923591564364],[-90.101673778643,29.923845483775],[-90.101671431098,29.923824960444],[-90.101674058046,29.923850960214],[-90.101699395921,29.924101767205],[-90.101703147451,29.924140128116],[-90.101705287556,29.924160088317],[-90.101800948844,29.925106989933],[-90.1018613597,29.925655325688],[-90.101869007419,29.925730248891],[-90.101898611354,29.926020283114],[-90.101932560809,29.926352864698],[-90.101936988066,29.926413036077],[-90.101851083807,29.926419920699],[-90.101465838269,29.926449639254],[-90.10123398793,29.926467521726],[-90.101149306099,29.926476899372],[-90.100903997165,29.926494817599],[-90.100800077689,29.926502673172],[-90.100716912037,29.926508959274],[-90.09980080073,29.92658069468],[-90.099699932091,29.926585567256],[-90.098677418136,29.926668051214],[-90.098566702474,29.92667975601],[-90.097535947037,29.926754940432],[-90.097436511254,29.926760846961],[-90.09653150466,29.926827755845],[-90.096408855983,29.926840647649],[-90.096118210944,29.926867222431],[-90.095706406737,29.926902064278],[-90.095572212401,29.926919838713],[-90.095180328288,29.926985733414],[-90.094998675697,29.927016274619],[-90.094835189234,29.927046029341],[-90.094759655107,29.927064032215],[-90.094589906779,29.927104494879],[-90.094531897284,29.927118320218],[-90.094338564117,29.927167506058],[-90.094179027541,29.927211125639],[-90.093960343582,29.927274598016],[-90.09382684872,29.927315300207],[-90.093650161849,29.927364513773],[-90.093043543363,29.927586643802],[-90.092739050112,29.927691174844],[-90.092562463646,29.927751793889],[-90.092504385773,29.927771732102],[-90.092490639637,29.927777728578],[-90.091464028906,29.928146991752],[-90.091463598653,29.92814718979],[-90.091325691058,29.928210036329],[-90.09126903414,29.928235856419],[-90.090616467329,29.928476733711],[-90.090556416695,29.928498898083],[-90.090339936629,29.928573289645],[-90.09025585612,29.928602183914],[-90.090115907081,29.928650104171],[-90.090059553555,29.928669400785],[-90.089660064452,29.928838262609],[-90.089314280462,29.928987067496],[-90.089313835161,29.928987308691],[-90.088910890533,29.929207308233],[-90.088851772604,29.929239586528],[-90.088575002535,29.929400953583],[-90.088536805927,29.929423182176],[-90.088110984187,29.92966547434],[-90.088051759943,29.929699174088],[-90.08760905472,29.929950530115],[-90.08729975055,29.930118689679],[-90.087248903514,29.930146335962],[-90.087117147728,29.930218698076],[-90.086629809298,29.930491999692],[-90.086591415445,29.930513531139],[-90.085941953585,29.930879546869],[-90.085881980831,29.930913345916],[-90.085096222061,29.931357028127],[-90.085046767664,29.931384951133],[-90.084286077651,29.931807822815],[-90.084225011207,29.931841766815],[-90.083934308237,29.932006807427],[-90.083482153503,29.932260925424],[-90.083427971002,29.93229137787],[-90.082673541491,29.932708695139],[-90.082615621971,29.932740733034],[-90.082588035273,29.932756830888],[-90.082213016115,29.932972038439],[-90.082074672805,29.933051612086],[-90.081643029753,29.933330032799],[-90.081550236881,29.933390256996],[-90.081376255734,29.933503180063],[-90.081334415199,29.933530335972],[-90.080940666204,29.93379316],[-90.08093725134,29.933795439905],[-90.080860729908,29.933846514729],[-90.080616265556,29.934008126734],[-90.080572999724,29.934036729541],[-90.080529752681,29.934065318979],[-90.080476209579,29.934100715115],[-90.079921660368,29.934459876736],[-90.079583348426,29.934678985877],[-90.079529955813,29.93471356384],[-90.078743931347,29.935222252158],[-90.078701793425,29.935259764704],[-90.078663294835,29.935294039559],[-90.078118703575,29.935733029479],[-90.078080511902,29.935763709001],[-90.077707904445,29.936063013737],[-90.077606446851,29.936141738411],[-90.077525722991,29.93620437207],[-90.077480711039,29.936256257282],[-90.07729938252,29.936491196388],[-90.077002771062,29.936886677862],[-90.076966491088,29.936935936889],[-90.076517845441,29.937545036988],[-90.076454228847,29.937630616522],[-90.076404690376,29.937697261004],[-90.076376333998,29.937735129134],[-90.07597676507,29.93827465709],[-90.075939928225,29.938324293057],[-90.075575928693,29.938814786136],[-90.075462554927,29.938968516682],[-90.075429162691,29.939013578657],[-90.07540305883,29.939048806538],[-90.075382184215,29.93907697304],[-90.075114698276,29.939437928857],[-90.074909858152,29.939713708405],[-90.074876934652,29.939757705582],[-90.074774164156,29.939895043303],[-90.074452563761,29.94032974441],[-90.074364697089,29.940448694432],[-90.074327605788,29.940498911256],[-90.074219424628,29.940646305346],[-90.074168764362,29.94071532916],[-90.074003193752,29.940940616337],[-90.073893443213,29.941103031693],[-90.073785751796,29.941252723582],[-90.073753268941,29.941296365609],[-90.073648881703,29.941436625536],[-90.073508365702,29.941626591507],[-90.073381307513,29.941794298289],[-90.073373367794,29.941804651123],[-90.073366733196,29.941813295001],[-90.073245457676,29.941971367088],[-90.073214192901,29.942012116372],[-90.073185187365,29.942049924367],[-90.073148996261,29.94209709724],[-90.073076412872,29.942191697263],[-90.073023127697,29.942261153826],[-90.073018978776,29.942266560841],[-90.072942056458,29.942369452216],[-90.072610247293,29.942817595296],[-90.072555348287,29.942891739527],[-90.072495048735,29.942884515102],[-90.072434318033,29.942884414572],[-90.072373994894,29.942891439325],[-90.072314912402,29.942905492346],[-90.072257886507,29.942926379558],[-90.072203704758,29.942953812501],[-90.072153115425,29.942987412316],[-90.072106817163,29.943026714978],[-90.072065449369,29.943071177703],[-90.072029583347,29.943120186444],[-90.071999714419,29.943173064373],[-90.071976255087,29.943229081228],[-90.071967589042,29.943283599454],[-90.071965740798,29.943338771198],[-90.071970738805,29.943393747167],[-90.071982506127,29.943447681084],[-90.072000861622,29.943499742712],[-90.072025522733,29.943549130635],[-90.072056109836,29.943595084595],[-90.072092152086,29.943636897195],[-90.072133094664,29.943673924788],[-90.072178307314,29.943705597387],[-90.072227094053,29.943731427436],[-90.072278703875,29.943751017319],[-90.072332342322,29.943764065475],[-90.072225730658,29.944117689171],[-90.07221274105,29.944160768809],[-90.072161307865,29.944331356493],[-90.072142754779,29.944392896536],[-90.072115482339,29.944484233018],[-90.071683688084,29.945930313629],[-90.071603007582,29.946201791158],[-90.071313215828,29.947169993319],[-90.071271912944,29.94730870189],[-90.071263296186,29.947337638526],[-90.071256241793,29.947361327447],[-90.071239299146,29.947416843276],[-90.071099291111,29.947883486298],[-90.071022633899,29.948141247548],[-90.070965093642,29.94833474867],[-90.070956744554,29.948362822615],[-90.070906222686,29.948532034477],[-90.070782420123,29.948946685592],[-90.070711826249,29.949182908173],[-90.070698280506,29.949228241488],[-90.070649820213,29.949394610252],[-90.070638179416,29.949439145325],[-90.070623623876,29.94949484457],[-90.070573116728,29.949676065996],[-90.07054820311,29.94978340232],[-90.070342328918,29.950478219264],[-90.070290159855,29.950653229914],[-90.070195063835,29.950972226516],[-90.070172090262,29.951056790187],[-90.070133622708,29.951179723045],[-90.070038975879,29.951494911918],[-90.069841368341,29.952158409805],[-90.06980653898,29.952220193777],[-90.069645760499,29.952448562827],[-90.069588419272,29.952532192728],[-90.069452110522,29.952723926089],[-90.069442398469,29.952737583664],[-90.06938819968,29.952813821932],[-90.069230349189,29.953033365935],[-90.06917339384,29.953096624341],[-90.069166527498,29.953103681465],[-90.068800684779,29.952853203681],[-90.068532966552,29.952669906999],[-90.068439359217,29.952605818712],[-90.068307482525,29.952515527128],[-90.068212168359,29.95245027012],[-90.068131926868,29.952396867995],[-90.067821670022,29.952186726403],[-90.067382098486,29.951888989476],[-90.067262381063,29.951807901952],[-90.067187787855,29.951757379365],[-90.067097016291,29.951697174414],[-90.066730134694,29.951443239627],[-90.066453859125,29.951252014961],[-90.06623326928,29.951090884783],[-90.066154844301,29.951036728412],[-90.066188513699,29.950955967552],[-90.066216580481,29.950901121583],[-90.066339100286,29.95064434425],[-90.066519452459,29.9501780739],[-90.066584796304,29.950027110504],[-90.066815449268,29.949295758303],[-90.066921103889,29.948959658296],[-90.066949566888,29.94885808683]]]},"properties":{":id":"row-6da5_ervh~br7w",":version":"rv-9xf3_hgbm~ev63",":created_at":"2026-01-29T05:48:19.526Z",":updated_at":"2026-01-29T05:48:19.526Z","objectid":"11","parade":"Carrollton","location":"Uptown","day":"2nd Tuesday","date":"2026-02-08T12:30:00.000Z","time":"12:30pm","formation":"Jefferson and Magazine","disband":"Poydras and Tchoupitoulas","numfloats":null,"shape_stlength":"24110.037526991509"}},
{"type":"Feature","geometry":{"type":"MultiLineString","coordinates":[[[-90.067730466598,29.961409620857],[-90.067664743622,29.961365071925],[-90.06759890562,29.961320446968],[-90.067558098086,29.961365988654],[-90.06735098435,29.961601143161],[-90.066893246558,29.962111118434],[-90.066836122942,29.962072501894],[-90.066687005688,29.961971695335],[-90.066582903451,29.961900779661],[-90.065971657791,29.961484396068],[-90.066676528129,29.960694543784],[-90.065776175476,29.960083445073],[-90.065575705453,29.960310977466],[-90.065430518802,29.960470865392],[-90.065294972606,29.960623287192],[-90.065073432732,29.960872715859],[-90.064181819051,29.96026427799],[-90.063667428381,29.959913481986],[-90.063641701425,29.959895942557],[-90.063359425352,29.959703436783],[-90.063281875455,29.959652731063],[-90.063918408208,29.95894463327],[-90.06398186477,29.958869968911],[-90.063542684143,29.958571760534],[-90.063542595805,29.958571700135],[-90.063087582789,29.958262741655],[-90.063377562976,29.957942320013],[-90.063600137007,29.957696452564],[-90.063866607463,29.957402097535],[-90.063866657948,29.957402038475],[-90.064289964614,29.957685873655],[-90.06431621198,29.957703518134],[-90.064673406888,29.957943629455],[-90.064763104872,29.958002631988],[-90.06484461359,29.958056245001],[-90.065085788679,29.958219833904],[-90.065447663153,29.95846150572],[-90.065663137472,29.958605401988],[-90.065867689036,29.958742730931],[-90.065910308291,29.958771347782],[-90.066181488591,29.958953817637],[-90.066375356752,29.95908161732],[-90.066557089022,29.959203308187],[-90.066182664689,29.959626806995],[-90.066866965875,29.960085443233],[-90.067088301427,29.960233630352],[-90.067762334997,29.960685762612],[-90.067907888909,29.960783399375],[-90.06801572789,29.960855736668],[-90.068080183572,29.960898970428],[-90.068147185233,29.960943912191]]]},"properties":{":id":"row-sdh6~cb2r_hdus",":version":"rv-sjk3-tvzj_pdbb",":created_at":"2026-01-29T05:48:19.526Z",":updated_at":"2026-01-29T05:48:19.526Z","objectid":"35","parade":"Barkus","location":"Downtown","day":"Walking Parade","date":"2026-02-08T13:00:00.000Z","time":"1:00pm","formation":"N. Rampart and St Ann","disband":"N. Rampart and Orleans Ave.","numfloats":null,"shape_stlength":"5768.4592363558468"}},
{"type":"Feature","geometry":{"type":"MultiLineString","coordinates":[[[-90.114981889155,29.920867322675],[-90.114889422711,29.920852433838],[-90.114869039197,29.920849152186],[-90.114442836131,29.920780528187],[-90.114279771439,29.920754271651],[-90.113772776599,29.920672635417],[-90.11375795505,29.92067019912],[-90.113434857697,29.920616272302],[-90.113253346853,29.920585977368],[-90.112848136498,29.920519939213],[-90.112757115052,29.920495263174],[-90.112667229225,29.920470891736],[-90.11220151152,29.920444306606],[-90.112118499821,29.92044195885],[-90.112035421824,29.92043961223],[-90.111095589433,29.920402522146],[-90.111008185532,29.920401252542],[-90.110061677596,29.920365591632],[-90.109783705323,29.920355702732],[-90.109596405567,29.920349036904],[-90.109501564096,29.920345661676],[-90.109381192785,29.92034137667],[-90.109201717661,29.9203349906],[-90.109109443186,29.920332761351],[-90.108797394865,29.920321167392],[-90.108745690161,29.920319245185],[-90.108555976827,29.920312194514],[-90.108004957016,29.920291714901],[-90.107917243055,29.920308539066],[-90.10777325265,29.920319309991],[-90.107738825724,29.920322128983],[-90.107231472322,29.920363695067],[-90.10681571558,29.920394007205],[-90.106772567914,29.920397152436],[-90.106696246215,29.920402717542],[-90.106464852261,29.920419330394],[-90.106363850165,29.920426582346],[-90.106301937767,29.92043102663],[-90.106210341127,29.920437601111],[-90.106122332865,29.920445472127],[-90.106040201606,29.920452813274],[-90.104986399654,29.920534959938],[-90.104823587703,29.920548223378],[-90.103854268555,29.920622595055],[-90.102748565723,29.920708668647],[-90.102252842344,29.920747888347],[-90.102196148933,29.920752304661],[-90.101768657608,29.920785599225],[-90.101607824921,29.920801981795],[-90.101487835282,29.920810890051],[-90.101367845655,29.920819795492],[-90.101454199765,29.921674621163],[-90.101458741502,29.92171909849],[-90.101459240182,29.921724513829],[-90.101564614191,29.922767600639],[-90.101584025901,29.922955129393],[-90.101647401256,29.923582904676],[-90.101648182042,29.923591564364],[-90.101673775815,29.923845461193],[-90.101673779568,29.923845492806],[-90.10167378233,29.923845520801],[-90.101677588329,29.923878794554],[-90.101689251253,29.923998051218],[-90.101724441938,29.924338715918],[-90.101732094246,29.924410060946],[-90.101765489107,29.92473276888],[-90.101794232157,29.925036114715],[-90.101801882682,29.925106689212],[-90.101800948844,29.925106989933],[-90.1018613597,29.925655325688],[-90.101869007419,29.925730248891],[-90.101898611354,29.926020283114],[-90.101932560809,29.926352864698],[-90.101936988066,29.926413036077],[-90.101851083807,29.926419920699],[-90.101465838269,29.926449639254],[-90.10123398793,29.926467521726],[-90.101149306099,29.926476899372],[-90.100903997165,29.926494817599],[-90.100800077689,29.926502673172],[-90.100716912037,29.926508959274],[-90.09980080073,29.92658069468],[-90.099699932091,29.926585567256],[-90.098677418136,29.926668051214],[-90.098566702474,29.92667975601],[-90.097535947037,29.926754940432],[-90.097436511254,29.926760846961],[-90.09653150466,29.926827755845],[-90.096408855983,29.926840647649],[-90.096118210944,29.926867222431],[-90.095706406737,29.926902064278],[-90.095572212401,29.926919838713],[-90.095180328288,29.926985733414],[-90.094998675697,29.927016274619],[-90.094835189234,29.927046029341],[-90.094759655107,29.927064032215],[-90.094589906779,29.927104494879],[-90.094531897284,29.927118320218],[-90.094338564117,29.927167506058],[-90.094179027541,29.927211125639],[-90.093960343582,29.927274598016],[-90.09382684872,29.927315300207],[-90.093650161849,29.927364513773],[-90.093043543363,29.927586643802],[-90.092739050112,29.927691174844],[-90.092562463646,29.927751793889],[-90.092504385773,29.927771732102],[-90.092490639637,29.927777728578],[-90.091464028906,29.928146991752],[-90.091463598653,29.92814718979],[-90.091325691058,29.928210036329],[-90.09126903414,29.928235856419],[-90.090616467329,29.928476733711],[-90.090556416695,29.928498898083],[-90.090339936629,29.928573289645],[-90.09025585612,29.928602183914],[-90.090115907081,29.928650104171],[-90.090059553555,29.928669400785],[-90.089660064452,29.928838262609],[-90.089314280462,29.928987067496],[-90.089313835161,29.928987308691],[-90.088910890533,29.929207308233],[-90.088851772604,29.929239586528],[-90.088575002535,29.929400953583],[-90.088536805927,29.929423182176],[-90.088110984187,29.92966547434],[-90.088051759943,29.929699174088],[-90.08760905472,29.929950530115],[-90.08729975055,29.930118689679],[-90.087248903514,29.930146335962],[-90.087117147728,29.930218698076],[-90.086629809298,29.930491999692],[-90.086591415445,29.930513531139],[-90.085941953585,29.930879546869],[-90.085881980831,29.930913345916],[-90.085096222061,29.931357028127],[-90.085046767664,29.931384951133],[-90.084286077651,29.931807822815],[-90.084225011207,29.931841766815],[-90.083934308237,29.932006807427],[-90.083482153503,29.932260925424],[-90.083427971002,29.93229137787],[-90.082673541491,29.932708695139],[-90.082615621971,29.932740733034],[-90.082588035273,29.932756830888],[-90.082213016115,29.932972038439],[-90.082074672805,29.933051612086],[-90.081643029753,29.933330032799],[-90.081550236881,29.933390256996],[-90.081376255734,29.933503180063],[-90.081334415199,29.933530335972],[-90.080940666204,29.93379316],[-90.08093725134,29.933795439905],[-90.080860729908,29.933846514729],[-90.080616265556,29.934008126734],[-90.080572999724,29.934036729541],[-90.080529752681,29.934065318979],[-90.080476209579,29.934100715115],[-90.079921660368,29.934459876736],[-90.079583348426,29.934678985877],[-90.079529955813,29.93471356384],[-90.078743931347,29.935222252158],[-90.078701793425,29.935259764704],[-90.078663294835,29.935294039559],[-90.078118703575,29.935733029479],[-90.078080511902,29.935763709001],[-90.077707904445,29.936063013737],[-90.077606446851,29.936141738411],[-90.077525722991,29.93620437207],[-90.077480711039,29.936256257282],[-90.07729938252,29.936491196388],[-90.077002771062,29.936886677862],[-90.076966491088,29.936935936889],[-90.076517845441,29.937545036988],[-90.076454228847,29.937630616522],[-90.076404690376,29.937697261004],[-90.076376333998,29.937735129134],[-90.07597676507,29.93827465709],[-90.075939928225,29.938324293057],[-90.075575928693,29.938814786136],[-90.075462554927,29.938968516682],[-90.075429162691,29.939013578657],[-90.07540305883,29.939048806538],[-90.075382184215,29.93907697304],[-90.075114698276,29.939437928857],[-90.074909858152,29.939713708405],[-90.074876934652,29.939757705582],[-90.074774164156,29.939895043303],[-90.074452563761,29.94032974441],[-90.074364697089,29.940448694432],[-90.074327605788,29.940498911256],[-90.074219424628,29.940646305346],[-90.074168764362,29.94071532916],[-90.074003193752,29.940940616337],[-90.073893443213,29.941103031693],[-90.073785751796,29.941252723582],[-90.073753268941,29.941296365609],[-90.073648881703,29.941436625536],[-90.073508365702,29.941626591507],[-90.073381307513,29.941794298289],[-90.073373367794,29.941804651123],[-90.073366733196,29.941813295001],[-90.073245457676,29.941971367088],[-90.073214192901,29.942012116372],[-90.073185187365,29.942049924367],[-90.073148996261,29.94209709724],[-90.073076412872,29.942191697263],[-90.073023127697,29.942261153826],[-90.073018978776,29.942266560841],[-90.072942056458,29.942369452216],[-90.072610247293,29.942817595296],[-90.072555348287,29.942891739527],[-90.072495048735,29.942884515102],[-90.072434318033,29.942884414572],[-90.072373994894,29.942891439325],[-90.072314912402,29.942905492346],[-90.072257886507,29.942926379558],[-90.072203704758,29.942953812501],[-90.072153115425,29.942987412316],[-90.072106817163,29.943026714978],[-90.072065449369,29.943071177703],[-90.072029583347,29.943120186444],[-90.071999714419,29.943173064373],[-90.071976255087,29.943229081228],[-90.071967589042,29.943283599454],[-90.071965740798,29.943338771198],[-90.071970738805,29.943393747167],[-90.071982506127,29.943447681084],[-90.072000861622,29.943499742712],[-90.072025522733,29.943549130635],[-90.072056109836,29.943595084595],[-90.072092152086,29.943636897195],[-90.072133094664,29.943673924788],[-90.072178307314,29.943705597387],[-90.072227094053,29.943731427436],[-90.072278703875,29.943751017319],[-90.072332342322,29.943764065475],[-90.072225730658,29.944117689171],[-90.07221274105,29.944160768809],[-90.072161307865,29.944331356493],[-90.072142754779,29.944392896536],[-90.072115482339,29.944484233018],[-90.071683688084,29.945930313629],[-90.071603007582,29.946201791158],[-90.071313215828,29.947169993319],[-90.071271912944,29.94730870189],[-90.071263296186,29.947337638526],[-90.071256241793,29.947361327447],[-90.071239299146,29.947416843276],[-90.071099291111,29.947883486298],[-90.071022633899,29.948141247548],[-90.070965093642,29.94833474867],[-90.070956744554,29.948362822615],[-90.070906222686,29.948532034477],[-90.070782420123,29.948946685592],[-90.070711826249,29.949182908173],[-90.070698280506,29.949228241488],[-90.070649820213,29.949394610252],[-90.070638179416,29.949439145325],[-90.070623623876,29.94949484457],[-90.070573116728,29.949676065996],[-90.07054820311,29.94978340232],[-90.070342328918,29.950478219264],[-90.070290159855,29.950653229914],[-90.070195063835,29.950972226516],[-90.070172090262,29.951056790187],[-90.070133622708,29.951179723045],[-90.070038975879,29.951494911918],[-90.069841368341,29.952158409805],[-90.06980653898,29.952220193777],[-90.069645760499,29.952448562827],[-90.069588419272,29.952532192728],[-90.069452110522,29.952723926089],[-90.069442398469,29.952737583664],[-90.06938819968,29.952813821932],[-90.069230349189,29.953033365935],[-90.06917339384,29.953096624341],[-90.069166527498,29.953103681465],[-90.068800684779,29.952853203681],[-90.068532966552,29.952669906999],[-90.068439359217,29.952605818712],[-90.068307482525,29.952515527128],[-90.068212168359,29.95245027012],[-90.068131926868,29.952396867995],[-90.067821670022,29.952186726403],[-90.067382098486,29.951888989476],[-90.067262381063,29.951807901952],[-90.067187787855,29.951757379365],[-90.067097016291,29.951697174414],[-90.066730134694,29.951443239627],[-90.066453859125,29.951252014961],[-90.06623326928,29.951090884783],[-90.066154844301,29.951036728412],[-90.066188513699,29.950955967552],[-90.066216580481,29.950901121583],[-90.066339100286,29.95064434425],[-90.066519452459,29.9501780739],[-90.066584796304,29.950027110504],[-90.066815449268,29.949295758303],[-90.066921103889,29.948959658296],[-90.066949566888,29.94885808683]]]},"properties":{":id":"row-cey2~xmv9-88m9",":version":"rv-wun2_kas8-aghq",":created_at":"2026-01-29T05:48:19.526Z",":updated_at":"2026-01-29T05:48:19.526Z","objectid":"20","parade":"Morpheus","location":"Uptown","day":"2nd Friday","date":"2026-02-13T19:00:00.000Z","time":"7:00pm","formation":"Jefferson and Magazine","disband":"Poydras and Tchoupitoulas","numfloats":null,"shape_stlength":"24095.273419394849"}},
{"type":"Feature","geometry":{"type":"MultiLineString","coordinates":[[[-90.100983686233,29.917155278351],[-90.101000946269,29.917253917547],[-90.101032753394,29.917567097117],[-90.101063438603,29.917869239103],[-90.101074970071,29.91796488244],[-90.101148458977,29.918681843839],[-90.101158132804,29.918790220064],[-90.101248173461,29.919721079965],[-90.101257191902,29.919796311137],[-90.101264815064,29.919859893184],[-90.101314874115,29.920314819571],[-90.101316877417,29.920336536051],[-90.101322789534,29.920400545961],[-90.101323932578,29.920414759563],[-90.101328062412,29.920466082771],[-90.101360316366,29.920741212068],[-90.101367845655,29.920819795492],[-90.101382363938,29.920971229924],[-90.101422119933,29.921360498303],[-90.101458741502,29.92171909849],[-90.101466750922,29.921806123139],[-90.101472915108,29.921873054101],[-90.101569130281,29.922829187588],[-90.101578112446,29.922902868334],[-90.101584025901,29.922955129393],[-90.101647401256,29.923582904676],[-90.101654497654,29.923661603092],[-90.101660984632,29.923733619306],[-90.101677588329,29.923878794554],[-90.101703147451,29.924140128116],[-90.101724441938,29.924338715918],[-90.101732094246,29.924410060946],[-90.101765489107,29.92473276888],[-90.101794232157,29.925036114715],[-90.101800948844,29.925106989933],[-90.1018613597,29.925655325688],[-90.101869007419,29.925730248891],[-90.101898611354,29.926020283114],[-90.101932560809,29.926352864698],[-90.101936988066,29.926413036077],[-90.101851083807,29.926419920699],[-90.101465838269,29.926449639254],[-90.10123398793,29.926467521726],[-90.101149306099,29.926476899372],[-90.100903997165,29.926494817599],[-90.100800077689,29.926502673172],[-90.100716912037,29.926508959274],[-90.09980080073,29.92658069468],[-90.099699932091,29.926585567256],[-90.098677418136,29.926668051214],[-90.098566702474,29.92667975601],[-90.097535947037,29.926754940432],[-90.097436511254,29.926760846961],[-90.09653150466,29.926827755845],[-90.096408855983,29.926840647649],[-90.096118210944,29.926867222431],[-90.095706406737,29.926902064278],[-90.095572212401,29.926919838713],[-90.095180328288,29.926985733414],[-90.094998675697,29.927016274619],[-90.094835189234,29.927046029341],[-90.094759655107,29.927064032215],[-90.094589906779,29.927104494879],[-90.094531897284,29.927118320218],[-90.094338564117,29.927167506058],[-90.094179027541,29.927211125639],[-90.093960343582,29.927274598016],[-90.09382684872,29.927315300207],[-90.093650161849,29.927364513773],[-90.093043543363,29.927586643802],[-90.092739050112,29.927691174844],[-90.092562463646,29.927751793889],[-90.092504385773,29.927771732102],[-90.092490639637,29.927777728578],[-90.091464028906,29.928146991752],[-90.091463598653,29.92814718979],[-90.091325691058,29.928210036329],[-90.09126903414,29.928235856419],[-90.090616467329,29.928476733711],[-90.090556416695,29.928498898083],[-90.090339936629,29.928573289645],[-90.09025585612,29.928602183914],[-90.090115907081,29.928650104171],[-90.090059553555,29.928669400785],[-90.089660064452,29.928838262609],[-90.089314280462,29.928987067496],[-90.089313835161,29.928987308691],[-90.088910890533,29.929207308233],[-90.088851772604,29.929239586528],[-90.088575002535,29.929400953583],[-90.088536805927,29.929423182176],[-90.088110984187,29.92966547434],[-90.088051759943,29.929699174088],[-90.08760905472,29.929950530115],[-90.08729975055,29.930118689679],[-90.087248903514,29.930146335962],[-90.087117147728,29.930218698076],[-90.086629809298,29.930491999692],[-90.086591415445,29.930513531139],[-90.085941953585,29.930879546869],[-90.085881980831,29.930913345916],[-90.085096222061,29.931357028127],[-90.085046767664,29.931384951133],[-90.084286077651,29.931807822815],[-90.084225011207,29.931841766815],[-90.083934308237,29.932006807427],[-90.083482153503,29.932260925424],[-90.083427971002,29.93229137787],[-90.082673541491,29.932708695139],[-90.082615621971,29.932740733034],[-90.082588035273,29.932756830888],[-90.082213016115,29.932972038439],[-90.082074672805,29.933051612086],[-90.081643029753,29.933330032799],[-90.081550236881,29.933390256996],[-90.081376255734,29.933503180063],[-90.081334415199,29.933530335972],[-90.080940666204,29.93379316],[-90.08093725134,29.933795439905],[-90.080860729908,29.933846514729],[-90.080616265556,29.934008126734],[-90.080572999724,29.934036729541],[-90.080529752681,29.934065318979],[-90.080476209579,29.934100715115],[-90.079921660368,29.934459876736],[-90.079583348426,29.934678985877],[-90.079529955813,29.93471356384],[-90.078743931347,29.935222252158],[-90.078701793425,29.935259764704],[-90.078663294835,29.935294039559],[-90.078118703575,29.935733029479],[-90.078080511902,29.935763709001],[-90.077707904445,29.936063013737],[-90.077606446851,29.936141738411],[-90.077525722991,29.93620437207],[-90.077480711039,29.936256257282],[-90.07729938252,29.936491196388],[-90.077002771062,29.936886677862],[-90.076966491088,29.936935936889],[-90.076517845441,29.937545036988],[-90.076454228847,29.937630616522],[-90.076404690376,29.937697261004],[-90.076376333998,29.937735129134],[-90.07597676507,29.93827465709],[-90.075939928225,29.938324293057],[-90.075575928693,29.938814786136],[-90.075462554927,29.938968516682],[-90.075429162691,29.939013578657],[-90.07540305883,29.939048806538],[-90.075382184215,29.93907697304],[-90.075114698276,29.939437928857],[-90.074909858152,29.939713708405],[-90.074876934652,29.939757705582],[-90.074774164156,29.939895043303],[-90.074452563761,29.94032974441],[-90.074364697089,29.940448694432],[-90.074327605788,29.940498911256],[-90.074219424628,29.940646305346],[-90.074168764362,29.94071532916],[-90.074003193752,29.940940616337],[-90.073893443213,29.941103031693],[-90.073785751796,29.941252723582],[-90.073753268941,29.941296365609],[-90.073648881703,29.941436625536],[-90.073508365702,29.941626591507],[-90.073381307513,29.941794298289],[-90.073373367794,29.941804651123],[-90.073366733196,29.941813295001],[-90.073245457676,29.941971367088],[-90.073214192901,29.942012116372],[-90.073185187365,29.942049924367],[-90.073148996261,29.94209709724],[-90.073076412872,29.942191697263],[-90.073023127697,29.942261153826],[-90.073018978776,29.942266560841],[-90.072942056458,29.942369452216],[-90.072610247293,29.942817595296],[-90.072555348287,29.942891739527],[-90.072495048735,29.942884515102],[-90.072434318033,29.942884414572],[-90.072373994894,29.942891439325],[-90.072314912402,29.942905492346],[-90.072257886507,29.942926379558],[-90.072203704758,29.942953812501],[-90.072153115425,29.942987412316],[-90.072106817163,29.943026714978],[-90.072065449369,29.943071177702],[-90.072029583347,29.943120186444],[-90.071999714419,29.943173064373],[-90.071976255087,29.943229081228],[-90.071967589042,29.943283599454],[-90.071965740798,29.943338771197],[-90.071970738805,29.943393747167],[-90.071982506127,29.943447681084],[-90.072000861622,29.943499742712],[-90.072025522733,29.943549130635],[-90.072056109836,29.943595084595],[-90.072092152086,29.943636897195],[-90.072133094664,29.943673924788],[-90.072178307314,29.943705597387],[-90.072227094053,29.943731427436],[-90.072278703875,29.943751017319],[-90.072332342322,29.943764065475],[-90.072225730658,29.944117689171],[-90.07221274105,29.944160768809],[-90.072161307865,29.944331356493],[-90.072142754779,29.944392896536],[-90.072115482339,29.944484233018],[-90.071683688084,29.945930313629],[-90.071603007582,29.946201791158],[-90.071313215828,29.947169993319],[-90.071271912944,29.94730870189],[-90.071263296186,29.947337638526],[-90.071256241793,29.947361327447],[-90.071239299146,29.947416843276],[-90.071099291111,29.947883486298],[-90.071022633899,29.948141247548],[-90.070965093642,29.94833474867],[-90.070956744554,29.948362822615],[-90.070906222686,29.948532034477],[-90.070782420123,29.948946685592],[-90.070711826249,29.949182908173],[-90.070698280506,29.949228241488],[-90.070649820213,29.949394610252],[-90.070638179416,29.949439145325],[-90.070623623876,29.94949484457],[-90.070573116728,29.949676065996],[-90.07054820311,29.94978340232],[-90.070342328918,29.950478219264],[-90.070290159855,29.950653229914],[-90.070195063835,29.950972226516],[-90.070172090262,29.951056790187],[-90.070133622708,29.951179723045],[-90.070038975879,29.951494911918],[-90.069841368341,29.952158409805],[-90.06980653898,29.952220193777],[-90.069645760499,29.952448562827],[-90.069588419272,29.952532192728],[-90.069452110522,29.952723926089],[-90.069442398469,29.952737583664],[-90.06938819968,29.952813821932],[-90.069230349189,29.953033365935],[-90.06917339384,29.953096624341],[-90.069166527498,29.953103681465],[-90.068800684779,29.952853203681],[-90.068532966552,29.952669906999],[-90.068439359217,29.952605818712],[-90.068307482525,29.952515527128],[-90.068212168359,29.95245027012],[-90.068131926868,29.952396867995],[-90.067821670022,29.952186726403],[-90.067382098486,29.951888989476],[-90.067262381063,29.951807901952],[-90.067187787855,29.951757379365],[-90.067097016291,29.951697174414],[-90.066730134694,29.951443239627],[-90.066453859125,29.951252014961],[-90.06623326928,29.951090884783],[-90.066154844301,29.951036728412],[-90.066188513699,29.950955967552],[-90.066216580481,29.950901121583],[-90.066339100286,29.95064434425],[-90.066519452459,29.9501780739],[-90.066584796304,29.950027110504],[-90.066815449268,29.949295758303],[-90.066921103889,29.948959658296],[-90.066949566888,29.94885808683]]]},"properties":{":id":"row-grss_yvxn_hhht",":version":"rv-jvqf_m5n5_yqx6",":created_at":"2026-01-29T05:48:19.526Z",":updated_at":"2026-01-29T05:48:19.526Z","objectid":"5","parade":"Pontchartrain","location":"Uptown","day":"1st Saturday","date":"2026-02-07T11:30:00.000Z","time":"11:30am","formation":"Napolean and Tchoupitoulas","disband":"Poydras and Tchoupitoulas","numfloats":null,"shape_stlength":"21095.696478589867"}},
{"type":"Feature","geometry":{"type":"MultiLineString","coordinates":[[[-90.101367845655,29.920819795492],[-90.101800948844,29.925106989933],[-90.1018613597,29.925655325688],[-90.101869007419,29.925730248891],[-90.101898611354,29.926020283114],[-90.101932560809,29.926352864698],[-90.101936988066,29.926413036077],[-90.101851083807,29.926419920699],[-90.101465838269,29.926449639254],[-90.10123398793,29.926467521726],[-90.101149306099,29.926476899372],[-90.100903997165,29.926494817599],[-90.100800077689,29.926502673172],[-90.100716912037,29.926508959274],[-90.09980080073,29.92658069468],[-90.099699932091,29.926585567256],[-90.098677418136,29.926668051214],[-90.098566702474,29.92667975601],[-90.097535947037,29.926754940432],[-90.097436511254,29.926760846961],[-90.09653150466,29.926827755845],[-90.096408855983,29.926840647649],[-90.096118210944,29.926867222431],[-90.095706406737,29.926902064278],[-90.095572212401,29.926919838713],[-90.095180328288,29.926985733414],[-90.094998675697,29.927016274619],[-90.094835189234,29.927046029341],[-90.094759655107,29.927064032215],[-90.094589906779,29.927104494879],[-90.094531897284,29.927118320218],[-90.094338564117,29.927167506058],[-90.094179027541,29.927211125639],[-90.093960343582,29.927274598016],[-90.09382684872,29.927315300207],[-90.093650161849,29.927364513773],[-90.093043543363,29.927586643802],[-90.092739050112,29.927691174844],[-90.092562463646,29.927751793889],[-90.092504385773,29.927771732102],[-90.092490639637,29.927777728578],[-90.091464028906,29.928146991752],[-90.091463598653,29.92814718979],[-90.091325691058,29.928210036329],[-90.09126903414,29.928235856419],[-90.090616467329,29.928476733711],[-90.090556416695,29.928498898083],[-90.090339936629,29.928573289645],[-90.09025585612,29.928602183914],[-90.090115907081,29.928650104171],[-90.090059553555,29.928669400785],[-90.089660064452,29.928838262609],[-90.089314280462,29.928987067496],[-90.089313835161,29.928987308691],[-90.088910890533,29.929207308233],[-90.088851772604,29.929239586528],[-90.088575002535,29.929400953583],[-90.088536805927,29.929423182176],[-90.088110984187,29.92966547434],[-90.088051759943,29.929699174088],[-90.08760905472,29.929950530115],[-90.08729975055,29.930118689679],[-90.087248903514,29.930146335962],[-90.087117147728,29.930218698076],[-90.086629809298,29.930491999692],[-90.086591415445,29.930513531139],[-90.085941953585,29.930879546869],[-90.085881980831,29.930913345916],[-90.085096222061,29.931357028127],[-90.085046767664,29.931384951133],[-90.084286077651,29.931807822815],[-90.084225011207,29.931841766815],[-90.083934308237,29.932006807427],[-90.083482153503,29.932260925424],[-90.083427971002,29.93229137787],[-90.082673541491,29.932708695139],[-90.082615621971,29.932740733034],[-90.082588035273,29.932756830888],[-90.082213016115,29.932972038439],[-90.082074672805,29.933051612086],[-90.081643029753,29.933330032799],[-90.081550236881,29.933390256996],[-90.081376255734,29.933503180063],[-90.081334415199,29.933530335972],[-90.080940666204,29.93379316],[-90.08093725134,29.933795439905],[-90.080860729908,29.933846514729],[-90.080616265556,29.934008126734],[-90.080572999724,29.934036729541],[-90.080529752681,29.934065318979],[-90.080476209579,29.934100715115],[-90.079921660368,29.934459876736],[-90.079583348426,29.934678985877],[-90.079529955813,29.93471356384],[-90.078743931347,29.935222252158],[-90.078701793425,29.935259764704],[-90.078663294835,29.935294039559],[-90.078118703575,29.935733029479],[-90.078080511902,29.935763709001],[-90.077707904445,29.936063013737],[-90.077606446851,29.936141738411],[-90.077525722991,29.93620437207],[-90.077480711039,29.936256257282],[-90.07729938252,29.936491196388],[-90.077002771062,29.936886677862],[-90.076966491088,29.936935936889],[-90.076517845441,29.937545036988],[-90.076454228847,29.937630616522],[-90.076404690376,29.937697261004],[-90.076376333998,29.937735129134],[-90.07597676507,29.93827465709],[-90.075939928225,29.938324293057],[-90.075575928693,29.938814786136],[-90.075462554927,29.938968516682],[-90.075429162691,29.939013578657],[-90.07540305883,29.939048806538],[-90.075382184215,29.93907697304],[-90.075114698276,29.939437928857],[-90.074909858152,29.939713708405],[-90.074876934652,29.939757705582],[-90.074774164156,29.939895043303],[-90.074452563761,29.94032974441],[-90.074364697089,29.940448694432],[-90.074327605788,29.940498911256],[-90.074219424628,29.940646305346],[-90.074168764362,29.94071532916],[-90.074003193752,29.940940616337],[-90.073893443213,29.941103031693],[-90.073785751796,29.941252723582],[-90.073753268941,29.941296365609],[-90.073648881703,29.941436625536],[-90.073508365702,29.941626591507],[-90.073381307513,29.941794298289],[-90.073373367794,29.941804651123],[-90.073366733196,29.941813295001],[-90.073245457676,29.941971367088],[-90.073214192901,29.942012116372],[-90.073185187365,29.942049924367],[-90.073148996261,29.94209709724],[-90.073076412872,29.942191697263],[-90.073023127697,29.942261153826],[-90.073018978776,29.942266560841],[-90.072942056458,29.942369452216],[-90.072610247293,29.942817595296],[-90.072555348287,29.942891739527],[-90.072495048735,29.942884515102],[-90.072434318033,29.942884414572],[-90.072373994894,29.942891439325],[-90.072314912402,29.942905492346],[-90.072257886507,29.942926379558],[-90.072203704758,29.942953812501],[-90.072153115425,29.942987412316],[-90.072106817163,29.943026714978],[-90.072065449369,29.943071177703],[-90.072029583347,29.943120186444],[-90.071999714419,29.943173064373],[-90.071976255087,29.943229081228],[-90.071967589042,29.943283599454],[-90.071965740798,29.943338771198],[-90.071970738805,29.943393747167],[-90.071982506127,29.943447681084],[-90.072000861622,29.943499742712],[-90.072025522733,29.943549130635],[-90.072056109836,29.943595084595],[-90.072092152086,29.943636897195],[-90.072133094664,29.943673924788],[-90.072178307314,29.943705597387],[-90.072227094053,29.943731427436],[-90.072278703875,29.943751017319],[-90.072332342322,29.943764065475],[-90.072225730658,29.944117689171],[-90.07221274105,29.944160768809],[-90.072161307865,29.944331356493],[-90.072142754779,29.944392896536],[-90.072115482339,29.944484233018],[-90.071683688084,29.945930313629],[-90.071603007582,29.946201791158],[-90.071313215828,29.947169993319],[-90.071271912944,29.94730870189],[-90.071263296186,29.947337638526],[-90.071256241793,29.947361327447],[-90.071239299146,29.947416843276],[-90.071099291111,29.947883486298],[-90.071022633899,29.948141247548],[-90.070965093642,29.94833474867],[-90.070956744554,29.948362822615],[-90.070906222686,29.948532034477],[-90.070782420123,29.948946685592],[-90.070711826249,29.949182908173],[-90.070698280506,29.949228241488],[-90.070649820213,29.949394610252],[-90.070638179416,29.949439145325],[-90.070623623876,29.94949484457],[-90.070573116728,29.949676065996],[-90.07054820311,29.94978340232],[-90.070342328918,29.950478219264],[-90.070290159855,29.950653229914],[-90.070195063835,29.950972226516],[-90.070172090262,29.951056790187],[-90.070133622708,29.951179723045],[-90.070038975879,29.951494911918],[-90.069841368341,29.952158409805],[-90.06980653898,29.952220193777],[-90.069645760499,29.952448562827],[-90.069588419272,29.952532192728],[-90.069452110522,29.952723926089],[-90.069442398469,29.952737583664],[-90.06938819968,29.952813821932],[-90.069230349189,29.953033365935],[-90.06917339384,29.953096624341],[-90.069166527498,29.953103681465],[-90.068800684779,29.952853203681],[-90.068532966552,29.952669906999],[-90.068439359217,29.952605818712],[-90.068307482525,29.952515527128],[-90.068212168359,29.95245027012],[-90.068131926868,29.952396867995],[-90.067821670022,29.952186726403],[-90.067382098486,29.951888989476],[-90.067262381063,29.951807901952],[-90.067187787855,29.951757379365],[-90.067097016291,29.951697174414],[-90.066730134694,29.951443239627],[-90.066453859125,29.951252014961],[-90.06623326928,29.951090884783],[-90.066154844301,29.951036728412],[-90.066188513699,29.950955967552],[-90.066216580481,29.950901121583],[-90.066339100286,29.95064434425],[-90.066519452459,29.9501780739],[-90.066584796304,29.950027110504],[-90.066815449268,29.949295758303],[-90.066921103889,29.948959658296],[-90.066949566888,29.94885808683]]]},"properties":{":id":"row-8yib_82q3_mdhh",":version":"rv-drir-59qu.86bd",":created_at":"2026-01-29T05:48:19.526Z",":updated_at":"2026-01-29T05:48:19.526Z","objectid":"10","parade":"Femme Fatale","location":"Uptown","day":"2nd Tuesday","date":"2026-02-08T11:00:00.000Z","time":"11:00am","formation":"Napoleon and Magazine","disband":"Poydras and Tchoupitoulas","numfloats":null,"shape_stlength":"19757.403328943405"}},
{"type":"Feature","geometry":{"type":"MultiLineString","coordinates":[[[-90.089402517256,29.929144503663],[-90.089455577375,29.92912204094],[-90.090154316517,29.928826200701],[-90.090206493701,29.928804492619],[-90.090206600906,29.928804451228],[-90.090236944853,29.92869161915],[-90.09025585612,29.928602183914],[-90.090339936629,29.928573289645],[-90.090556416695,29.928498898083],[-90.090616467329,29.928476733711],[-90.09126903414,29.928235856419],[-90.091325691058,29.928210036329],[-90.091463598653,29.92814718979],[-90.091464028906,29.928146991752],[-90.092490639637,29.927777728578],[-90.092504385773,29.927771732102],[-90.092562463646,29.927751793889],[-90.092739050112,29.927691174844],[-90.093043543363,29.927586643802],[-90.093650161849,29.927364513773],[-90.09382684872,29.927315300207],[-90.093960343582,29.927274598016],[-90.094179027541,29.927211125639],[-90.094338564117,29.927167506058],[-90.094531897284,29.927118320218],[-90.094589906779,29.927104494879],[-90.094759655107,29.927064032215],[-90.094835189234,29.927046029341],[-90.094998675697,29.927016274619],[-90.095180328288,29.926985733414],[-90.095572212401,29.926919838713],[-90.095706406737,29.926902064278],[-90.096118210944,29.926867222431],[-90.096408855983,29.926840647649],[-90.09653150466,29.926827755845],[-90.097436511254,29.926760846961],[-90.097535947037,29.926754940432],[-90.098566702474,29.92667975601],[-90.098677418136,29.926668051214],[-90.099699932091,29.926585567256],[-90.09980080073,29.92658069468],[-90.100716912037,29.926508959274],[-90.100800077689,29.926502673172],[-90.100903997165,29.926494817599],[-90.101149306099,29.926476899372],[-90.10123398793,29.926467521726],[-90.101465838269,29.926449639254],[-90.101851083807,29.926419920699],[-90.101936988066,29.926413036077],[-90.102057335296,29.926403390874],[-90.102180503687,29.926393518438],[-90.102186477786,29.926451401796],[-90.102189421701,29.926480271795],[-90.102192553337,29.926510969661],[-90.102197666574,29.926571215116],[-90.102202566588,29.926628929627],[-90.102256758734,29.927148949063],[-90.102291671839,29.92748398094],[-90.1035745295,29.940075316717]],[[-90.089402770604,29.929144953565],[-90.089355567838,29.929170588859],[-90.089021897649,29.929355332362],[-90.088970247167,29.929383934384],[-90.088928617548,29.929405446726],[-90.088653988612,29.929556730134],[-90.088572486877,29.929602910092],[-90.088216568502,29.929807320775],[-90.088163083612,29.929838040698],[-90.087496745722,29.93020581342],[-90.087406450945,29.93025554808],[-90.087348780181,29.930287313412],[-90.087322764438,29.930301651542],[-90.087124810631,29.930412332283],[-90.086734050051,29.930634087206],[-90.086697566255,29.930654788687],[-90.086668712703,29.930671320184],[-90.086106982843,29.930987663994],[-90.086047376178,29.931021178776],[-90.085200939664,29.931500062401],[-90.085147894727,29.931530077032],[-90.084896175229,29.931673086362],[-90.084395033861,29.931952465145],[-90.084339931733,29.931983185316],[-90.083587490676,29.932403097115],[-90.083532005856,29.93243406233],[-90.082859654665,29.932807675972],[-90.082777165513,29.932853446003],[-90.082720932399,29.932884650977],[-90.08268884763,29.932903669916],[-90.082505900162,29.933012377915],[-90.082237688326,29.933171752434],[-90.082175254586,29.933208627366],[-90.08215824507,29.933218677932],[-90.082058920227,29.933278838558],[-90.081710820416,29.933506491655],[-90.081710492568,29.933506697853],[-90.081673758567,29.933530249325],[-90.081499003109,29.933642297241],[-90.081386610897,29.933714357935],[-90.081047606848,29.93393501335],[-90.081043767626,29.933937512972],[-90.080749995158,29.934128728967],[-90.080729582763,29.934142225046],[-90.080651933754,29.934193066163],[-90.080588693989,29.934126944966],[-90.080529752681,29.934065318979],[-90.080476209579,29.934100715115],[-90.079921660368,29.934459876736],[-90.079583348426,29.934678985877],[-90.079529955813,29.93471356384],[-90.078743931347,29.935222252158],[-90.078701793425,29.935259764704],[-90.078663294835,29.935294039559],[-90.078118703575,29.935733029479],[-90.078080511902,29.935763709001],[-90.077707904445,29.936063013737],[-90.077606446851,29.936141738411],[-90.077525722991,29.93620437207],[-90.077480711039,29.936256257282],[-90.07729938252,29.936491196388],[-90.077002771062,29.936886677862],[-90.076966491088,29.936935936889],[-90.076517845441,29.937545036988],[-90.076454228847,29.937630616522],[-90.076404690376,29.937697261004],[-90.076376333998,29.937735129134],[-90.07597676507,29.93827465709],[-90.075939928225,29.938324293057],[-90.075575928693,29.938814786136],[-90.075462554927,29.938968516682],[-90.075429162691,29.939013578657],[-90.07540305883,29.939048806538],[-90.075382184215,29.93907697304],[-90.075114698276,29.939437928857],[-90.074909858152,29.939713708405],[-90.074876934652,29.939757705582],[-90.074774164156,29.939895043303],[-90.074452563761,29.94032974441],[-90.074364697089,29.940448694432],[-90.074327605788,29.940498911256],[-90.074219424628,29.940646305346],[-90.074168764362,29.94071532916],[-90.074003193752,29.940940616337],[-90.073893443213,29.941103031693],[-90.073785751796,29.941252723582],[-90.073753268941,29.941296365609],[-90.073648881703,29.941436625536],[-90.073508365702,29.941626591507],[-90.073381307513,29.941794298289],[-90.073373367794,29.941804651123],[-90.073366733196,29.941813295001],[-90.073245457676,29.941971367088],[-90.073214192901,29.942012116372],[-90.073185187365,29.942049924367],[-90.073148996261,29.94209709724],[-90.073076412872,29.942191697263],[-90.073023127697,29.942261153826],[-90.073018978776,29.942266560841],[-90.072942056458,29.942369452216],[-90.072610247293,29.942817595296],[-90.072555348287,29.942891739527],[-90.072495048735,29.942884515102],[-90.072434318033,29.942884414572],[-90.072373994894,29.942891439325],[-90.072314912402,29.942905492346],[-90.072257886507,29.942926379558],[-90.072203704758,29.942953812501],[-90.072153115425,29.942987412316],[-90.072106817163,29.943026714978],[-90.072065449369,29.943071177703],[-90.072029583347,29.943120186444],[-90.071999714419,29.943173064373],[-90.071976255087,29.943229081228],[-90.071967589042,29.943283599454],[-90.071965740798,29.943338771197],[-90.071970738805,29.943393747167],[-90.071982506127,29.943447681084],[-90.072000861622,29.943499742712],[-90.072025522733,29.943549130635],[-90.072056109836,29.943595084595],[-90.072092152086,29.943636897195],[-90.072133094664,29.943673924788],[-90.072178307314,29.943705597387],[-90.072227094053,29.943731427436],[-90.072278703875,29.943751017319],[-90.072332342322,29.943764065475],[-90.072225730658,29.944117689171],[-90.07221274105,29.944160768809],[-90.072161307865,29.944331356493],[-90.072142754779,29.944392896536],[-90.072115482339,29.944484233018],[-90.071683688084,29.945930313629],[-90.071603007582,29.946201791158],[-90.071313215828,29.947169993319],[-90.071271912944,29.94730870189],[-90.071263296186,29.947337638526],[-90.071256241793,29.947361327447],[-90.071239299146,29.947416843276],[-90.071099291111,29.947883486298],[-90.071022633899,29.948141247548],[-90.070965093642,29.94833474867],[-90.070956744554,29.948362822615],[-90.070906222686,29.948532034477],[-90.070782420123,29.948946685592],[-90.070711826249,29.949182908173],[-90.070698280506,29.949228241488],[-90.070649820213,29.949394610252],[-90.070638179416,29.949439145325],[-90.070623623876,29.94949484457],[-90.070573116728,29.949676065996],[-90.07054820311,29.94978340232],[-90.070342328918,29.950478219264],[-90.070290159855,29.950653229914],[-90.070195063835,29.950972226516],[-90.070172090262,29.951056790187],[-90.070133622708,29.951179723045],[-90.070038975879,29.951494911918],[-90.069841368341,29.952158409805],[-90.06980653898,29.952220193777],[-90.069645760499,29.952448562827],[-90.069588419272,29.952532192728],[-90.069452110522,29.952723926089],[-90.069442398469,29.952737583664],[-90.06938819968,29.952813821932],[-90.069230349189,29.953033365935],[-90.06917339384,29.953096624341],[-90.069166527498,29.953103681465],[-90.068800684779,29.952853203681],[-90.068532966552,29.952669906999],[-90.068439359217,29.952605818712],[-90.068307482525,29.952515527128],[-90.068212168359,29.95245027012],[-90.068131926868,29.952396867995],[-90.067821670022,29.952186726403],[-90.067382098486,29.951888989476],[-90.067262381063,29.951807901952],[-90.067187787855,29.951757379365],[-90.067097016291,29.951697174414],[-90.066730134694,29.951443239627],[-90.066453859125,29.951252014961],[-90.06623326928,29.951090884783],[-90.066154844301,29.951036728412]]]},"properties":{":id":"row-75h8.9ft8-5dcm",":version":"rv-myie.8hc9~fdyg",":created_at":"2026-01-29T05:48:19.526Z",":updated_at":"2026-01-29T05:48:19.526Z","objectid":"31","parade":"Rex","location":"Uptown","day":"Fat Tuesday","date":"2026-02-17T10:30:00.000Z","time":"10:30am","formation":"Napoleon and S Claiborne","disband":"Canal and Tchoupitoulas","numfloats":null,"shape_stlength":"22029.543246060581"}},
{"type":"Feature","geometry":{"type":"MultiLineString","coordinates":[[[-90.050146017422,29.968923640512],[-90.05023342716,29.968938698347],[-90.050388471189,29.968939562101],[-90.050626727847,29.96892658277],[-90.050680344153,29.968923165317],[-90.051008194775,29.968902280707],[-90.05111765072,29.968898780112],[-90.051418749831,29.968880869226],[-90.052140159662,29.968834206376],[-90.052332164583,29.968821785076],[-90.052591638157,29.968807710407],[-90.053271554534,29.968765201017],[-90.053718073411,29.968741335272],[-90.054398462355,29.968700037257],[-90.055280510439,29.968646158501],[-90.05553503449,29.968628568123],[-90.055632534841,29.968624102306],[-90.055809025725,29.968613114141],[-90.056168057348,29.968586245291],[-90.05633759225,29.968576118206],[-90.056714943445,29.968553596626],[-90.056851546423,29.968545441978],[-90.056980595665,29.968537740829],[-90.056974840884,29.9684599491],[-90.056954671239,29.968248829844],[-90.056936147422,29.96801242357],[-90.05691248118,29.967721974502],[-90.056904404794,29.967611992221],[-90.05689900954,29.967543850582],[-90.056893464327,29.967473904836],[-90.056843714255,29.966861479184],[-90.056826145385,29.966628225467],[-90.056823560149,29.966560835559],[-90.056820652229,29.966485056315],[-90.056782025634,29.965953701657],[-90.056759356982,29.965641886564],[-90.056754663949,29.965574514994],[-90.056749595279,29.965501759795],[-90.056707527632,29.964976688151],[-90.056675749319,29.964589557758],[-90.056625174779,29.963978051239],[-90.056601947358,29.963674508544],[-90.056596424723,29.963604693786],[-90.056590673396,29.963531940957],[-90.056573903243,29.963333367462],[-90.056516981436,29.962618781878],[-90.057185769503,29.962577673054],[-90.057476598441,29.962558226078],[-90.057677618235,29.962544784678],[-90.057677187306,29.962539021579],[-90.05767081134,29.962453799359],[-90.057708489048,29.962412585414],[-90.057923871642,29.962176984679],[-90.057967132352,29.962129663454],[-90.058023379546,29.962068134373],[-90.058076031671,29.962010539329],[-90.058110809727,29.961972497373],[-90.058511457331,29.961528861482],[-90.05857351409,29.961457966478],[-90.058713877523,29.961303107117],[-90.059211681016,29.960753884048],[-90.059271759247,29.960685792632],[-90.059587093822,29.96033605782],[-90.059972728856,29.959908349897],[-90.060007707791,29.959869554221],[-90.060228119265,29.95962891344],[-90.06067529736,29.95913620958],[-90.060703362406,29.9591013338],[-90.060734772956,29.959066388416],[-90.060968587182,29.958806262477],[-90.061011564724,29.958760198834],[-90.060979411205,29.958692706216],[-90.061050216739,29.95865235297],[-90.061058085308,29.958647867381],[-90.061086777708,29.958618619369],[-90.06134943315,29.958331952863],[-90.061533302598,29.958128348626],[-90.061680149666,29.95796555504],[-90.062046882073,29.957556074684],[-90.062457328273,29.957093791252],[-90.062799147321,29.956708798275],[-90.063017135778,29.956473470646],[-90.063188839587,29.956299583358],[-90.063309971526,29.956163723887],[-90.063526687986,29.955924435893],[-90.063980464674,29.95540977468],[-90.064228727036,29.955146198705],[-90.064314019065,29.955048934628],[-90.064688549738,29.954192035751]]]},"properties":{":id":"row-gmwf~vege-adu8",":version":"rv-sxi9~zcxa~uix8",":created_at":"2026-01-29T05:48:19.526Z",":updated_at":"2026-01-29T05:48:19.526Z","objectid":"37","parade":"Chewbacchus","location":"Downtown","day":"Walking Parade","date":"2026-01-23T19:00:00.000Z","time":"7:00pm","formation":"Franklin Avenue at St. Claude","disband":"N. Peters and Conti","numfloats":null,"shape_stlength":"8494.8150721012116"}},
{"type":"Feature","geometry":{"type":"MultiLineString","coordinates":[[[-90.101607824921,29.920801981795],[-90.101768657608,29.920785599225],[-90.102196148933,29.920752304661],[-90.102252842344,29.920747888347],[-90.102748565723,29.920708668647],[-90.103854268555,29.920622595055],[-90.104823587703,29.920548223378],[-90.104986399654,29.920534959938],[-90.106040201606,29.920452813274],[-90.106122332865,29.920445472127],[-90.106210341127,29.920437601111],[-90.106301937767,29.92043102663],[-90.106363850165,29.920426582346],[-90.106464852261,29.920419330394],[-90.106696246215,29.920402717542],[-90.106772567914,29.920397152436],[-90.10681571558,29.920394007205],[-90.107231472322,29.920363695067],[-90.107738825724,29.920322128983],[-90.10777325265,29.920319309991],[-90.107917243055,29.920308539066],[-90.108004957016,29.920291714901],[-90.108555976827,29.920312194514],[-90.108745690161,29.920319245185],[-90.108797394865,29.920321167392],[-90.109109443186,29.920332761351],[-90.109201717661,29.9203349906],[-90.109381192785,29.92034137667],[-90.109501564096,29.920345661676],[-90.109596405567,29.920349036904],[-90.109783705323,29.920355702732],[-90.110061677596,29.920365591632],[-90.111008185532,29.920401252542],[-90.111095589433,29.920402522146],[-90.112035421824,29.92043961223],[-90.112118499821,29.92044195885],[-90.11220151152,29.920444306606],[-90.112667229225,29.920470891736],[-90.112757115052,29.920495263174],[-90.112848136498,29.920519939213],[-90.113253346853,29.920585977368],[-90.11375795505,29.92067019912],[-90.113772776599,29.920672635417],[-90.114981889155,29.920867322675]],[[-90.101367845655,29.920819795492],[-90.101382363938,29.920971229924],[-90.101422119933,29.921360498303],[-90.101458741502,29.92171909849],[-90.101466750922,29.921806123139],[-90.101472915108,29.921873054101],[-90.101569130281,29.922829187588],[-90.101578112446,29.922902868334],[-90.101584025901,29.922955129393],[-90.101647401256,29.923582904676],[-90.101654497654,29.923661603092],[-90.101660984632,29.923733619306],[-90.101677588329,29.923878794554],[-90.101703147451,29.924140128116],[-90.101724441938,29.924338715918],[-90.101732094246,29.924410060946],[-90.101765489107,29.92473276888],[-90.101794232157,29.925036114715],[-90.101800948844,29.925106989933],[-90.1018613597,29.925655325688],[-90.101869007419,29.925730248891],[-90.101898611354,29.926020283114],[-90.101932560809,29.926352864698],[-90.101936988066,29.926413036077],[-90.101851083807,29.926419920699],[-90.101465838269,29.926449639254],[-90.10123398793,29.926467521726],[-90.101149306099,29.926476899372],[-90.100903997165,29.926494817599],[-90.100800077689,29.926502673172],[-90.100716912037,29.926508959274],[-90.09980080073,29.92658069468],[-90.099699932091,29.926585567256],[-90.098677418136,29.926668051214],[-90.098566702474,29.92667975601],[-90.097535947037,29.926754940432],[-90.097436511254,29.926760846961],[-90.09653150466,29.926827755845],[-90.096408855983,29.926840647649],[-90.096118210944,29.926867222431],[-90.095706406737,29.926902064278],[-90.095572212401,29.926919838713],[-90.095180328288,29.926985733414],[-90.094998675697,29.927016274619],[-90.094835189234,29.927046029341],[-90.094759655107,29.927064032215],[-90.094589906779,29.927104494879],[-90.094531897284,29.927118320218],[-90.094338564117,29.927167506058],[-90.094179027541,29.927211125639],[-90.093960343582,29.927274598016],[-90.09382684872,29.927315300207],[-90.093650161849,29.927364513773],[-90.093043543363,29.927586643802],[-90.092739050112,29.927691174844],[-90.092562463646,29.927751793889],[-90.092504385773,29.927771732102],[-90.092490639637,29.927777728578],[-90.091464028906,29.928146991752],[-90.091463598653,29.92814718979],[-90.091325691058,29.928210036329],[-90.09126903414,29.928235856419],[-90.090616467329,29.928476733711],[-90.090556416695,29.928498898083],[-90.090339936629,29.928573289645],[-90.09025585612,29.928602183914],[-90.090115907081,29.928650104171],[-90.090059553555,29.928669400785],[-90.089660064452,29.928838262609],[-90.089314280462,29.928987067496],[-90.089313835161,29.928987308691],[-90.088910890533,29.929207308233],[-90.088851772604,29.929239586528],[-90.088575002535,29.929400953583],[-90.088536805927,29.929423182176],[-90.088110984187,29.92966547434],[-90.088051759943,29.929699174088],[-90.08760905472,29.929950530115],[-90.08729975055,29.930118689679],[-90.087248903514,29.930146335962],[-90.087117147728,29.930218698076],[-90.086629809298,29.930491999692],[-90.086591415445,29.930513531139],[-90.085941953585,29.930879546869],[-90.085881980831,29.930913345916],[-90.085096222061,29.931357028127],[-90.085046767664,29.931384951133],[-90.084286077651,29.931807822815],[-90.084225011207,29.931841766815],[-90.083934308237,29.932006807427],[-90.083482153503,29.932260925424],[-90.083427971002,29.93229137787],[-90.082673541491,29.932708695139],[-90.082615621971,29.932740733034],[-90.082588035273,29.932756830888],[-90.082213016115,29.932972038439],[-90.082074672805,29.933051612086],[-90.081643029753,29.933330032799],[-90.081550236881,29.933390256996],[-90.081376255734,29.933503180063],[-90.081334415199,29.933530335972],[-90.080940666204,29.93379316],[-90.08093725134,29.933795439905],[-90.080860729908,29.933846514729],[-90.080616265556,29.934008126734],[-90.080572999724,29.934036729541],[-90.080529752681,29.934065318979],[-90.080476209579,29.934100715115],[-90.079921660368,29.934459876736],[-90.079583348426,29.934678985877],[-90.079529955813,29.93471356384],[-90.078743931347,29.935222252158],[-90.078701793425,29.935259764704],[-90.078663294835,29.935294039559],[-90.078118703575,29.935733029479],[-90.078080511902,29.935763709001],[-90.077707904445,29.936063013737],[-90.077606446851,29.936141738411],[-90.077525722991,29.93620437207],[-90.077480711039,29.936256257282],[-90.07729938252,29.936491196388],[-90.077002771062,29.936886677862],[-90.076966491088,29.936935936889],[-90.076517845441,29.937545036988],[-90.076454228847,29.937630616522],[-90.076404690376,29.937697261004],[-90.076376333998,29.937735129134],[-90.07597676507,29.93827465709],[-90.075939928225,29.938324293057],[-90.075575928693,29.938814786136],[-90.075462554927,29.938968516682],[-90.075429162691,29.939013578657],[-90.07540305883,29.939048806538],[-90.075382184215,29.93907697304],[-90.075114698276,29.939437928857],[-90.074909858152,29.939713708405],[-90.074876934652,29.939757705582],[-90.074774164156,29.939895043303],[-90.074452563761,29.94032974441],[-90.074364697089,29.940448694432],[-90.074327605788,29.940498911256],[-90.074219424628,29.940646305346],[-90.074168764362,29.94071532916],[-90.074003193752,29.940940616337],[-90.073893443213,29.941103031693],[-90.073785751796,29.941252723582],[-90.073753268941,29.941296365609],[-90.073648881703,29.941436625536],[-90.073508365702,29.941626591507],[-90.073381307513,29.941794298289],[-90.073373367794,29.941804651123],[-90.073366733196,29.941813295001],[-90.073245457676,29.941971367088],[-90.073214192901,29.942012116372],[-90.073185187365,29.942049924367],[-90.073148996261,29.94209709724],[-90.073076412872,29.942191697263],[-90.073023127697,29.942261153826],[-90.073018978776,29.942266560841],[-90.072942056458,29.942369452216],[-90.072610247293,29.942817595296],[-90.072555348287,29.942891739527],[-90.072495048705,29.942884514888],[-90.072434317948,29.942884414186],[-90.072373994739,29.942891438813],[-90.072314912171,29.942905491754],[-90.072257886205,29.942926378931],[-90.072203704398,29.942953811882],[-90.072153115029,29.942987411744],[-90.072106816762,29.943026714485],[-90.072065449,29.943071177315],[-90.072029583053,29.94312018618],[-90.071999714248,29.943173064242],[-90.071976255087,29.943229081228],[-90.07196758884,29.943283599482],[-90.071965740431,29.943338771279],[-90.071970738315,29.943393747319],[-90.071982505554,29.943447681315],[-90.072000861007,29.94349974302],[-90.072025522115,29.943549131011],[-90.072056109251,29.94359508502],[-90.072092151565,29.943636897643],[-90.07213309423,29.943673925228],[-90.072178306985,29.943705597781],[-90.072227093836,29.943731427743],[-90.072278703772,29.943751017494],[-90.072332342322,29.943764065475],[-90.072225730658,29.944117689171],[-90.07221274105,29.944160768809],[-90.072161307865,29.944331356493],[-90.072142754779,29.944392896536],[-90.072115482339,29.944484233018],[-90.071683688084,29.945930313629],[-90.071603007582,29.946201791158],[-90.071313215828,29.947169993319],[-90.071271912944,29.94730870189],[-90.071263296186,29.947337638526],[-90.071256241793,29.947361327447],[-90.071239299146,29.947416843276],[-90.071099291111,29.947883486298],[-90.071022633899,29.948141247548],[-90.070965093642,29.94833474867],[-90.070956744554,29.948362822615],[-90.070906222686,29.948532034477],[-90.070782420123,29.948946685592],[-90.070711826249,29.949182908173],[-90.070698280506,29.949228241488],[-90.070649820213,29.949394610252],[-90.070638179416,29.949439145325],[-90.070623623876,29.94949484457],[-90.070573116728,29.949676065996],[-90.07054820311,29.94978340232],[-90.070342328918,29.950478219264],[-90.070290159855,29.950653229914],[-90.070195063835,29.950972226516],[-90.070172090262,29.951056790187],[-90.070133622708,29.951179723045],[-90.070038975879,29.951494911918],[-90.069841368341,29.952158409805],[-90.06980653898,29.952220193777],[-90.069645760499,29.952448562827],[-90.069588419272,29.952532192728],[-90.069452110522,29.952723926089],[-90.069442398469,29.952737583664],[-90.06938819968,29.952813821932],[-90.069230349189,29.953033365935],[-90.06917339384,29.953096624341],[-90.069166527498,29.953103681465],[-90.069158934732,29.953098482959],[-90.068983605903,29.952978443153],[-90.068800684779,29.952853203681],[-90.068532966552,29.952669906999],[-90.068439359217,29.952605818712],[-90.068307482525,29.952515527128],[-90.068212168359,29.95245027012],[-90.068131926868,29.952396867995],[-90.067821670022,29.952186726403],[-90.067382098486,29.951888989476],[-90.067262381063,29.951807901952],[-90.067187787855,29.951757379365],[-90.067148072321,29.951731038268],[-90.066951270954,29.951596297457],[-90.066448677197,29.951248229841],[-90.066277702546,29.951123340886],[-90.066246482742,29.951100536857],[-90.06623326928,29.951090884783],[-90.066154844301,29.951036728412],[-90.06616913255,29.951002455007],[-90.066188513699,29.950955967552],[-90.066209068173,29.950915801583],[-90.066222671907,29.950888354159],[-90.066339100286,29.95064434425],[-90.066519452459,29.9501780739],[-90.066584796304,29.950027110504],[-90.066815449268,29.949295758303],[-90.066894893003,29.949043038134],[-90.066928225893,29.948934242483],[-90.066949566888,29.94885808683]]]},"properties":{":id":"row-6j2y.6sci~u9th",":version":"rv-n2ac_s28d_huaa",":created_at":"2026-01-29T05:48:19.526Z",":updated_at":"2026-01-29T05:48:19.526Z","objectid":"23","parade":"Okeanos","location":"Uptown","day":"2nd Sunday","date":"2026-02-15T11:00:00.000Z","time":"11:00am","formation":"Jefferson and Magazine","disband":"Poydras and Tchoupitoulas","numfloats":null,"shape_stlength":"24018.750223384952"}},
{"type":"Feature","geometry":{"type":"MultiLineString","coordinates":[[[-90.114981889155,29.920867322675],[-90.113772776599,29.920672635417],[-90.11375795505,29.92067019912],[-90.113253346853,29.920585977368],[-90.112848136498,29.920519939213],[-90.112757115052,29.920495263174],[-90.112667229225,29.920470891736],[-90.11220151152,29.920444306606],[-90.112118499821,29.92044195885],[-90.112035421824,29.92043961223],[-90.111095589433,29.920402522146],[-90.111008185532,29.920401252542],[-90.110061677596,29.920365591632],[-90.109783705323,29.920355702732],[-90.109596405567,29.920349036904],[-90.109501564096,29.920345661676],[-90.109381192785,29.92034137667],[-90.109201717661,29.9203349906],[-90.109109443186,29.920332761351],[-90.108797394865,29.920321167392],[-90.108745690161,29.920319245185],[-90.108555976827,29.920312194514],[-90.108004957016,29.920291714901],[-90.107917243055,29.920308539066],[-90.10777325265,29.920319309991],[-90.107738825724,29.920322128983],[-90.107231472322,29.920363695067],[-90.10681571558,29.920394007205],[-90.106772567914,29.920397152436],[-90.106696246215,29.920402717542],[-90.106464852261,29.920419330394],[-90.106363850165,29.920426582346],[-90.106301937767,29.92043102663],[-90.106210341127,29.920437601111],[-90.106122332865,29.920445472127],[-90.106040201606,29.920452813274],[-90.104986399654,29.920534959938],[-90.104823587703,29.920548223378],[-90.103854268555,29.920622595055],[-90.102748565723,29.920708668647],[-90.102252842344,29.920747888347],[-90.102196148933,29.920752304661],[-90.101768657608,29.920785599225],[-90.101607824921,29.920801981795],[-90.101487835282,29.920810890051],[-90.101367845655,29.920819795492],[-90.101382363938,29.920971229924],[-90.101422119933,29.921360498303],[-90.101458741502,29.92171909849],[-90.101466750922,29.921806123139],[-90.101472915108,29.921873054101],[-90.101569130281,29.922829187588],[-90.101578112446,29.922902868334],[-90.101584025901,29.922955129393],[-90.101647401256,29.923582904676],[-90.101654497654,29.923661603092],[-90.101660984632,29.923733619306],[-90.101677588329,29.923878794554],[-90.101703147451,29.924140128116],[-90.101724441938,29.924338715918],[-90.101732094246,29.924410060946],[-90.101765489107,29.92473276888],[-90.101794232157,29.925036114715],[-90.101800948844,29.925106989933],[-90.1018613597,29.925655325688],[-90.101869007419,29.925730248891],[-90.101898611354,29.926020283114],[-90.101932560809,29.926352864698],[-90.101936988066,29.926413036077],[-90.101851083807,29.926419920699],[-90.101465838269,29.926449639254],[-90.10123398793,29.926467521726],[-90.101149306099,29.926476899372],[-90.100903997165,29.926494817599],[-90.100800077689,29.926502673172],[-90.100716912037,29.926508959274],[-90.09980080073,29.92658069468],[-90.099699932091,29.926585567256],[-90.098677418136,29.926668051214],[-90.098566702474,29.92667975601],[-90.097535947037,29.926754940432],[-90.097436511254,29.926760846961],[-90.09653150466,29.926827755845],[-90.096408855983,29.926840647649],[-90.096118210944,29.926867222431],[-90.095706406737,29.926902064278],[-90.095572212401,29.926919838713],[-90.095180328288,29.926985733414],[-90.094998675697,29.927016274619],[-90.094835189234,29.927046029341],[-90.094759655107,29.927064032215],[-90.094589906779,29.927104494879],[-90.094531897284,29.927118320218],[-90.094338564117,29.927167506058],[-90.094179027541,29.927211125639],[-90.093960343582,29.927274598016],[-90.09382684872,29.927315300207],[-90.093650161849,29.927364513773],[-90.093043543363,29.927586643802],[-90.092739050112,29.927691174844],[-90.092562463646,29.927751793889],[-90.092504385773,29.927771732102],[-90.092490639637,29.927777728578],[-90.091464028906,29.928146991752],[-90.091463598653,29.92814718979],[-90.091325691058,29.928210036329],[-90.09126903414,29.928235856419],[-90.090616467329,29.928476733711],[-90.090556416695,29.928498898083],[-90.090339936629,29.928573289645],[-90.09025585612,29.928602183914],[-90.090115907081,29.928650104171],[-90.090059553555,29.928669400785],[-90.089660064452,29.928838262609],[-90.089314280462,29.928987067496],[-90.089313835161,29.928987308691],[-90.088910890533,29.929207308233],[-90.088851772604,29.929239586528],[-90.088575002535,29.929400953583],[-90.088536805927,29.929423182176],[-90.088110984187,29.92966547434],[-90.088051759943,29.929699174088],[-90.08760905472,29.929950530115],[-90.08729975055,29.930118689679],[-90.087248903514,29.930146335962],[-90.087117147728,29.930218698076],[-90.086629809298,29.930491999692],[-90.086591415445,29.930513531139],[-90.085941953585,29.930879546869],[-90.085881980831,29.930913345916],[-90.085096222061,29.931357028127],[-90.085046767664,29.931384951133],[-90.084286077651,29.931807822815],[-90.084225011207,29.931841766815],[-90.083934308237,29.932006807427],[-90.083482153503,29.932260925424],[-90.083427971002,29.93229137787],[-90.082673541491,29.932708695139],[-90.082615621971,29.932740733034],[-90.082588035273,29.932756830888],[-90.082213016115,29.932972038439],[-90.082074672805,29.933051612086],[-90.081643029753,29.933330032799],[-90.081550236881,29.933390256996],[-90.081376255734,29.933503180063],[-90.081334415199,29.933530335972],[-90.080940666204,29.93379316],[-90.08093725134,29.933795439905],[-90.080860729908,29.933846514729],[-90.080616265556,29.934008126734],[-90.080572999724,29.934036729541],[-90.080529752681,29.934065318979],[-90.080476209579,29.934100715115],[-90.079921660368,29.934459876736],[-90.079583348426,29.934678985877],[-90.079529955813,29.93471356384],[-90.078743931347,29.935222252158],[-90.078701793425,29.935259764704],[-90.078663294835,29.935294039559],[-90.078118703575,29.935733029479],[-90.078080511902,29.935763709001],[-90.077707904445,29.936063013737],[-90.077606446851,29.936141738411],[-90.077525722991,29.93620437207],[-90.077480711039,29.936256257282],[-90.07729938252,29.936491196388],[-90.077002771062,29.936886677862],[-90.076966491088,29.936935936889],[-90.076517845441,29.937545036988],[-90.076454228847,29.937630616522],[-90.076404690376,29.937697261004],[-90.076376333998,29.937735129134],[-90.07597676507,29.93827465709],[-90.075939928225,29.938324293057],[-90.075575928693,29.938814786136],[-90.075462554927,29.938968516682],[-90.075429162691,29.939013578657],[-90.07540305883,29.939048806538],[-90.075382184215,29.93907697304],[-90.075114698276,29.939437928857],[-90.074909858152,29.939713708405],[-90.074876934652,29.939757705582],[-90.074774164156,29.939895043303],[-90.074452563761,29.94032974441],[-90.074364697089,29.940448694432],[-90.074327605788,29.940498911256],[-90.074219424628,29.940646305346],[-90.074168764362,29.94071532916],[-90.074003193752,29.940940616337],[-90.073893443213,29.941103031693],[-90.073785751796,29.941252723582],[-90.073753268941,29.941296365609],[-90.073648881703,29.941436625536],[-90.073508365702,29.941626591507],[-90.073381307513,29.941794298289],[-90.073373367794,29.941804651123],[-90.073366733196,29.941813295001],[-90.073245457676,29.941971367088],[-90.073214192901,29.942012116372],[-90.073185187365,29.942049924367],[-90.073148996261,29.94209709724],[-90.073076412872,29.942191697263],[-90.073023127697,29.942261153826],[-90.073018978776,29.942266560841],[-90.072942056458,29.942369452216],[-90.072610247293,29.942817595296],[-90.072555348287,29.942891739527],[-90.072495048735,29.942884515102],[-90.072434318033,29.942884414572],[-90.072373994894,29.942891439325],[-90.072314912402,29.942905492346],[-90.072257886507,29.942926379558],[-90.072203704758,29.942953812501],[-90.072153115425,29.942987412316],[-90.072106817163,29.943026714978],[-90.072065449369,29.943071177702],[-90.072029583347,29.943120186444],[-90.071999714419,29.943173064373],[-90.071976255087,29.943229081228],[-90.071967589042,29.943283599454],[-90.071965740798,29.943338771197],[-90.071970738805,29.943393747167],[-90.071982506127,29.943447681084],[-90.072000861622,29.943499742712],[-90.072025522733,29.943549130635],[-90.072056109836,29.943595084595],[-90.072092152086,29.943636897195],[-90.072133094664,29.943673924788],[-90.072178307314,29.943705597387],[-90.072227094053,29.943731427436],[-90.072278703875,29.943751017319],[-90.072332342322,29.943764065475],[-90.072225730658,29.944117689171],[-90.07221274105,29.944160768809],[-90.072161307865,29.944331356493],[-90.072142754779,29.944392896536],[-90.072115482339,29.944484233018],[-90.071683688084,29.945930313629],[-90.071603007582,29.946201791158],[-90.071313215828,29.947169993319],[-90.071271912944,29.94730870189],[-90.071263296186,29.947337638526],[-90.071256241793,29.947361327447],[-90.071239299146,29.947416843276],[-90.071099291111,29.947883486298],[-90.071022633899,29.948141247548],[-90.070965093642,29.94833474867],[-90.070956744554,29.948362822615],[-90.070906222686,29.948532034477],[-90.070782420123,29.948946685592],[-90.070711826249,29.949182908173],[-90.070698280506,29.949228241488],[-90.070649820213,29.949394610252],[-90.070638179416,29.949439145325],[-90.070623623876,29.94949484457],[-90.070573116728,29.949676065996],[-90.07054820311,29.94978340232],[-90.070342328918,29.950478219264],[-90.070290159855,29.950653229914],[-90.070195063835,29.950972226516],[-90.070172090262,29.951056790187],[-90.070133622708,29.951179723045],[-90.070038975879,29.951494911918],[-90.069841368341,29.952158409805],[-90.06980653898,29.952220193777],[-90.069645760499,29.952448562827],[-90.069588419272,29.952532192728],[-90.069452110522,29.952723926089],[-90.069442398469,29.952737583664],[-90.06938819968,29.952813821932],[-90.069230349189,29.953033365935],[-90.06917339384,29.953096624341],[-90.069166527498,29.953103681465],[-90.068800684779,29.952853203681],[-90.068532966552,29.952669906999],[-90.068439359217,29.952605818712],[-90.068307482525,29.952515527128],[-90.068212168359,29.95245027012],[-90.068131926868,29.952396867995],[-90.067821670022,29.952186726403],[-90.067382098486,29.951888989476],[-90.067262381063,29.951807901952],[-90.067187787855,29.951757379365],[-90.067097016291,29.951697174414],[-90.066730134694,29.951443239627],[-90.066453859125,29.951252014961],[-90.06623326928,29.951090884783],[-90.066154844301,29.951036728412],[-90.066188513699,29.950955967552],[-90.066216580481,29.950901121583],[-90.066339100286,29.95064434425],[-90.066519452459,29.9501780739],[-90.066584796304,29.950027110504],[-90.066815449268,29.949295758303],[-90.066921103889,29.948959658296],[-90.066949566888,29.94885808683]]]},"properties":{":id":"row-ju4p-ztgy_jigh",":version":"rv-kz4t_26qh_fsex",":created_at":"2026-01-29T05:48:19.526Z",":updated_at":"2026-01-29T05:48:19.526Z","objectid":"13","parade":"Druids","location":"Uptown","day":"2nd Wednesday","date":"2026-02-11T18:15:00.000Z","time":"6:15pm","formation":"Jefferson and Magazine","disband":"Poydras and Tchoupitoulas","numfloats":null,"shape_stlength":"24095.054495989403"}},
{"type":"Feature","geometry":{"type":"MultiLineString","coordinates":[[[-90.013535538209,29.929713118383],[-90.013529496651,29.929808099318],[-90.013516638305,29.930070859344],[-90.013457725348,29.931012796314],[-90.013420397539,29.931647932401],[-90.013381671922,29.9322159434],[-90.013374314423,29.932315474604],[-90.01336722535,29.932411391438],[-90.013359681971,29.93246106503],[-90.013342757548,29.932555636286],[-90.013328075288,29.932624396319],[-90.013309909425,29.932698558269],[-90.013290381046,29.932769377294],[-90.013223777607,29.932987825934],[-90.013203932516,29.933069658065],[-90.013167330711,29.933254894185],[-90.013161233633,29.933338524382],[-90.013157505661,29.933406565165],[-90.013154413702,29.933463016796],[-90.013150854982,29.933580517128],[-90.013150129608,29.933660254849],[-90.013136838401,29.934759841986],[-90.013106231425,29.935116891371],[-90.01309348463,29.935216430697],[-90.013080741152,29.935293400635],[-90.013055922586,29.935414039387],[-90.013030366172,29.935515903328],[-90.013008660483,29.935589865483],[-90.012981939608,29.935663935192],[-90.012773942843,29.936196084563],[-90.012980258954,29.936285498959],[-90.013419348657,29.936475571513],[-90.013511982901,29.936518757055],[-90.013706102426,29.936607945985],[-90.01460325893,29.937001704683],[-90.016376982188,29.937787349863],[-90.016528716195,29.93784951058],[-90.017270923894,29.938174313712],[-90.017738960412,29.938379134849],[-90.017902590578,29.938443577378],[-90.019149413613,29.938998268221],[-90.019247707437,29.939036600747],[-90.019487431619,29.939145433362],[-90.019628445058,29.939215270576],[-90.020261850396,29.939499021873],[-90.021205400283,29.939918665265],[-90.021288220954,29.939955499401],[-90.021357061454,29.939982344382],[-90.021406140257,29.940001479366],[-90.021479745968,29.940033853774],[-90.022534480303,29.940497738219],[-90.023510699823,29.940924891951],[-90.023600812876,29.940974298562],[-90.024285364576,29.941273848451],[-90.024413397476,29.941329874339],[-90.024732291591,29.941455560873],[-90.02505583464,29.941602597295],[-90.025194059017,29.941660524613],[-90.025360458085,29.941723222303],[-90.025538445778,29.941792939768],[-90.025641226303,29.94188542531],[-90.025866368562,29.94198753383],[-90.026249724828,29.942161404024],[-90.026378893618,29.942214161441],[-90.026569881369,29.942292164623],[-90.026700219067,29.942345396176],[-90.027287239204,29.942562815596],[-90.027403102033,29.942609163973],[-90.027563596961,29.94267336561],[-90.027652909403,29.942709093521],[-90.027868203358,29.94279798687],[-90.028078911549,29.942870715972],[-90.029535912764,29.943429916343],[-90.029590391526,29.943450927863],[-90.029711802008,29.943497751399],[-90.029782270304,29.94352493104],[-90.03001689225,29.943616178584],[-90.030783137225,29.943914181064],[-90.031005896444,29.94398395443],[-90.031254688259,29.944080152507],[-90.03136992503,29.944128942517],[-90.031507228641,29.944187077754],[-90.031729342947,29.94428112168],[-90.032068019153,29.944412590569],[-90.032553066644,29.9445974473],[-90.032617204993,29.944621650416],[-90.032622668834,29.944623712801],[-90.032881931498,29.944722921879],[-90.033001375774,29.944765758496],[-90.033094541189,29.944794689041],[-90.033168253949,29.944818747929],[-90.033243367595,29.94483799218],[-90.03331956801,29.944852341318],[-90.033391941714,29.94486056388],[-90.033521324691,29.944872216012],[-90.033634855478,29.944879695589],[-90.033700412653,29.944882491384],[-90.033771975265,29.944885540443],[-90.034549169461,29.944928041793],[-90.034619615136,29.944932060994],[-90.035455919826,29.94497349206],[-90.03550598075,29.944976847756],[-90.035584389621,29.944982101651],[-90.03575311763,29.944992808867],[-90.03591020004,29.945001689494],[-90.036163964203,29.945013510781],[-90.036720203734,29.945026480347],[-90.036829318115,29.944965333169]],[[-90.036829318115,29.944965333169],[-90.036718399082,29.944912859803],[-90.03661208106,29.944909331771],[-90.035810382689,29.944866862608],[-90.035607414495,29.944855594894],[-90.03552072865,29.944850703266],[-90.035456405795,29.94484707426],[-90.034710724643,29.944811254559],[-90.034627142158,29.944804652565],[-90.034156237987,29.944779212478],[-90.033763351137,29.944757985153],[-90.033709722944,29.944757294839],[-90.033679852186,29.944756908653],[-90.033629820802,29.944755100422],[-90.033579927868,29.944750964697],[-90.033423030777,29.944734263464],[-90.033360517225,29.944724485451],[-90.033328146194,29.944717612692],[-90.033215239888,29.944691093549],[-90.033103286907,29.944660801158],[-90.03301856503,29.944633052986],[-90.032906085437,29.944592075249],[-90.032791720123,29.944548022011],[-90.032693409266,29.944508124271],[-90.03262709685,29.944483015511],[-90.032535209071,29.944448215608],[-90.032252014408,29.944339692714],[-90.031514648545,29.944055236624]],[[-90.036829318115,29.944965333169],[-90.036929774285,29.944970079925],[-90.037821409158,29.945012226974],[-90.038523036734,29.9450449727],[-90.038832195962,29.945059401893],[-90.038931167563,29.945064001689],[-90.039276100352,29.945083886603],[-90.039785954859,29.945103748286],[-90.040746947144,29.945148544975],[-90.040926688207,29.945168152306]],[[-90.040926688207,29.945168152306],[-90.041036881165,29.945171924225],[-90.041366207538,29.945189964093],[-90.042127026194,29.945224017938],[-90.042638453597,29.945250915983],[-90.043150537696,29.945277842838],[-90.04327226507,29.945281172018],[-90.043273502678,29.9452812031],[-90.044248334717,29.9453303224],[-90.044261993647,29.945331011998],[-90.044350073086,29.945334826127],[-90.045385605194,29.945379665009],[-90.046345664285,29.945426650958],[-90.047286409984,29.945467542327],[-90.047389515203,29.945475332161],[-90.048300512857,29.945518981375],[-90.048386288379,29.945524577466],[-90.048474159033,29.945530307641],[-90.048888955568,29.945550563546],[-90.049315602498,29.945571420996],[-90.049423319744,29.945571114315],[-90.049516758026,29.945570957835],[-90.050148675767,29.945540104652],[-90.050251479393,29.945534308017],[-90.050987861212,29.945500694563],[-90.051093864671,29.945494514334],[-90.051830225963,29.9454643858],[-90.052199806652,29.945445522148],[-90.052134500066,29.944390225329],[-90.05206777158,29.943339758546],[-90.052057427165,29.943246505162],[-90.052010587195,29.942469500526],[-90.051999229639,29.942281050971],[-90.051503205002,29.94230065528],[-90.05056380434,29.942352217018],[-90.050518431481,29.941662766745],[-90.050501494847,29.941290598079],[-90.050491403894,29.941098217934],[-90.050452376272,29.940461222868],[-90.050437473956,29.940249149689],[-90.05041420893,29.939918029408],[-90.050400692648,29.939718865319],[-90.050388782163,29.939543307533],[-90.050367046358,29.939177790103],[-90.050352372411,29.938931060774],[-90.050343870295,29.938788056241],[-90.050340374913,29.938729248073],[-90.050329507697,29.938638076275],[-90.050311714364,29.938547999694],[-90.050287098693,29.938459543705],[-90.050255804257,29.938373224232],[-90.050218013581,29.938289544736],[-90.050173947082,29.938208993281],[-90.050130247705,29.938176732405],[-90.05008280123,29.938150289413],[-90.050032377773,29.938130093507],[-90.049979795764,29.93811647249],[-90.049925908674,29.938109647448],[-90.049871591153,29.938109729158],[-90.049817724841,29.938116716296],[-90.049207490884,29.938168684727],[-90.049055550747,29.938174652238],[-90.048881822545,29.938181474198],[-90.04736934825,29.938237274353],[-90.047190359302,29.938242094741],[-90.04705662147,29.938245696302],[-90.046485811577,29.938266380052],[-90.046307384954,29.938273454906],[-90.046145027384,29.938279893675],[-90.045785708958,29.938291680409],[-90.045515223859,29.938300554499],[-90.045058460068,29.938309407657],[-90.044906187456,29.938309713738],[-90.044504753709,29.938307683664],[-90.044389425412,29.938305155356],[-90.044158892478,29.938296060352],[-90.043970502568,29.938286664305],[-90.043726266396,29.938270047669],[-90.043564242007,29.938262233054],[-90.043428243433,29.938255668575],[-90.042411484804,29.93819693192],[-90.041783780778,29.938164269933],[-90.041386531547,29.938143601519],[-90.041390643505,29.938321934784],[-90.041393483375,29.938445133654],[-90.041399544575,29.938675670279],[-90.041400498465,29.93870017165],[-90.04140551644,29.938787877325],[-90.041421486616,29.93885210619],[-90.041432313901,29.938889332159],[-90.041456896931,29.938962193344],[-90.041507143838,29.939137745092],[-90.041501639911,29.939184644127],[-90.041498305856,29.939201883728],[-90.041498253892,29.939288085211],[-90.041485938659,29.939406131471],[-90.041479963629,29.939447967963],[-90.041466762689,29.939511433093],[-90.041441545829,29.939627402936],[-90.041418370623,29.939718494816],[-90.041383617825,29.939811182731],[-90.041350354486,29.939888439045],[-90.041296851616,29.940011333601],[-90.041281297504,29.940092269885],[-90.041251416829,29.940247738727],[-90.041248135093,29.940270692671],[-90.041213504207,29.940697896092],[-90.041200856664,29.940839567605],[-90.041195394374,29.940885712762],[-90.041185958385,29.940980487104],[-90.041179342811,29.941046894091],[-90.041157406669,29.941331869744],[-90.041134134901,29.941604616944],[-90.041128395608,29.941692949554],[-90.041112967058,29.941930483864],[-90.041110053093,29.941984871571],[-90.041101023693,29.942153435334],[-90.04108738151,29.942362130181],[-90.041053566116,29.943046486616],[-90.041050511388,29.943108299203],[-90.041049786151,29.943114303651],[-90.04102031777,29.943564384954],[-90.040994709787,29.944032498257],[-90.040989726054,29.944102466109],[-90.040957813595,29.944550118888],[-90.0409467884,29.944768997594],[-90.040926688207,29.945168152306]]]},"properties":{":id":"row-pvky.hh7u.njv2",":version":"rv-avtr~5f34-tggu",":created_at":"2026-01-29T05:48:19.526Z",":updated_at":"2026-01-29T05:48:19.526Z","objectid":"33","parade":"NOMTOC","location":"West Bank","day":"2nd Saturday","date":"2026-02-14T10:45:00.000Z","time":"10:45am","formation":"Fiesta and Holiday","disband":"Gen Meyer and Shirley","numfloats":null,"shape_stlength":"25847.150251192994"}},
{"type":"Feature","geometry":{"type":"MultiLineString","coordinates":[[[-90.089958724431,29.944963908081],[-90.089896781107,29.944891393502],[-90.089846756021,29.944832828996],[-90.089667303113,29.944629179134],[-90.08965422146,29.944614326614],[-90.089638786116,29.944596810122],[-90.089552648636,29.944499056921],[-90.08955097636,29.944497161772],[-90.089438661481,29.944369694272],[-90.08938052024,29.944303717737],[-90.089380354816,29.944303524901],[-90.089366678636,29.944288004495],[-90.089274684886,29.944183222415],[-90.089192567613,29.944076501845],[-90.089192446033,29.944076365361],[-90.08918956228,29.944073175784],[-90.088930165488,29.943786249329],[-90.088820581113,29.943659183328],[-90.088625028685,29.94342817481],[-90.088532479119,29.94332621902],[-90.08845151454,29.9432294442],[-90.088403220687,29.943172746868],[-90.088077043753,29.942789798698],[-90.087866966076,29.942550851754],[-90.087589856483,29.942230190159],[-90.087575934744,29.942213970712],[-90.087434914031,29.942049700197],[-90.087335585657,29.941937949701],[-90.086941445928,29.941474400356],[-90.086828832314,29.9413441001],[-90.086545036141,29.941018132696],[-90.086220197271,29.940642311842],[-90.086107592187,29.940511561707],[-90.086045877747,29.940440158031],[-90.085826046185,29.94018562934],[-90.085613729044,29.939938996556],[-90.085496588683,29.939802240031],[-90.085331167893,29.939611245381],[-90.085250863134,29.939518524849],[-90.085072570995,29.939311287634],[-90.085049656922,29.939284655678],[-90.084961763387,29.939176624315],[-90.084897959806,29.939103338952],[-90.084820409273,29.939014266726],[-90.08466320907,29.938833700474],[-90.084651788515,29.938820664948],[-90.084559805979,29.938714622702],[-90.08449184605,29.938636271364],[-90.084491610202,29.93863599575],[-90.084369713652,29.938492388411],[-90.084205143996,29.938299203425],[-90.084109697971,29.938191202607],[-90.084088191436,29.938166867382],[-90.083884563302,29.937929374347],[-90.083800780961,29.9378316585],[-90.083646287977,29.937653506686],[-90.083618598813,29.937619041069],[-90.083479040122,29.937457843947],[-90.083371397335,29.937330617484],[-90.083325290129,29.937276125066],[-90.083239773409,29.937175045094],[-90.083086437149,29.936996339686],[-90.08297443112,29.936865061008],[-90.082917320681,29.936799020892],[-90.082807905396,29.936672492564],[-90.08269217151,29.936538682633],[-90.082496707859,29.936312661909],[-90.081992202967,29.935740010142],[-90.081910078598,29.935635934546],[-90.081380904878,29.935030653816],[-90.081329186816,29.934971502288],[-90.08124533531,29.934865328374],[-90.080932785671,29.93450880838],[-90.08085387118,29.934418791413],[-90.08072489217,29.934274620473],[-90.080651933754,29.934193066163],[-90.080588693989,29.934126944966],[-90.080529752681,29.934065318979],[-90.080476209579,29.934100715115],[-90.079921660368,29.934459876736],[-90.079583348426,29.934678985877],[-90.079529955813,29.93471356384],[-90.078743931347,29.935222252158],[-90.078701793425,29.935259764704],[-90.078663294835,29.935294039559],[-90.078118703575,29.935733029479],[-90.078080511902,29.935763709001],[-90.077707904445,29.936063013737],[-90.077606446851,29.936141738411],[-90.077525722991,29.93620437207],[-90.077480711039,29.936256257282],[-90.07729938252,29.936491196388],[-90.077002771062,29.936886677862],[-90.076966491088,29.936935936889],[-90.076517845441,29.937545036988],[-90.076454228847,29.937630616522],[-90.076404690376,29.937697261004],[-90.076376333998,29.937735129134],[-90.07597676507,29.93827465709],[-90.075939928225,29.938324293057],[-90.075575928693,29.938814786136],[-90.075462554927,29.938968516682],[-90.075429162691,29.939013578657],[-90.07540305883,29.939048806538],[-90.075382184215,29.93907697304],[-90.075114698276,29.939437928857],[-90.074909858152,29.939713708405],[-90.074876934652,29.939757705582],[-90.074774164156,29.939895043303],[-90.074452563761,29.94032974441],[-90.074364697089,29.940448694432],[-90.074327605788,29.940498911256],[-90.074219424628,29.940646305346],[-90.074168764362,29.94071532916],[-90.074003193752,29.940940616337],[-90.073893443213,29.941103031693],[-90.073785751796,29.941252723582],[-90.073753268941,29.941296365609],[-90.073648881703,29.941436625536],[-90.073508365702,29.941626591507],[-90.073381307513,29.941794298289],[-90.073373367794,29.941804651123],[-90.073366733196,29.941813295001],[-90.073245457676,29.941971367088],[-90.073214192901,29.942012116372],[-90.073185187365,29.942049924367],[-90.073148996261,29.94209709724],[-90.073076412872,29.942191697263],[-90.073023127697,29.942261153826],[-90.073018978776,29.942266560841],[-90.072942056458,29.942369452216],[-90.072610247293,29.942817595296],[-90.072555348287,29.942891739527],[-90.072495048735,29.942884515102],[-90.072434318033,29.942884414572],[-90.072373994894,29.942891439325],[-90.072314912402,29.942905492346],[-90.072257886507,29.942926379558],[-90.072203704758,29.942953812501],[-90.072153115425,29.942987412316],[-90.072106817163,29.943026714978],[-90.072065449369,29.943071177703],[-90.072029583347,29.943120186444],[-90.071999714419,29.943173064373],[-90.071976255087,29.943229081228],[-90.071967589042,29.943283599454],[-90.071965740798,29.943338771198],[-90.071970738805,29.943393747167],[-90.071982506127,29.943447681084],[-90.072000861622,29.943499742712],[-90.072025522733,29.943549130635],[-90.072056109836,29.943595084595],[-90.072092152086,29.943636897195],[-90.072133094664,29.943673924788],[-90.072178307314,29.943705597387],[-90.072227094053,29.943731427436],[-90.072278703875,29.943751017319],[-90.072332342322,29.943764065475],[-90.072225730658,29.944117689171],[-90.07221274105,29.944160768809],[-90.072161307865,29.944331356493],[-90.072142754779,29.944392896536],[-90.072115482339,29.944484233018],[-90.071683688084,29.945930313629],[-90.071603007582,29.946201791158],[-90.071313215828,29.947169993319],[-90.071271912944,29.94730870189],[-90.071263296186,29.947337638526],[-90.071256241793,29.947361327447],[-90.071239299146,29.947416843276],[-90.071099291111,29.947883486298],[-90.071022633899,29.948141247548],[-90.070965093642,29.94833474867],[-90.070956744554,29.948362822615],[-90.070906222686,29.948532034477],[-90.070782420123,29.948946685592],[-90.070711826249,29.949182908173],[-90.070698280506,29.949228241488],[-90.070649820213,29.949394610252],[-90.070638179416,29.949439145325],[-90.070623623876,29.94949484457],[-90.070573116728,29.949676065996],[-90.06980653898,29.952220193777],[-90.069230349189,29.953033365935],[-90.069166527498,29.953103681465],[-90.07289843817,29.955620709375],[-90.073369522905,29.955935289544],[-90.073209753808,29.956117956604],[-90.072854045247,29.956524648236],[-90.072809420721,29.956574143724],[-90.072671178853,29.956729010304],[-90.072466223883,29.956959285369],[-90.072318464957,29.957122459223],[-90.071972398761,29.957511016794],[-90.071777546765,29.957729580185],[-90.071256761655,29.958312165587],[-90.071057971549,29.958536115241],[-90.07044641908,29.959218730048],[-90.070396712775,29.959274874991],[-90.070253736428,29.959436380013],[-90.070132122644,29.959573746051],[-90.07000213614,29.959720389499],[-90.069906859414,29.959901768911],[-90.069882475192,29.959956239546],[-90.069862001869,29.960008622981],[-90.069843656469,29.960061765769],[-90.069832792185,29.960102620772],[-90.069816232689,29.960164875155],[-90.069806966484,29.960223864933],[-90.069792647048,29.960315004879],[-90.069790226594,29.960370397344],[-90.069789817503,29.960432646201],[-90.069794599295,29.960501702583],[-90.069805047751,29.960582625334],[-90.069814600655,29.960645823835],[-90.069829872901,29.960707888857],[-90.069850737402,29.96076830393],[-90.069880595108,29.960849389571],[-90.06990796548,29.960910967724],[-90.069955566331,29.960998191028],[-90.069992207314,29.961056899762],[-90.070014875331,29.961090278744],[-90.070056739669,29.961146529413],[-90.07009285232,29.961189444069],[-90.070170311968,29.961272522178],[-90.070304277351,29.961404227693],[-90.070407526132,29.961505733056],[-90.070482331176,29.961579270609],[-90.070585881411,29.961688259985],[-90.070622507719,29.961731229942],[-90.070671524516,29.961793681473],[-90.070726740565,29.96188021787],[-90.07075139002,29.961924824998],[-90.070773960941,29.961970252152],[-90.070793365726,29.962017862089],[-90.07082474194,29.962107921173],[-90.070855559519,29.962205038425],[-90.070974733925,29.962593631351],[-90.070986081296,29.962630625046],[-90.07099736579,29.962672097694],[-90.071015232641,29.962723432568],[-90.071042506063,29.962787282237],[-90.071063202558,29.962829458674],[-90.071090557177,29.962879032272],[-90.071122338816,29.96293045278],[-90.071153502411,29.962976262718],[-90.071192068851,29.963029162121],[-90.071234378002,29.963079118631],[-90.071280206078,29.963125868012],[-90.071329310678,29.963169162992],[-90.071381432075,29.963208774571],[-90.072160478978,29.963732649664],[-90.07222132216,29.963773658823],[-90.072847647043,29.964192725042],[-90.072939504533,29.964254182155],[-90.073047608852,29.964327095185],[-90.073109349358,29.964368736857],[-90.07317639151,29.96441395156],[-90.073281953306,29.964485146567],[-90.073342596649,29.96452367306],[-90.073534858914,29.964645808514],[-90.073759171848,29.964791598272],[-90.073933408075,29.964904327209],[-90.073939298303,29.964906913422],[-90.074046603323,29.96497364944],[-90.074126266009,29.965028723046],[-90.074237152561,29.965105378869],[-90.074944936148,29.965579493951],[-90.075000203276,29.965616512961],[-90.07560034244,29.966015119932],[-90.075650953716,29.966049479514],[-90.075825510646,29.966164975175],[-90.075919998576,29.966227498264],[-90.076011429791,29.966292078929],[-90.076708808735,29.966757982886],[-90.076761375839,29.966793103238],[-90.076980027323,29.966939118416],[-90.077122745852,29.9670344242],[-90.077202317015,29.967087566064],[-90.077594234924,29.967349289695],[-90.07776514427,29.967463420739],[-90.077795040847,29.967483460203],[-90.078321131598,29.967836136542],[-90.078465980243,29.967933238532],[-90.078521140609,29.96797021892],[-90.078911441514,29.968231786875],[-90.079061167456,29.968332129463],[-90.079347203213,29.968523822817],[-90.079402191754,29.968560674877],[-90.079486640016,29.968617176571],[-90.080087983401,29.969019524589],[-90.080224234734,29.969110684574],[-90.080279244174,29.969147491346],[-90.081226327941,29.969781354235],[-90.081367517595,29.969875849503],[-90.081418151158,29.969909736061],[-90.081539303455,29.969990593766],[-90.081901834739,29.970232535759],[-90.081933205408,29.970252993375],[-90.08201846699,29.970309071678],[-90.082203663886,29.97043088248],[-90.082368409986,29.970534415327],[-90.082664907575,29.970732415259],[-90.082724920753,29.970773027203]]]},"properties":{":id":"row-grbe~3s7t_ccx4",":version":"rv-i3xr-wtpt-bacs",":created_at":"2026-01-29T05:48:19.526Z",":updated_at":"2026-01-29T05:48:19.526Z","objectid":"29","parade":"Zulu","location":"Uptown","day":"Fat Tuesday","date":"2026-02-17T08:00:00.000Z","time":"8:00am","formation":"Claiborne and Jackson","disband":"N. Broad and Orleans","numfloats":null,"shape_stlength":"22510.397192275581"}},
{"type":"Feature","geometry":{"type":"MultiLineString","coordinates":[[[-90.101367845655,29.920819795492],[-90.101466750922,29.921806123139],[-90.101569130281,29.922829187588],[-90.101654497654,29.923661603092],[-90.101724441938,29.924338715918],[-90.101794232157,29.925036114715],[-90.101800948844,29.925106989933],[-90.1018613597,29.925655325688],[-90.101869007419,29.925730248891],[-90.101898611354,29.926020283114],[-90.101932560809,29.926352864698],[-90.101936988066,29.926413036077],[-90.101851083807,29.926419920699],[-90.101465838269,29.926449639254],[-90.10123398793,29.926467521726],[-90.101149306099,29.926476899372],[-90.100903997165,29.926494817599],[-90.100800077689,29.926502673172],[-90.100716912037,29.926508959274],[-90.09980080073,29.92658069468],[-90.099699932091,29.926585567256],[-90.098677418136,29.926668051214],[-90.098566702474,29.92667975601],[-90.097535947037,29.926754940432],[-90.097436511254,29.926760846961],[-90.09653150466,29.926827755845],[-90.096408855983,29.926840647649],[-90.096118210944,29.926867222431],[-90.095706406737,29.926902064278],[-90.095572212401,29.926919838713],[-90.095180328288,29.926985733414],[-90.094998675697,29.927016274619],[-90.094835189234,29.927046029341],[-90.094759655107,29.927064032215],[-90.094589906779,29.927104494879],[-90.094531897284,29.927118320218],[-90.094338564117,29.927167506058],[-90.094179027541,29.927211125639],[-90.093960343582,29.927274598016],[-90.09382684872,29.927315300207],[-90.093650161849,29.927364513773],[-90.093043543363,29.927586643802],[-90.092739050112,29.927691174844],[-90.092562463646,29.927751793889],[-90.092504385773,29.927771732102],[-90.092490639637,29.927777728578],[-90.091464028906,29.928146991752],[-90.091463598653,29.92814718979],[-90.091325691058,29.928210036329],[-90.09126903414,29.928235856419],[-90.090616467329,29.928476733711],[-90.090556416695,29.928498898083],[-90.090339936629,29.928573289645],[-90.09025585612,29.928602183914],[-90.090115907081,29.928650104171],[-90.090059553555,29.928669400785],[-90.089660064452,29.928838262609],[-90.089314280462,29.928987067496],[-90.089313835161,29.928987308691],[-90.088910890533,29.929207308233],[-90.088851772604,29.929239586528],[-90.088575002535,29.929400953583],[-90.088536805927,29.929423182176],[-90.088110984187,29.92966547434],[-90.088051759943,29.929699174088],[-90.08760905472,29.929950530115],[-90.08729975055,29.930118689679],[-90.087248903514,29.930146335962],[-90.087117147728,29.930218698076],[-90.086629809298,29.930491999692],[-90.086591415445,29.930513531139],[-90.085941953585,29.930879546869],[-90.085881980831,29.930913345916],[-90.085096222061,29.931357028127],[-90.085046767664,29.931384951133],[-90.084286077651,29.931807822815],[-90.084225011207,29.931841766815],[-90.083934308237,29.932006807427],[-90.083482153503,29.932260925424],[-90.083427971002,29.93229137787],[-90.082673541491,29.932708695139],[-90.082615621971,29.932740733034],[-90.082588035273,29.932756830888],[-90.082213016115,29.932972038439],[-90.082074672805,29.933051612086],[-90.081643029753,29.933330032799],[-90.081550236881,29.933390256996],[-90.081376255734,29.933503180063],[-90.081334415199,29.933530335972],[-90.080940666204,29.93379316],[-90.08093725134,29.933795439905],[-90.080860729908,29.933846514729],[-90.080616265556,29.934008126734],[-90.080572999724,29.934036729541],[-90.080529752681,29.934065318979],[-90.080476209579,29.934100715115],[-90.079921660368,29.934459876736],[-90.079583348426,29.934678985877],[-90.079529955813,29.93471356384],[-90.078743931347,29.935222252158],[-90.078701793425,29.935259764704],[-90.078663294835,29.935294039559],[-90.078118703575,29.935733029479],[-90.078080511902,29.935763709001],[-90.077707904445,29.936063013737],[-90.077606446851,29.936141738411],[-90.077525722991,29.93620437207],[-90.077480711039,29.936256257282],[-90.07729938252,29.936491196388],[-90.077002771062,29.936886677862],[-90.076966491088,29.936935936889],[-90.076517845441,29.937545036988],[-90.076454228847,29.937630616522],[-90.076404690376,29.937697261004],[-90.076376333998,29.937735129134],[-90.07597676507,29.93827465709],[-90.075939928225,29.938324293057],[-90.075575928693,29.938814786136],[-90.075462554927,29.938968516682],[-90.075429162691,29.939013578657],[-90.07540305883,29.939048806538],[-90.075382184215,29.93907697304],[-90.075114698276,29.939437928857],[-90.074909858152,29.939713708405],[-90.074876934652,29.939757705582],[-90.074774164156,29.939895043303],[-90.074452563761,29.94032974441],[-90.074364697089,29.940448694432],[-90.074327605788,29.940498911256],[-90.074219424628,29.940646305346],[-90.074168764362,29.94071532916],[-90.074003193752,29.940940616337],[-90.073893443213,29.941103031693],[-90.073785751796,29.941252723582],[-90.073753268941,29.941296365609],[-90.073648881703,29.941436625536],[-90.073508365702,29.941626591507],[-90.073381307513,29.941794298289],[-90.073373367794,29.941804651123],[-90.073366733196,29.941813295001],[-90.073245457676,29.941971367088],[-90.073214192901,29.942012116372],[-90.073185187365,29.942049924367],[-90.073148996261,29.94209709724],[-90.073076412872,29.942191697263],[-90.073023127697,29.942261153826],[-90.073018978776,29.942266560841],[-90.072942056458,29.942369452216],[-90.072610247293,29.942817595296],[-90.072555348287,29.942891739527],[-90.072495048735,29.942884515102],[-90.072434318033,29.942884414572],[-90.072373994894,29.942891439325],[-90.072314912402,29.942905492346],[-90.072257886507,29.942926379558],[-90.072203704758,29.942953812501],[-90.072153115425,29.942987412316],[-90.072106817163,29.943026714978],[-90.072065449369,29.943071177703],[-90.072029583347,29.943120186444],[-90.071999714419,29.943173064373],[-90.071976255087,29.943229081228],[-90.071967589042,29.943283599454],[-90.071965740798,29.943338771198],[-90.071970738805,29.943393747167],[-90.071982506127,29.943447681084],[-90.072000861622,29.943499742712],[-90.072025522733,29.943549130635],[-90.072056109836,29.943595084595],[-90.072092152086,29.943636897195],[-90.072133094664,29.943673924788],[-90.072178307314,29.943705597387],[-90.072227094053,29.943731427436],[-90.072278703875,29.943751017319],[-90.072332342322,29.943764065475],[-90.072225730658,29.944117689171],[-90.07221274105,29.944160768809],[-90.072161307865,29.944331356493],[-90.072142754779,29.944392896536],[-90.072115482339,29.944484233018],[-90.071683688084,29.945930313629],[-90.071603007582,29.946201791158],[-90.071313215828,29.947169993319],[-90.071271912944,29.94730870189],[-90.071263296186,29.947337638526],[-90.071256241793,29.947361327447],[-90.071239299146,29.947416843276],[-90.071099291111,29.947883486298],[-90.071022633899,29.948141247548],[-90.070965093642,29.94833474867],[-90.070956744554,29.948362822615],[-90.070906222686,29.948532034477],[-90.070782420123,29.948946685592],[-90.070711826249,29.949182908173],[-90.070698280506,29.949228241488],[-90.070649820213,29.949394610252],[-90.070638179416,29.949439145325],[-90.070623623876,29.94949484457],[-90.070573116728,29.949676065996],[-90.07054820311,29.94978340232],[-90.070342328918,29.950478219264],[-90.070290159855,29.950653229914],[-90.070195063835,29.950972226516],[-90.070172090262,29.951056790187],[-90.070133622708,29.951179723045],[-90.070038975879,29.951494911918],[-90.069841368341,29.952158409805],[-90.06980653898,29.952220193777],[-90.069645760499,29.952448562827],[-90.069588419272,29.952532192728],[-90.069452110522,29.952723926089],[-90.069442398469,29.952737583664],[-90.06938819968,29.952813821932],[-90.069230349189,29.953033365935],[-90.06917339384,29.953096624341],[-90.069166527498,29.953103681465],[-90.068948581891,29.952954463713],[-90.068486162352,29.952637862859],[-90.068307482525,29.952515527128],[-90.068212168359,29.95245027012],[-90.068131926868,29.952396867995],[-90.067821670022,29.952186726403],[-90.067262381063,29.951807901952],[-90.066913574735,29.951570207595],[-90.066730134694,29.951443239627],[-90.066453859125,29.951252014961],[-90.066286166271,29.95112952326],[-90.06623326928,29.951090884783],[-90.066154844301,29.951036728412],[-90.066188513699,29.950955967552],[-90.066216580481,29.950901121583],[-90.066339100286,29.95064434425],[-90.066519452459,29.9501780739],[-90.066584796304,29.950027110504],[-90.066815449268,29.949295758303],[-90.066921103889,29.948959658296],[-90.066949566888,29.94885808683]]]},"properties":{":id":"row-c95k.pygy.zpsv",":version":"rv-w98u-q6px-u5fu",":created_at":"2026-02-06T12:19:24.581Z",":updated_at":"2026-02-06T12:19:24.581Z","objectid":"27","parade":"Proteus","location":"Uptown","day":"Lundi Gras","date":"2026-02-16T17:15:00.000Z","time":"5:15pm","formation":"Napoleon and Magazine","disband":"Poydras and Tchoupitoulas","numfloats":null,"shape_stlength":"19757.399388372731"}},
{"type":"Feature","geometry":{"type":"MultiLineString","coordinates":[[[-90.100983686233,29.917155278351],[-90.101800948844,29.925106989933],[-90.1018613597,29.925655325688],[-90.101869007419,29.925730248891],[-90.101898611354,29.926020283114],[-90.101932560809,29.926352864698],[-90.101936988066,29.926413036077],[-90.101851083807,29.926419920699],[-90.101465838269,29.926449639254],[-90.10123398793,29.926467521726],[-90.101149306099,29.926476899372],[-90.100903997165,29.926494817599],[-90.100800077689,29.926502673172],[-90.100716912037,29.926508959274],[-90.09980080073,29.92658069468],[-90.099699932091,29.926585567256],[-90.098677418136,29.926668051214],[-90.098566702474,29.92667975601],[-90.097535947037,29.926754940432],[-90.097436511254,29.926760846961],[-90.09653150466,29.926827755845],[-90.096408855983,29.926840647649],[-90.096118210944,29.926867222431],[-90.095706406737,29.926902064278],[-90.095572212401,29.926919838713],[-90.095180328288,29.926985733414],[-90.094998675697,29.927016274619],[-90.094835189234,29.927046029341],[-90.094759655107,29.927064032215],[-90.094589906779,29.927104494879],[-90.094531897284,29.927118320218],[-90.094338564117,29.927167506058],[-90.094179027541,29.927211125639],[-90.093960343582,29.927274598016],[-90.09382684872,29.927315300207],[-90.093650161849,29.927364513773],[-90.093043543363,29.927586643802],[-90.092739050112,29.927691174844],[-90.092562463646,29.927751793889],[-90.092504385773,29.927771732102],[-90.092490639637,29.927777728578],[-90.091464028906,29.928146991752],[-90.091463598653,29.92814718979],[-90.091325691058,29.928210036329],[-90.09126903414,29.928235856419],[-90.090616467329,29.928476733711],[-90.090556416695,29.928498898083],[-90.090339936629,29.928573289645],[-90.09025585612,29.928602183914],[-90.090115907081,29.928650104171],[-90.090059553555,29.928669400785],[-90.089660064452,29.928838262609],[-90.089314280462,29.928987067496],[-90.089313835161,29.928987308691],[-90.088910890533,29.929207308233],[-90.088851772604,29.929239586528],[-90.088575002535,29.929400953583],[-90.088536805927,29.929423182176],[-90.088110984187,29.92966547434],[-90.088051759943,29.929699174088],[-90.08760905472,29.929950530115],[-90.08729975055,29.930118689679],[-90.087248903514,29.930146335962],[-90.087117147728,29.930218698076],[-90.086629809298,29.930491999692],[-90.086591415445,29.930513531139],[-90.085941953585,29.930879546869],[-90.085881980831,29.930913345916],[-90.085096222061,29.931357028127],[-90.085046767664,29.931384951133],[-90.084286077651,29.931807822815],[-90.084225011207,29.931841766815],[-90.083934308237,29.932006807427],[-90.083482153503,29.932260925424],[-90.083427971002,29.93229137787],[-90.082673541491,29.932708695139],[-90.082615621971,29.932740733034],[-90.082588035273,29.932756830888],[-90.082213016115,29.932972038439],[-90.082074672805,29.933051612086],[-90.081643029753,29.933330032799],[-90.081550236881,29.933390256996],[-90.081376255734,29.933503180063],[-90.081334415199,29.933530335972],[-90.080940666204,29.93379316],[-90.08093725134,29.933795439905],[-90.080860729908,29.933846514729],[-90.080616265556,29.934008126734],[-90.080572999724,29.934036729541],[-90.080529752681,29.934065318979],[-90.080476209579,29.934100715115],[-90.079921660368,29.934459876736],[-90.079583348426,29.934678985877],[-90.079529955813,29.93471356384],[-90.078743931347,29.935222252158],[-90.078701793425,29.935259764704],[-90.078663294835,29.935294039559],[-90.078118703575,29.935733029479],[-90.078080511902,29.935763709001],[-90.077707904445,29.936063013737],[-90.077606446851,29.936141738411],[-90.077525722991,29.93620437207],[-90.077480711039,29.936256257282],[-90.07729938252,29.936491196388],[-90.077002771062,29.936886677862],[-90.076966491088,29.936935936889],[-90.076517845441,29.937545036988],[-90.076454228847,29.937630616522],[-90.076404690376,29.937697261004],[-90.076376333998,29.937735129134],[-90.07597676507,29.93827465709],[-90.075939928225,29.938324293057],[-90.075575928693,29.938814786136],[-90.075462554927,29.938968516682],[-90.075429162691,29.939013578657],[-90.07540305883,29.939048806538],[-90.075382184215,29.93907697304],[-90.075114698276,29.939437928857],[-90.074909858152,29.939713708405],[-90.074876934652,29.939757705582],[-90.074774164156,29.939895043303],[-90.074452563761,29.94032974441],[-90.074364697089,29.940448694432],[-90.074327605788,29.940498911256],[-90.074219424628,29.940646305346],[-90.074168764362,29.94071532916],[-90.074003193752,29.940940616337],[-90.073893443213,29.941103031693],[-90.073785751796,29.941252723582],[-90.073753268941,29.941296365609],[-90.073648881703,29.941436625536],[-90.073508365702,29.941626591507],[-90.073381307513,29.941794298289],[-90.073373367794,29.941804651123],[-90.073366733196,29.941813295001],[-90.073245457676,29.941971367088],[-90.073214192901,29.942012116372],[-90.073185187365,29.942049924367],[-90.073148996261,29.94209709724],[-90.073076412872,29.942191697263],[-90.073023127697,29.942261153826],[-90.073018978776,29.942266560841],[-90.072942056458,29.942369452216],[-90.072610247293,29.942817595296],[-90.072555348287,29.942891739527],[-90.072495048735,29.942884515102],[-90.072434318033,29.942884414572],[-90.072373994894,29.942891439325],[-90.072314912402,29.942905492346],[-90.072257886507,29.942926379558],[-90.072203704758,29.942953812501],[-90.072153115425,29.942987412316],[-90.072106817163,29.943026714978],[-90.072065449369,29.943071177703],[-90.072029583347,29.943120186444],[-90.071999714419,29.943173064373],[-90.071976255087,29.943229081228],[-90.071967589042,29.943283599454],[-90.071965740798,29.943338771197],[-90.071970738805,29.943393747167],[-90.071982506127,29.943447681084],[-90.072000861622,29.943499742712],[-90.072025522733,29.943549130635],[-90.072056109836,29.943595084595],[-90.072092152086,29.943636897195],[-90.072133094664,29.943673924788],[-90.072178307314,29.943705597387],[-90.072227094053,29.943731427436],[-90.072278703876,29.943751017319],[-90.072332342322,29.943764065475],[-90.072225730658,29.944117689171],[-90.07221274105,29.944160768809],[-90.072161307865,29.944331356493],[-90.072142754779,29.944392896536],[-90.072115482339,29.944484233018],[-90.071683688084,29.945930313629],[-90.071603007582,29.946201791158],[-90.071313215828,29.947169993319],[-90.071271912944,29.94730870189],[-90.071263296186,29.947337638526],[-90.071256241793,29.947361327447],[-90.071239299146,29.947416843276],[-90.071099291111,29.947883486298],[-90.071022633899,29.948141247548],[-90.070965093642,29.94833474867],[-90.070956744554,29.948362822615],[-90.070906222686,29.948532034477],[-90.070782420123,29.948946685592],[-90.070711826249,29.949182908173],[-90.070698280506,29.949228241488],[-90.070649820213,29.949394610252],[-90.070638179416,29.949439145325],[-90.070623623876,29.94949484457],[-90.070573116728,29.949676065996],[-90.07054820311,29.94978340232],[-90.070342328918,29.950478219264],[-90.070290159855,29.950653229914],[-90.070195063835,29.950972226516],[-90.070172090262,29.951056790187],[-90.070133622708,29.951179723045],[-90.070038975879,29.951494911918],[-90.069841368341,29.952158409805],[-90.06980653898,29.952220193777],[-90.069645760499,29.952448562827],[-90.069588419272,29.952532192728],[-90.069452110522,29.952723926089],[-90.069442398469,29.952737583664],[-90.06938819968,29.952813821932],[-90.069230349189,29.953033365935],[-90.06917339384,29.953096624341],[-90.069166527498,29.953103681465],[-90.068800684779,29.952853203681],[-90.068532966552,29.952669906999],[-90.068439359217,29.952605818712],[-90.068307482525,29.952515527128],[-90.068212168359,29.95245027012],[-90.068131926868,29.952396867995],[-90.067821670022,29.952186726403],[-90.067382098486,29.951888989476],[-90.067262381063,29.951807901952],[-90.067187787855,29.951757379365],[-90.067097016291,29.951697174414],[-90.066730134694,29.951443239627],[-90.066453859125,29.951252014961],[-90.06623326928,29.951090884783],[-90.066154844301,29.951036728412],[-90.066188513699,29.950955967552],[-90.066216580481,29.950901121583],[-90.066339100286,29.95064434425],[-90.066519452459,29.9501780739],[-90.066584796304,29.950027110504],[-90.066815449268,29.949295758303],[-90.066921103889,29.948959658296],[-90.066949566888,29.94885808683]]]},"properties":{":id":"row-qcbk_88mz~mqu8",":version":"rv-whse_ex2z.5655",":created_at":"2026-02-06T12:19:24.581Z",":updated_at":"2026-02-06T12:19:24.581Z","objectid":"28","parade":"Orpheus","location":"Uptown","day":"Lundi Gras","date":"2026-02-16T18:00:00.000Z","time":"6:00pm","formation":"Napoleon and Tchoupitoulas","disband":"Poydras and Tchoupitoulas","numfloats":null,"shape_stlength":"21095.572687689331"}},
{"type":"Feature","geometry":{"type":"MultiLineString","coordinates":[[[-90.100983686233,29.917155278351],[-90.101000946269,29.917253917547],[-90.101069204334,29.917917060772],[-90.10123981586,29.91961983468],[-90.101367845655,29.920819795492],[-90.101382363938,29.920971229924],[-90.101422119933,29.921360498303],[-90.101458741502,29.92171909849],[-90.101466750922,29.921806123139],[-90.101472915108,29.921873054101],[-90.101569130281,29.922829187588],[-90.101578112446,29.922902868334],[-90.101584025901,29.922955129393],[-90.101647401256,29.923582904676],[-90.101654497654,29.923661603092],[-90.101660984632,29.923733619306],[-90.101677588329,29.923878794554],[-90.101703147451,29.924140128116],[-90.101724441938,29.924338715918],[-90.101732094246,29.924410060946],[-90.101765489107,29.92473276888],[-90.101794232157,29.925036114715],[-90.101800948844,29.925106989933],[-90.1018613597,29.925655325688],[-90.101869007419,29.925730248891],[-90.101898611354,29.926020283114],[-90.101932560809,29.926352864698],[-90.101936988066,29.926413036077],[-90.101851083807,29.926419920699],[-90.101465838269,29.926449639254],[-90.10123398793,29.926467521726],[-90.101149306099,29.926476899372],[-90.100903997165,29.926494817599],[-90.100800077689,29.926502673172],[-90.100716912037,29.926508959274],[-90.09980080073,29.92658069468],[-90.099699932091,29.926585567256],[-90.098677418136,29.926668051214],[-90.098566702474,29.92667975601],[-90.097535947037,29.926754940432],[-90.097436511254,29.926760846961],[-90.09653150466,29.926827755845],[-90.096408855983,29.926840647649],[-90.096118210944,29.926867222431],[-90.095706406737,29.926902064278],[-90.095572212401,29.926919838713],[-90.095180328288,29.926985733414],[-90.094998675697,29.927016274619],[-90.094835189234,29.927046029341],[-90.094759655107,29.927064032215],[-90.094589906779,29.927104494879],[-90.094531897284,29.927118320218],[-90.094338564117,29.927167506058],[-90.094179027541,29.927211125639],[-90.093960343582,29.927274598016],[-90.09382684872,29.927315300207],[-90.093650161849,29.927364513773],[-90.093043543363,29.927586643802],[-90.092739050112,29.927691174844],[-90.092562463646,29.927751793889],[-90.092504385773,29.927771732102],[-90.092490639637,29.927777728578],[-90.091464028906,29.928146991752],[-90.091463598653,29.92814718979],[-90.091325691058,29.928210036329],[-90.09126903414,29.928235856419],[-90.090616467329,29.928476733711],[-90.090556416695,29.928498898083],[-90.090339936629,29.928573289645],[-90.09025585612,29.928602183914],[-90.090115907081,29.928650104171],[-90.090059553555,29.928669400785],[-90.089660064452,29.928838262609],[-90.089314280462,29.928987067496],[-90.089313835161,29.928987308691],[-90.088910890533,29.929207308233],[-90.088851772604,29.929239586528],[-90.088575002535,29.929400953583],[-90.088536805927,29.929423182176],[-90.088110984187,29.92966547434],[-90.088051759943,29.929699174088],[-90.08760905472,29.929950530115],[-90.08729975055,29.930118689679],[-90.087248903514,29.930146335962],[-90.087117147728,29.930218698076],[-90.086629809298,29.930491999692],[-90.086591415445,29.930513531139],[-90.085941953585,29.930879546869],[-90.085881980831,29.930913345916],[-90.085096222061,29.931357028127],[-90.085046767664,29.931384951133],[-90.084286077651,29.931807822815],[-90.084225011207,29.931841766815],[-90.083934308237,29.932006807427],[-90.083482153503,29.932260925424],[-90.083427971002,29.93229137787],[-90.082673541491,29.932708695139],[-90.082615621971,29.932740733034],[-90.082588035273,29.932756830888],[-90.082213016115,29.932972038439],[-90.082074672805,29.933051612086],[-90.081643029753,29.933330032799],[-90.081550236881,29.933390256996],[-90.081376255734,29.933503180063],[-90.081334415199,29.933530335972],[-90.080940666204,29.93379316],[-90.08093725134,29.933795439905],[-90.080860729908,29.933846514729],[-90.080616265556,29.934008126734],[-90.080572999724,29.934036729541],[-90.080529752681,29.934065318979],[-90.080476209579,29.934100715115],[-90.079921660368,29.934459876736],[-90.079583348426,29.934678985877],[-90.079529955813,29.93471356384],[-90.078743931347,29.935222252158],[-90.078701793425,29.935259764704],[-90.078663294835,29.935294039559],[-90.078118703575,29.935733029479],[-90.078080511902,29.935763709001],[-90.077707904445,29.936063013737],[-90.077606446851,29.936141738411],[-90.077525722991,29.93620437207],[-90.077480711039,29.936256257282],[-90.07729938252,29.936491196388],[-90.077002771062,29.936886677862],[-90.076966491088,29.936935936889],[-90.076517845441,29.937545036988],[-90.076454228847,29.937630616522],[-90.076404690376,29.937697261004],[-90.076376333998,29.937735129134],[-90.07597676507,29.93827465709],[-90.075939928225,29.938324293057],[-90.075575928693,29.938814786136],[-90.075462554927,29.938968516682],[-90.075429162691,29.939013578657],[-90.07540305883,29.939048806538],[-90.075382184215,29.93907697304],[-90.075114698276,29.939437928857],[-90.074909858152,29.939713708405],[-90.074876934652,29.939757705582],[-90.074774164156,29.939895043303],[-90.074452563761,29.94032974441],[-90.074364697089,29.940448694432],[-90.074327605788,29.940498911256],[-90.074219424628,29.940646305346],[-90.074168764362,29.94071532916],[-90.074003193752,29.940940616337],[-90.073893443213,29.941103031693],[-90.073785751796,29.941252723582],[-90.073753268941,29.941296365609],[-90.073648881703,29.941436625536],[-90.073508365702,29.941626591507],[-90.073381307513,29.941794298289],[-90.073373367794,29.941804651123],[-90.073366733196,29.941813295001],[-90.073245457676,29.941971367088],[-90.073214192901,29.942012116372],[-90.073185187365,29.942049924367],[-90.073148996261,29.94209709724],[-90.073076412872,29.942191697263],[-90.073023127697,29.942261153826],[-90.073018978776,29.942266560841],[-90.072942056458,29.942369452216],[-90.072610247293,29.942817595296],[-90.072555348287,29.942891739527],[-90.072495048735,29.942884515102],[-90.072434318033,29.942884414572],[-90.072373994894,29.942891439325],[-90.072314912402,29.942905492346],[-90.072257886507,29.942926379558],[-90.072203704758,29.942953812501],[-90.072153115425,29.942987412316],[-90.072106817163,29.943026714978],[-90.072065449369,29.943071177703],[-90.072029583347,29.943120186444],[-90.071999714419,29.943173064373],[-90.071976255087,29.943229081228],[-90.071967589042,29.943283599454],[-90.071965740798,29.943338771197],[-90.071970738805,29.943393747167],[-90.071982506127,29.943447681084],[-90.072000861622,29.943499742712],[-90.072025522733,29.943549130635],[-90.072056109836,29.943595084595],[-90.072092152086,29.943636897195],[-90.072133094664,29.943673924788],[-90.072178307314,29.943705597387],[-90.072227094053,29.943731427436],[-90.072278703875,29.943751017319],[-90.072332342322,29.943764065475],[-90.072225730658,29.944117689171],[-90.07221274105,29.944160768809],[-90.072161307865,29.944331356493],[-90.072142754779,29.944392896536],[-90.072115482339,29.944484233018],[-90.071683688084,29.945930313629],[-90.071603007582,29.946201791158],[-90.071313215828,29.947169993319],[-90.071271912944,29.94730870189],[-90.071263296186,29.947337638526],[-90.071256241793,29.947361327447],[-90.071239299146,29.947416843276],[-90.071099291111,29.947883486298],[-90.071022633899,29.948141247548],[-90.070965093642,29.94833474867],[-90.070956744554,29.948362822615],[-90.070906222686,29.948532034477],[-90.070782420123,29.948946685592],[-90.070711826249,29.949182908173],[-90.070698280506,29.949228241488],[-90.070649820213,29.949394610252],[-90.070638179416,29.949439145325],[-90.070623623876,29.94949484457],[-90.070573116728,29.949676065996],[-90.07054820311,29.94978340232],[-90.070342328918,29.950478219264],[-90.070290159855,29.950653229914],[-90.070195063835,29.950972226516],[-90.070172090262,29.951056790187],[-90.070133622708,29.951179723045],[-90.070038975879,29.951494911918],[-90.069841368341,29.952158409805],[-90.06980653898,29.952220193777],[-90.069645760499,29.952448562827],[-90.069588419272,29.952532192728],[-90.069452110522,29.952723926089],[-90.069442398469,29.952737583664],[-90.06938819968,29.952813821932],[-90.069230349189,29.953033365935],[-90.06917339384,29.953096624341],[-90.069166527498,29.953103681465],[-90.068800684779,29.952853203681],[-90.068532966552,29.952669906999],[-90.068439359217,29.952605818712],[-90.068307482525,29.952515527128],[-90.068212168359,29.95245027012],[-90.068131926868,29.952396867995],[-90.067821670022,29.952186726403],[-90.067382098486,29.951888989476],[-90.067262381063,29.951807901952],[-90.067187787855,29.951757379365],[-90.067097016291,29.951697174414],[-90.066730134694,29.951443239627],[-90.066453859125,29.951252014961],[-90.06623326928,29.951090884783],[-90.066154844301,29.951036728412],[-90.066188513699,29.950955967552],[-90.066216580481,29.950901121583],[-90.066339100286,29.95064434425],[-90.066519452459,29.9501780739],[-90.066584796304,29.950027110504],[-90.066815449268,29.949295758303],[-90.066921103889,29.948959658296],[-90.066949562756,29.948858085888]]]},"properties":{":id":"row-6t4s_j5vp-cczn",":version":"rv-djmk.33bm_w7in",":created_at":"2026-02-06T12:19:24.581Z",":updated_at":"2026-02-06T12:19:24.581Z","objectid":"4","parade":"Cleopatra","location":"Uptown","day":"1st Friday","date":"2026-02-06T18:00:00.000Z","time":"6:00pm","formation":"Napoleon and Tchoupitoulas","disband":"Poydras and Tchoupitoulas","numfloats":null,"shape_stlength":"21095.666078284645"}},
{"type":"Feature","geometry":{"type":"MultiLineString","coordinates":[[[-90.101367845655,29.920819795492],[-90.101800948844,29.925106989933],[-90.1018613597,29.925655325688],[-90.101869007419,29.925730248891],[-90.101898611354,29.926020283114],[-90.101932560809,29.926352864698],[-90.101936988066,29.926413036077],[-90.101851083807,29.926419920699],[-90.101465838269,29.926449639254],[-90.10123398793,29.926467521726],[-90.101149306099,29.926476899372],[-90.100903997165,29.926494817599],[-90.100800077689,29.926502673172],[-90.100716912037,29.926508959274],[-90.09980080073,29.92658069468],[-90.099699932091,29.926585567256],[-90.098677418136,29.926668051214],[-90.098566702474,29.92667975601],[-90.097535947037,29.926754940432],[-90.097436511254,29.926760846961],[-90.09653150466,29.926827755845],[-90.096408855983,29.926840647649],[-90.096118210944,29.926867222431],[-90.095706406737,29.926902064278],[-90.095572212401,29.926919838713],[-90.095180328288,29.926985733414],[-90.094998675697,29.927016274619],[-90.094835189234,29.927046029341],[-90.094759655107,29.927064032215],[-90.094589906779,29.927104494879],[-90.094531897284,29.927118320218],[-90.094338564117,29.927167506058],[-90.094179027541,29.927211125639],[-90.093960343582,29.927274598016],[-90.09382684872,29.927315300207],[-90.093650161849,29.927364513773],[-90.093043543363,29.927586643802],[-90.092739050112,29.927691174844],[-90.092562463646,29.927751793889],[-90.092504385773,29.927771732102],[-90.092490639637,29.927777728578],[-90.091464028906,29.928146991752],[-90.091463598653,29.92814718979],[-90.091325691058,29.928210036329],[-90.09126903414,29.928235856419],[-90.090616467329,29.928476733711],[-90.090556416695,29.928498898083],[-90.090339936629,29.928573289645],[-90.09025585612,29.928602183914],[-90.090115907081,29.928650104171],[-90.090059553555,29.928669400785],[-90.089660064452,29.928838262609],[-90.089314280462,29.928987067496],[-90.089313835161,29.928987308691],[-90.088910890533,29.929207308233],[-90.088851772604,29.929239586528],[-90.088575002535,29.929400953583],[-90.088536805927,29.929423182176],[-90.088110984187,29.92966547434],[-90.088051759943,29.929699174088],[-90.08760905472,29.929950530115],[-90.08729975055,29.930118689679],[-90.087248903514,29.930146335962],[-90.087117147728,29.930218698076],[-90.086629809298,29.930491999692],[-90.086591415445,29.930513531139],[-90.085941953585,29.930879546869],[-90.085881980831,29.930913345916],[-90.085096222061,29.931357028127],[-90.085046767664,29.931384951133],[-90.084286077651,29.931807822815],[-90.084225011207,29.931841766815],[-90.083934308237,29.932006807427],[-90.083482153503,29.932260925424],[-90.083427971002,29.93229137787],[-90.082673541491,29.932708695139],[-90.082615621971,29.932740733034],[-90.082588035273,29.932756830888],[-90.082213016115,29.932972038439],[-90.082074672805,29.933051612086],[-90.081643029753,29.933330032799],[-90.081550236881,29.933390256996],[-90.081376255734,29.933503180063],[-90.081334415199,29.933530335972],[-90.080940666204,29.93379316],[-90.08093725134,29.933795439905],[-90.080860729908,29.933846514729],[-90.080616265556,29.934008126734],[-90.080572999724,29.934036729541],[-90.080529752681,29.934065318979],[-90.080476209579,29.934100715115],[-90.079921660368,29.934459876736],[-90.079583348426,29.934678985877],[-90.079529955813,29.93471356384],[-90.078743931347,29.935222252158],[-90.078701793425,29.935259764704],[-90.078663294835,29.935294039559],[-90.078118703575,29.935733029479],[-90.078080511902,29.935763709001],[-90.077707904445,29.936063013737],[-90.077606446851,29.936141738411],[-90.077525722991,29.93620437207],[-90.077480711039,29.936256257282],[-90.07729938252,29.936491196388],[-90.077002771062,29.936886677862],[-90.076966491088,29.936935936889],[-90.076517845441,29.937545036988],[-90.076454228847,29.937630616522],[-90.076404690376,29.937697261004],[-90.076376333998,29.937735129134],[-90.07597676507,29.93827465709],[-90.075939928225,29.938324293057],[-90.075575928693,29.938814786136],[-90.075462554927,29.938968516682],[-90.075429162691,29.939013578657],[-90.07540305883,29.939048806538],[-90.075382184215,29.93907697304],[-90.075114698276,29.939437928857],[-90.074909858152,29.939713708405],[-90.074876934652,29.939757705582],[-90.074774164156,29.939895043303],[-90.074452563761,29.94032974441],[-90.074364697089,29.940448694432],[-90.074327605788,29.940498911256],[-90.074219424628,29.940646305346],[-90.074168764362,29.94071532916],[-90.074003193752,29.940940616337],[-90.073893443213,29.941103031693],[-90.073785751796,29.941252723582],[-90.073753268941,29.941296365609],[-90.073648881703,29.941436625536],[-90.073508365702,29.941626591507],[-90.073381307513,29.941794298289],[-90.073373367794,29.941804651123],[-90.073366733196,29.941813295001],[-90.073245457676,29.941971367088],[-90.073214192901,29.942012116372],[-90.073185187365,29.942049924367],[-90.073148996261,29.94209709724],[-90.073076412872,29.942191697263],[-90.073023127697,29.942261153826],[-90.073018978776,29.942266560841],[-90.072942056458,29.942369452216],[-90.072610247293,29.942817595296],[-90.072555348287,29.942891739527],[-90.072495048735,29.942884515102],[-90.072434318033,29.942884414572],[-90.072373994894,29.942891439325],[-90.072314912402,29.942905492346],[-90.072257886507,29.942926379558],[-90.072203704758,29.942953812501],[-90.072153115425,29.942987412316],[-90.072106817163,29.943026714978],[-90.072065449369,29.943071177703],[-90.072029583347,29.943120186444],[-90.071999714419,29.943173064373],[-90.071976255087,29.943229081228],[-90.071967589042,29.943283599454],[-90.071965740798,29.943338771198],[-90.071970738805,29.943393747167],[-90.071982506127,29.943447681084],[-90.072000861622,29.943499742712],[-90.072025522733,29.943549130635],[-90.072056109836,29.943595084595],[-90.072092152086,29.943636897195],[-90.072133094664,29.943673924788],[-90.072178307314,29.943705597387],[-90.072227094053,29.943731427436],[-90.072278703875,29.943751017319],[-90.072332342322,29.943764065475],[-90.072225730658,29.944117689171],[-90.07221274105,29.944160768809],[-90.072161307865,29.944331356493],[-90.072142754779,29.944392896536],[-90.072115482339,29.944484233018],[-90.071683688084,29.945930313629],[-90.071603007582,29.946201791158],[-90.071313215828,29.947169993319],[-90.071271912944,29.94730870189],[-90.071263296186,29.947337638526],[-90.071256241793,29.947361327447],[-90.071239299146,29.947416843276],[-90.071099291111,29.947883486298],[-90.071022633899,29.948141247548],[-90.070965093642,29.94833474867],[-90.070956744554,29.948362822615],[-90.070906222686,29.948532034477],[-90.070782420123,29.948946685592],[-90.070711826249,29.949182908173],[-90.070698280506,29.949228241488],[-90.070649820213,29.949394610252],[-90.070638179416,29.949439145325],[-90.070623623876,29.94949484457],[-90.070573116728,29.949676065996],[-90.07054820311,29.94978340232],[-90.070342328918,29.950478219264],[-90.070290159855,29.950653229914],[-90.070195063835,29.950972226516],[-90.070172090262,29.951056790187],[-90.070133622708,29.951179723045],[-90.070038975879,29.951494911918],[-90.069841368341,29.952158409805],[-90.06980653898,29.952220193777],[-90.069645760499,29.952448562827],[-90.069588419272,29.952532192728],[-90.069452110522,29.952723926089],[-90.069442398469,29.952737583664],[-90.06938819968,29.952813821932],[-90.069230349189,29.953033365935],[-90.06917339384,29.953096624341],[-90.069166527498,29.953103681465],[-90.068948581891,29.952954463713],[-90.068439359217,29.952605818712],[-90.068083986585,29.952364397759],[-90.067400325641,29.951901336807],[-90.066730134694,29.951443239627],[-90.066154844301,29.951036728412],[-90.066277840457,29.950772733383],[-90.066339100286,29.95064434425],[-90.066519452459,29.9501780739],[-90.066584796304,29.950027110504],[-90.066815449268,29.949295758303],[-90.066921103889,29.948959658296],[-90.066949566888,29.94885808683]]]},"properties":{":id":"row-225x-bjz2~ipcp",":version":"rv-nkte.69b5.r4si",":created_at":"2026-02-06T12:19:24.581Z",":updated_at":"2026-02-06T12:19:24.581Z","objectid":"17","parade":"Chaos","location":"Uptown","day":"2nd Thursday","date":"2026-02-12T16:30:00.000Z","time":"4:30pm","formation":"Napoleon and Magazine","disband":"Poydras and Tchoupitoulas","numfloats":null,"shape_stlength":"19757.338041913277"}},
{"type":"Feature","geometry":{"type":"MultiLineString","coordinates":[[[-90.100983686233,29.917155278351],[-90.101000946269,29.917253917547],[-90.101074970071,29.91796488244],[-90.101088416009,29.918096059983],[-90.101091960013,29.918130639561],[-90.101148458977,29.918681843839],[-90.101158132804,29.918790220064],[-90.10123981586,29.91961983468],[-90.101284989886,29.92004323655],[-90.101284994507,29.920043281705],[-90.101285011233,29.920043437045],[-90.101314874115,29.920314819571],[-90.101316877417,29.920336536051],[-90.101320703692,29.920377964373],[-90.10135079857,29.92066002062],[-90.101360316366,29.920741212068],[-90.101362508325,29.920764092384],[-90.101367845655,29.920819795492],[-90.101454199765,29.921674621163],[-90.101459240182,29.921724513829],[-90.101564614191,29.922767600639],[-90.101584025901,29.922955129393],[-90.101647401256,29.923582904676],[-90.101648182042,29.923591564364],[-90.101673775815,29.923845461193],[-90.101673779568,29.923845492806],[-90.10167378233,29.923845520801],[-90.101677588329,29.923878794554],[-90.101689251253,29.923998051218],[-90.101724441938,29.924338715918],[-90.10175933692,29.92468741578],[-90.101794232157,29.925036114715],[-90.1018613597,29.925655325688],[-90.101865183553,29.925692787741],[-90.101869007419,29.925730248891],[-90.101898611354,29.926020283114],[-90.101932560809,29.926352864698],[-90.101936988066,29.926413036077],[-90.101851083807,29.926419920699],[-90.101465838269,29.926449639254],[-90.10123398793,29.926467521726],[-90.101149306099,29.926476899372],[-90.100903997165,29.926494817599],[-90.100800077689,29.926502673172],[-90.100716912037,29.926508959274],[-90.09980080073,29.92658069468],[-90.099699932091,29.926585567256],[-90.098677418136,29.926668051214],[-90.098566702474,29.92667975601],[-90.097535947037,29.926754940432],[-90.097436511254,29.926760846961],[-90.09653150466,29.926827755845],[-90.096408855983,29.926840647649],[-90.096118210944,29.926867222431],[-90.095706406737,29.926902064278],[-90.095572212401,29.926919838713],[-90.095180328288,29.926985733414],[-90.094998675697,29.927016274619],[-90.094835189234,29.927046029341],[-90.094759655107,29.927064032215],[-90.094589906779,29.927104494879],[-90.094531897284,29.927118320218],[-90.094338564117,29.927167506058],[-90.094179027541,29.927211125639],[-90.093960343582,29.927274598016],[-90.09382684872,29.927315300207],[-90.093650161849,29.927364513773],[-90.093043543363,29.927586643802],[-90.092739050112,29.927691174844],[-90.092562463646,29.927751793889],[-90.092504385773,29.927771732102],[-90.092490639637,29.927777728578],[-90.091464028906,29.928146991752],[-90.091463598653,29.92814718979],[-90.091325691058,29.928210036329],[-90.09126903414,29.928235856419],[-90.090616467329,29.928476733711],[-90.090556416695,29.928498898083],[-90.090339936629,29.928573289645],[-90.09025585612,29.928602183914],[-90.090115907081,29.928650104171],[-90.090059553555,29.928669400785],[-90.089660064452,29.928838262609],[-90.089314280462,29.928987067496],[-90.089313835161,29.928987308691],[-90.088910890533,29.929207308233],[-90.088851772604,29.929239586528],[-90.088575002535,29.929400953583],[-90.088536805927,29.929423182176],[-90.088110984187,29.92966547434],[-90.088051759943,29.929699174088],[-90.08760905472,29.929950530115],[-90.08729975055,29.930118689679],[-90.087248903514,29.930146335962],[-90.087117147728,29.930218698076],[-90.086629809298,29.930491999692],[-90.086591415445,29.930513531139],[-90.085941953585,29.930879546869],[-90.085881980831,29.930913345916],[-90.085096222061,29.931357028127],[-90.085046767664,29.931384951133],[-90.084286077651,29.931807822815],[-90.084225011207,29.931841766815],[-90.083934308237,29.932006807427],[-90.083482153503,29.932260925424],[-90.083427971002,29.93229137787],[-90.082673541491,29.932708695139],[-90.082615621971,29.932740733034],[-90.082588035273,29.932756830888],[-90.082213016115,29.932972038439],[-90.082074672805,29.933051612086],[-90.081643029753,29.933330032799],[-90.081550236881,29.933390256996],[-90.081376255734,29.933503180063],[-90.081334415199,29.933530335972],[-90.080940666204,29.93379316],[-90.08093725134,29.933795439905],[-90.080860729908,29.933846514729],[-90.080616265556,29.934008126734],[-90.080572999724,29.934036729541],[-90.080529752681,29.934065318979],[-90.080476209579,29.934100715115],[-90.079921660368,29.934459876736],[-90.079583348426,29.934678985877],[-90.079529955813,29.93471356384],[-90.078743931347,29.935222252158],[-90.078701793425,29.935259764704],[-90.078663294835,29.935294039559],[-90.078118703575,29.935733029479],[-90.078080511902,29.935763709001],[-90.077707904445,29.936063013737],[-90.077606446851,29.936141738411],[-90.077525722991,29.93620437207],[-90.077480711039,29.936256257282],[-90.07729938252,29.936491196388],[-90.077002771062,29.936886677862],[-90.076966491088,29.936935936889],[-90.076517845441,29.937545036988],[-90.076454228847,29.937630616522],[-90.076404690376,29.937697261004],[-90.076376333998,29.937735129134],[-90.07597676507,29.93827465709],[-90.075939928225,29.938324293057],[-90.075575928693,29.938814786136],[-90.075462554927,29.938968516682],[-90.075429162691,29.939013578657],[-90.07540305883,29.939048806538],[-90.075382184215,29.93907697304],[-90.075114698276,29.939437928857],[-90.074909858152,29.939713708405],[-90.074876934652,29.939757705582],[-90.074774164156,29.939895043303],[-90.074452563761,29.94032974441],[-90.074364697089,29.940448694432],[-90.074327605788,29.940498911256],[-90.074219424628,29.940646305346],[-90.074168764362,29.94071532916],[-90.074003193752,29.940940616337],[-90.073893443213,29.941103031693],[-90.073785751796,29.941252723582],[-90.073753268941,29.941296365609],[-90.073648881703,29.941436625536],[-90.073508365702,29.941626591507],[-90.073381307513,29.941794298289],[-90.073373367794,29.941804651123],[-90.073366733196,29.941813295001],[-90.073245457676,29.941971367088],[-90.073214192901,29.942012116372],[-90.073185187365,29.942049924367],[-90.073148996261,29.94209709724],[-90.073076412872,29.942191697263],[-90.073023127697,29.942261153826],[-90.073018978776,29.942266560841],[-90.072942056458,29.942369452216],[-90.072610247293,29.942817595296],[-90.072555348287,29.942891739527],[-90.072495048737,29.942884515114],[-90.072434318038,29.942884414594],[-90.072373994903,29.942891439354],[-90.072314912415,29.942905492379],[-90.072257886524,29.942926379593],[-90.072203704779,29.942953812535],[-90.072153115447,29.942987412348],[-90.072106817186,29.943026715006],[-90.07206544939,29.943071177724],[-90.072029583364,29.943120186459],[-90.071999714429,29.943173064381],[-90.071976255087,29.943229081228],[-90.071967589034,29.943283599455],[-90.071965740784,29.943338771201],[-90.071970738786,29.943393747173],[-90.071982506105,29.943447681093],[-90.072000861598,29.943499742724],[-90.072025522709,29.94354913065],[-90.072056109814,29.943595084611],[-90.072092152066,29.943636897212],[-90.072133094647,29.943673924805],[-90.072178307302,29.943705597402],[-90.072227094044,29.943731427448],[-90.072278703872,29.943751017325],[-90.072332342322,29.943764065475],[-90.072225730658,29.944117689171],[-90.07221274105,29.944160768809],[-90.072161307865,29.944331356493],[-90.072142754779,29.944392896536],[-90.072115482339,29.944484233018],[-90.071683688084,29.945930313629],[-90.071603007582,29.946201791158],[-90.071313215828,29.947169993319],[-90.071271912944,29.94730870189],[-90.071263296186,29.947337638526],[-90.071256241793,29.947361327447],[-90.071239299146,29.947416843276],[-90.071099291111,29.947883486298],[-90.071022633899,29.948141247548],[-90.070965093642,29.94833474867],[-90.070956744554,29.948362822615],[-90.070906222686,29.948532034477],[-90.070782420123,29.948946685592],[-90.070711826249,29.949182908173],[-90.070698280506,29.949228241488],[-90.070649820213,29.949394610252],[-90.070638179416,29.949439145325],[-90.070623623876,29.94949484457],[-90.070573116728,29.949676065996],[-90.07054820311,29.94978340232],[-90.070342328918,29.950478219264],[-90.070290159855,29.950653229914],[-90.070195063835,29.950972226516],[-90.070172090262,29.951056790187],[-90.070133622708,29.951179723045],[-90.070038975879,29.951494911918],[-90.069841368341,29.952158409805],[-90.06980653898,29.952220193777],[-90.069645760499,29.952448562827],[-90.069588419272,29.952532192728],[-90.069452110522,29.952723926089],[-90.069442398469,29.952737583664],[-90.06938819968,29.952813821932],[-90.069230349189,29.953033365935],[-90.06917339384,29.953096624341],[-90.069166527498,29.953103681465],[-90.069158934732,29.953098482959],[-90.068983605903,29.952978443153],[-90.068800684779,29.952853203681],[-90.068532966552,29.952669906999],[-90.068439359217,29.952605818712],[-90.068307482525,29.952515527128],[-90.068212168359,29.95245027012],[-90.068131926868,29.952396867995],[-90.067821670022,29.952186726403],[-90.067382098486,29.951888989476],[-90.067262381063,29.951807901952],[-90.067187787855,29.951757379365],[-90.067097016291,29.951697174414],[-90.066730134694,29.951443239627],[-90.066453859125,29.951252014961],[-90.066246485826,29.951100538691],[-90.066154844301,29.951036728412],[-90.06616913255,29.951002455007],[-90.066188513699,29.950955967552],[-90.066209068173,29.950915801583],[-90.066222671907,29.950888354159],[-90.066339100286,29.95064434425],[-90.066519452459,29.9501780739],[-90.066584796304,29.950027110504],[-90.066815449268,29.949295758303],[-90.066894893003,29.949043038134],[-90.066895151014,29.949042218687],[-90.066895162901,29.949042180006],[-90.066921103889,29.948959658296],[-90.066928100279,29.948934670735],[-90.066928225893,29.948934242483],[-90.066949566888,29.94885808683],[-90.066973464826,29.94877278282],[-90.066974389417,29.94876948144],[-90.066998520597,29.948683346912]]]},"properties":{":id":"row-fsh3_xm9n~x5ub",":version":"rv-rswp~i3t3_hfnq",":created_at":"2026-02-06T12:19:24.581Z",":updated_at":"2026-02-06T12:19:24.581Z","objectid":"38","parade":"Mars","location":"Uptown","day":"1st Saturday","date":"2026-02-07T11:45:00.000Z","time":"11:45am","formation":"Napoleon and Prytania","disband":"Poydras and Tchoupitoulas","numfloats":null,"shape_stlength":"21161.063163272775"}},
{"type":"Feature","geometry":{"type":"MultiLineString","coordinates":[[[-90.100983686233,29.917155278351],[-90.101000946269,29.917253917547],[-90.101074970071,29.91796488244],[-90.101148458977,29.918681843839],[-90.101158132804,29.918790220064],[-90.10123981586,29.91961983468],[-90.101285011233,29.920043437045],[-90.101314874115,29.920314819571],[-90.101316877417,29.920336536051],[-90.101320703692,29.920377964373],[-90.10135079857,29.92066002062],[-90.101360316366,29.920741212068],[-90.101367845655,29.920819795492],[-90.101347883302,29.920635156744],[-90.10135079857,29.92066002062],[-90.101360316366,29.920741212068],[-90.101367845655,29.920819795492],[-90.10141909824,29.921330911166],[-90.101422119933,29.921360498303],[-90.101458741502,29.92171909849],[-90.101466750922,29.921806123139],[-90.101515106881,29.922289344421],[-90.101584025901,29.922955129393],[-90.101647401256,29.923582904676],[-90.101648182042,29.923591564364],[-90.10167378233,29.923845520801],[-90.101677588329,29.923878794554],[-90.101689252288,29.923998051228],[-90.101724441938,29.924338715918],[-90.101732094246,29.924410060946],[-90.101765489107,29.92473276888],[-90.101794232157,29.925036114715],[-90.1018613597,29.925655325688],[-90.101865183553,29.925692787741],[-90.101869007419,29.925730248891],[-90.101898611354,29.926020283114],[-90.101932560809,29.926352864698],[-90.101936988066,29.926413036077],[-90.101851083807,29.926419920699],[-90.101465838269,29.926449639254],[-90.10123398793,29.926467521726],[-90.101149306099,29.926476899372],[-90.100903997165,29.926494817599],[-90.100800077689,29.926502673172],[-90.100716912037,29.926508959274],[-90.09980080073,29.92658069468],[-90.099699932091,29.926585567256],[-90.098677418136,29.926668051214],[-90.098566702474,29.92667975601],[-90.097535947037,29.926754940432],[-90.097436511254,29.926760846961],[-90.09653150466,29.926827755845],[-90.096408855983,29.926840647649],[-90.096118210944,29.926867222431],[-90.095706406737,29.926902064278],[-90.095572212401,29.926919838713],[-90.095180328288,29.926985733414],[-90.094998675697,29.927016274619],[-90.094835189234,29.927046029341],[-90.094759655107,29.927064032215],[-90.094589906779,29.927104494879],[-90.094531897284,29.927118320218],[-90.094338564117,29.927167506058],[-90.094179027541,29.927211125639],[-90.093960343582,29.927274598016],[-90.09382684872,29.927315300207],[-90.093650161849,29.927364513773],[-90.093043543363,29.927586643802],[-90.092739050112,29.927691174844],[-90.092562463646,29.927751793889],[-90.092504385773,29.927771732102],[-90.092490639637,29.927777728578],[-90.091464028906,29.928146991752],[-90.091463598653,29.92814718979],[-90.091325691058,29.928210036329],[-90.09126903414,29.928235856419],[-90.090616467329,29.928476733711],[-90.090556416695,29.928498898083],[-90.090339936629,29.928573289645],[-90.09025585612,29.928602183914],[-90.090115907081,29.928650104171],[-90.090059553555,29.928669400785],[-90.089660064452,29.928838262609],[-90.089314280462,29.928987067496],[-90.089313835161,29.928987308691],[-90.088910890533,29.929207308233],[-90.088851772604,29.929239586528],[-90.088575002535,29.929400953583],[-90.088536805927,29.929423182176],[-90.088110984187,29.92966547434],[-90.088051759943,29.929699174088],[-90.08760905472,29.929950530115],[-90.08729975055,29.930118689679],[-90.087248903514,29.930146335962],[-90.087117147728,29.930218698076],[-90.086629809298,29.930491999692],[-90.086591415445,29.930513531139],[-90.085941953585,29.930879546869],[-90.085881980831,29.930913345916],[-90.085096222061,29.931357028127],[-90.085046767664,29.931384951133],[-90.084286077651,29.931807822815],[-90.084225011207,29.931841766815],[-90.083934308237,29.932006807427],[-90.083482153503,29.932260925424],[-90.083427971002,29.93229137787],[-90.082673541491,29.932708695139],[-90.082615621971,29.932740733034],[-90.082588035273,29.932756830888],[-90.082213016115,29.932972038439],[-90.082074672805,29.933051612086],[-90.081643029753,29.933330032799],[-90.081550236881,29.933390256996],[-90.081376255734,29.933503180063],[-90.081334415199,29.933530335972],[-90.080940666204,29.93379316],[-90.08093725134,29.933795439905],[-90.080860729908,29.933846514729],[-90.080616265556,29.934008126734],[-90.080572999724,29.934036729541],[-90.080529752681,29.934065318979],[-90.080476209579,29.934100715115],[-90.079921660368,29.934459876736],[-90.079583348426,29.934678985877],[-90.079529955813,29.93471356384],[-90.078743931347,29.935222252158],[-90.078701793425,29.935259764704],[-90.078663294835,29.935294039559],[-90.078118703575,29.935733029479],[-90.078080511902,29.935763709001],[-90.077707904445,29.936063013737],[-90.077606446851,29.936141738411],[-90.077525722991,29.93620437207],[-90.077480711039,29.936256257282],[-90.07729938252,29.936491196388],[-90.077002771062,29.936886677862],[-90.076966491088,29.936935936889],[-90.076517845441,29.937545036988],[-90.076454228847,29.937630616522],[-90.076404690376,29.937697261004],[-90.076376333998,29.937735129134],[-90.07597676507,29.93827465709],[-90.075939928225,29.938324293057],[-90.075575928693,29.938814786136],[-90.075462554927,29.938968516682],[-90.075429162691,29.939013578657],[-90.07540305883,29.939048806538],[-90.075382184215,29.93907697304],[-90.075114698276,29.939437928857],[-90.074909858152,29.939713708405],[-90.074876934652,29.939757705582],[-90.074774164156,29.939895043303],[-90.074452563761,29.94032974441],[-90.074364697089,29.940448694432],[-90.074327605788,29.940498911256],[-90.074219424628,29.940646305346],[-90.074168764362,29.94071532916],[-90.074003193752,29.940940616337],[-90.073893443213,29.941103031693],[-90.073785751796,29.941252723582],[-90.073753268941,29.941296365609],[-90.073648881703,29.941436625536],[-90.073508365702,29.941626591507],[-90.073381307513,29.941794298289],[-90.073373367794,29.941804651123],[-90.073366733196,29.941813295001],[-90.073245457676,29.941971367088],[-90.073214192901,29.942012116372],[-90.073185187365,29.942049924367],[-90.073148996261,29.94209709724],[-90.073076412872,29.942191697263],[-90.073023127697,29.942261153826],[-90.073018978776,29.942266560841],[-90.072942056458,29.942369452216],[-90.072610247293,29.942817595296],[-90.072555348287,29.942891739527],[-90.072495048735,29.942884515102],[-90.072434318033,29.942884414572],[-90.072373994894,29.942891439325],[-90.072314912402,29.942905492346],[-90.072257886507,29.942926379558],[-90.072203704758,29.942953812501],[-90.072153115425,29.942987412316],[-90.072106817163,29.943026714978],[-90.072065449369,29.943071177703],[-90.072029583347,29.943120186444],[-90.071999714419,29.943173064373],[-90.071976255087,29.943229081228],[-90.071967589042,29.943283599454],[-90.071965740798,29.943338771198],[-90.071970738805,29.943393747167],[-90.071982506127,29.943447681084],[-90.072000861622,29.943499742712],[-90.072025522733,29.943549130635],[-90.072056109836,29.943595084595],[-90.072092152086,29.943636897195],[-90.072133094664,29.943673924788],[-90.072178307314,29.943705597387],[-90.072227094053,29.943731427436],[-90.072278703875,29.943751017319],[-90.072332342322,29.943764065475],[-90.072225730658,29.944117689171],[-90.07221274105,29.944160768809],[-90.072161307865,29.944331356493],[-90.072142754779,29.944392896536],[-90.072115482339,29.944484233018],[-90.071683688084,29.945930313629],[-90.071603007582,29.946201791158],[-90.071313215828,29.947169993319],[-90.071271912944,29.94730870189],[-90.071263296186,29.947337638526],[-90.071256241793,29.947361327447],[-90.071239299146,29.947416843276],[-90.071099291111,29.947883486298],[-90.071022633899,29.948141247548],[-90.070965093642,29.94833474867],[-90.070956744554,29.948362822615],[-90.070906222686,29.948532034477],[-90.070782420123,29.948946685592],[-90.070711826249,29.949182908173],[-90.070698280506,29.949228241488],[-90.070649820213,29.949394610252],[-90.070638179416,29.949439145325],[-90.070623623876,29.94949484457],[-90.070573116728,29.949676065996],[-90.07054820311,29.94978340232],[-90.070342328918,29.950478219264],[-90.070290159855,29.950653229914],[-90.070195063835,29.950972226516],[-90.070172090262,29.951056790187],[-90.070133622708,29.951179723045],[-90.070038975879,29.951494911918],[-90.069841368341,29.952158409805],[-90.06980653898,29.952220193777],[-90.069645760499,29.952448562827],[-90.069588419272,29.952532192728],[-90.069452110522,29.952723926089],[-90.069442398469,29.952737583664],[-90.06938819968,29.952813821932],[-90.069230349189,29.953033365935],[-90.06917339384,29.953096624341],[-90.069166527498,29.953103681465],[-90.068800684779,29.952853203681],[-90.068532966552,29.952669906999],[-90.068439359217,29.952605818712],[-90.068307482525,29.952515527128],[-90.068212168359,29.95245027012],[-90.068131926868,29.952396867995],[-90.067821670022,29.952186726403],[-90.067382098486,29.951888989476],[-90.067262381063,29.951807901952],[-90.067187787855,29.951757379365],[-90.067097016291,29.951697174414],[-90.066730134694,29.951443239627],[-90.066453859125,29.951252014961],[-90.06623326928,29.951090884783],[-90.066154844301,29.951036728412],[-90.066188513699,29.950955967552],[-90.066216580481,29.950901121583],[-90.066339100286,29.95064434425],[-90.066519452459,29.9501780739],[-90.066584796304,29.950027110504],[-90.066815449268,29.949295758303],[-90.066921103889,29.948959658296],[-90.066949566888,29.94885808683]]]},"properties":{":id":"row-r3q9~5rhr.yu87",":version":"rv-dq6k_hxny_wd6k",":created_at":"2026-02-06T12:19:24.581Z",":updated_at":"2026-02-06T12:19:24.581Z","objectid":"6","parade":"Choctaw","location":"Uptown","day":"1st Saturday","date":"2026-02-07T12:00:00.000Z","time":"12:00pm","formation":"Napoleon and Prytania","disband":"Poydras and Tchoupitoulas","numfloats":null,"shape_stlength":"21230.547549175917"}},
{"type":"Feature","geometry":{"type":"MultiLineString","coordinates":[[[-90.114981889155,29.920867322675],[-90.113772776599,29.920672635417],[-90.11375795505,29.92067019912],[-90.113253346853,29.920585977368],[-90.112848136498,29.920519939213],[-90.112757115052,29.920495263174],[-90.112667229225,29.920470891736],[-90.11220151152,29.920444306606],[-90.112118499821,29.92044195885],[-90.112035421824,29.92043961223],[-90.111095589433,29.920402522146],[-90.111008185532,29.920401252542],[-90.110061677596,29.920365591632],[-90.109783705323,29.920355702732],[-90.109596405567,29.920349036904],[-90.109501564096,29.920345661676],[-90.109381192785,29.92034137667],[-90.109201717661,29.9203349906],[-90.109109443186,29.920332761351],[-90.108797394865,29.920321167392],[-90.108745690161,29.920319245185],[-90.108555976827,29.920312194514],[-90.108004957016,29.920291714901],[-90.107917243055,29.920308539066],[-90.10777325265,29.920319309991],[-90.107738825724,29.920322128983],[-90.107231472322,29.920363695067],[-90.10681571558,29.920394007205],[-90.106772567914,29.920397152436],[-90.106696246215,29.920402717542],[-90.106464852261,29.920419330394],[-90.106363850165,29.920426582346],[-90.106301937767,29.92043102663],[-90.106210341127,29.920437601111],[-90.106122332865,29.920445472127],[-90.106040201606,29.920452813274],[-90.104986399654,29.920534959938],[-90.104823587703,29.920548223378],[-90.103854268555,29.920622595055],[-90.102748565723,29.920708668647],[-90.102252842344,29.920747888347],[-90.102196148933,29.920752304661],[-90.101768657608,29.920785599225],[-90.101607824921,29.920801981795],[-90.101487835282,29.920810890051],[-90.101367845655,29.920819795492],[-90.101382363938,29.920971229924],[-90.101422119933,29.921360498303],[-90.101458741502,29.92171909849],[-90.101466750922,29.921806123139],[-90.101472915108,29.921873054101],[-90.101569130281,29.922829187588],[-90.101578112446,29.922902868334],[-90.101584025901,29.922955129393],[-90.101647401256,29.923582904676],[-90.101654497654,29.923661603092],[-90.101660984632,29.923733619306],[-90.101677588329,29.923878794554],[-90.101703147451,29.924140128116],[-90.101724441938,29.924338715918],[-90.101732094246,29.924410060946],[-90.101765489107,29.92473276888],[-90.101794232157,29.925036114715],[-90.101800948844,29.925106989933],[-90.1018613597,29.925655325688],[-90.101869007419,29.925730248891],[-90.101898611354,29.926020283114],[-90.101932560809,29.926352864698],[-90.101936988066,29.926413036077],[-90.101851083807,29.926419920699],[-90.101465838269,29.926449639254],[-90.10123398793,29.926467521726],[-90.101149306099,29.926476899372],[-90.100903997165,29.926494817599],[-90.100800077689,29.926502673172],[-90.100716912037,29.926508959274],[-90.09980080073,29.92658069468],[-90.099699932091,29.926585567256],[-90.098677418136,29.926668051214],[-90.098566702474,29.92667975601],[-90.097535947037,29.926754940432],[-90.097436511254,29.926760846961],[-90.09653150466,29.926827755845],[-90.096408855983,29.926840647649],[-90.096118210944,29.926867222431],[-90.095706406737,29.926902064278],[-90.095572212401,29.926919838713],[-90.095180328288,29.926985733414],[-90.094998675697,29.927016274619],[-90.094835189234,29.927046029341],[-90.094759655107,29.927064032215],[-90.094589906779,29.927104494879],[-90.094531897284,29.927118320218],[-90.094338564117,29.927167506058],[-90.094179027541,29.927211125639],[-90.093960343582,29.927274598016],[-90.09382684872,29.927315300207],[-90.093650161849,29.927364513773],[-90.093043543363,29.927586643802],[-90.092739050112,29.927691174844],[-90.092562463646,29.927751793889],[-90.092504385773,29.927771732102],[-90.092490639637,29.927777728578],[-90.091464028906,29.928146991752],[-90.091463598653,29.92814718979],[-90.091325691058,29.928210036329],[-90.09126903414,29.928235856419],[-90.090616467329,29.928476733711],[-90.090556416695,29.928498898083],[-90.090339936629,29.928573289645],[-90.09025585612,29.928602183914],[-90.090115907081,29.928650104171],[-90.090059553555,29.928669400785],[-90.089660064452,29.928838262609],[-90.089314280462,29.928987067496],[-90.089313835161,29.928987308691],[-90.088910890533,29.929207308233],[-90.088851772604,29.929239586528],[-90.088575002535,29.929400953583],[-90.088536805927,29.929423182176],[-90.088110984187,29.92966547434],[-90.088051759943,29.929699174088],[-90.08760905472,29.929950530115],[-90.08729975055,29.930118689679],[-90.087248903514,29.930146335962],[-90.087117147728,29.930218698076],[-90.086629809298,29.930491999692],[-90.086591415445,29.930513531139],[-90.085941953585,29.930879546869],[-90.085881980831,29.930913345916],[-90.085096222061,29.931357028127],[-90.085046767664,29.931384951133],[-90.084286077651,29.931807822815],[-90.084225011207,29.931841766815],[-90.083934308237,29.932006807427],[-90.083482153503,29.932260925424],[-90.083427971002,29.93229137787],[-90.082673541491,29.932708695139],[-90.082615621971,29.932740733034],[-90.082588035273,29.932756830888],[-90.082213016115,29.932972038439],[-90.082074672805,29.933051612086],[-90.081643029753,29.933330032799],[-90.081550236881,29.933390256996],[-90.081376255734,29.933503180063],[-90.081334415199,29.933530335972],[-90.080940666204,29.93379316],[-90.08093725134,29.933795439905],[-90.080860729908,29.933846514729],[-90.080616265556,29.934008126734],[-90.080572999724,29.934036729541],[-90.080529752681,29.934065318979],[-90.080476209579,29.934100715115],[-90.079921660368,29.934459876736],[-90.079583348426,29.934678985877],[-90.079529955813,29.93471356384],[-90.078743931347,29.935222252158],[-90.078701793425,29.935259764704],[-90.078663294835,29.935294039559],[-90.078118703575,29.935733029479],[-90.078080511902,29.935763709001],[-90.077707904445,29.936063013737],[-90.077606446851,29.936141738411],[-90.077525722991,29.93620437207],[-90.077480711039,29.936256257282],[-90.07729938252,29.936491196388],[-90.077002771062,29.936886677862],[-90.076966491088,29.936935936889],[-90.076517845441,29.937545036988],[-90.076454228847,29.937630616522],[-90.076404690376,29.937697261004],[-90.076376333998,29.937735129134],[-90.07597676507,29.93827465709],[-90.075939928225,29.938324293057],[-90.075575928693,29.938814786136],[-90.075462554927,29.938968516682],[-90.075429162691,29.939013578657],[-90.07540305883,29.939048806538],[-90.075382184215,29.93907697304],[-90.075114698276,29.939437928857],[-90.074909858152,29.939713708405],[-90.074876934652,29.939757705582],[-90.074774164156,29.939895043303],[-90.074452563761,29.94032974441],[-90.074364697089,29.940448694432],[-90.074327605788,29.940498911256],[-90.074219424628,29.940646305346],[-90.074168764362,29.94071532916],[-90.074003193752,29.940940616337],[-90.073893443213,29.941103031693],[-90.073785751796,29.941252723582],[-90.073753268941,29.941296365609],[-90.073648881703,29.941436625536],[-90.073508365702,29.941626591507],[-90.073381307513,29.941794298289],[-90.073373367794,29.941804651123],[-90.073366733196,29.941813295001],[-90.073245457676,29.941971367088],[-90.073214192901,29.942012116372],[-90.073185187365,29.942049924367],[-90.073148996261,29.94209709724],[-90.073076412872,29.942191697263],[-90.073023127697,29.942261153826],[-90.073018978776,29.942266560841],[-90.072942056458,29.942369452216],[-90.072610247293,29.942817595296],[-90.072555348287,29.942891739527],[-90.072495048735,29.942884515102],[-90.072434318033,29.942884414572],[-90.072373994894,29.942891439325],[-90.072314912402,29.942905492346],[-90.072257886507,29.942926379558],[-90.072203704758,29.942953812501],[-90.072153115425,29.942987412316],[-90.072106817163,29.943026714978],[-90.072065449369,29.943071177703],[-90.072029583347,29.943120186444],[-90.071999714419,29.943173064373],[-90.071976255087,29.943229081228],[-90.071967589042,29.943283599454],[-90.071965740798,29.943338771198],[-90.071970738805,29.943393747167],[-90.071982506127,29.943447681084],[-90.072000861622,29.943499742712],[-90.072025522733,29.943549130635],[-90.072056109836,29.943595084595],[-90.072092152086,29.943636897195],[-90.072133094664,29.943673924788],[-90.072178307314,29.943705597387],[-90.072227094053,29.943731427436],[-90.072278703875,29.943751017319],[-90.072332342322,29.943764065475],[-90.072225730658,29.944117689171],[-90.07221274105,29.944160768809],[-90.072161307865,29.944331356493],[-90.072142754779,29.944392896536],[-90.072115482339,29.944484233018],[-90.071683688084,29.945930313629],[-90.071603007582,29.946201791158],[-90.071313215828,29.947169993319],[-90.071271912944,29.94730870189],[-90.071263296186,29.947337638526],[-90.071256241793,29.947361327447],[-90.071239299146,29.947416843276],[-90.071099291111,29.947883486298],[-90.071022633899,29.948141247548],[-90.070965093642,29.94833474867],[-90.070956744554,29.948362822615],[-90.070906222686,29.948532034477],[-90.070782420123,29.948946685592],[-90.070711826249,29.949182908173],[-90.070698280506,29.949228241488],[-90.070649820213,29.949394610252],[-90.070638179416,29.949439145325],[-90.070623623876,29.94949484457],[-90.070573116728,29.949676065996],[-90.07054820311,29.94978340232],[-90.070342328918,29.950478219264],[-90.070290159855,29.950653229914],[-90.070195063835,29.950972226516],[-90.070172090262,29.951056790187],[-90.070133622708,29.951179723045],[-90.070038975879,29.951494911918],[-90.069841368341,29.952158409805],[-90.06980653898,29.952220193777],[-90.069645760499,29.952448562827],[-90.069588419272,29.952532192728],[-90.069452110522,29.952723926089],[-90.069442398469,29.952737583664],[-90.06938819968,29.952813821932],[-90.069230349189,29.953033365935],[-90.06917339384,29.953096624341],[-90.069166527498,29.953103681465],[-90.06889214476,29.952915823895],[-90.068439359217,29.952605818712],[-90.067746087042,29.952135532386],[-90.067187787855,29.951757379365],[-90.066453859125,29.951252014961],[-90.066314864925,29.951150486816],[-90.066286166271,29.95112952326],[-90.066277702546,29.951123340886],[-90.066246482742,29.951100536857],[-90.06623326928,29.951090884783],[-90.066154844301,29.951036728412],[-90.06616913255,29.951002455007],[-90.066188513699,29.950955967552],[-90.066209068173,29.950915801583],[-90.066216580481,29.950901121583],[-90.066222671907,29.950888354159],[-90.066277840457,29.950772733383],[-90.066339100286,29.95064434425],[-90.066519452459,29.9501780739],[-90.066584796304,29.950027110504],[-90.066815449268,29.949295758303],[-90.066894893003,29.949043038134],[-90.066921103889,29.948959658296],[-90.066928225893,29.948934242483],[-90.066949566888,29.94885808683]]]},"properties":{":id":"row-4gxp-58np~ee86",":version":"rv-vvcd-423e~2g85",":created_at":"2026-02-06T12:19:24.581Z",":updated_at":"2026-02-06T12:19:24.581Z","objectid":"18","parade":"Hermes","location":"Uptown","day":"2nd Friday","date":"2026-02-13T17:30:00.000Z","time":"5:30pm","formation":"Jefferson and Magazine","disband":"Poydras and Tchoupitoulas","numfloats":null,"shape_stlength":"24095.045394648143"}},
{"type":"Feature","geometry":{"type":"MultiLineString","coordinates":[[[-90.075406682002,29.939030929218],[-90.075423548848,29.939008168445],[-90.075456941073,29.938963107374],[-90.075570313829,29.938809375018],[-90.075934314416,29.938318881062],[-90.075971151227,29.938269247803],[-90.076370721223,29.937729718069],[-90.076399076566,29.93769184993],[-90.076448617086,29.937625207275],[-90.076512231633,29.937539625919],[-90.076960879351,29.936930526761],[-90.076997157254,29.936881267716],[-90.07729376767,29.936485787146],[-90.077475098287,29.936250846263],[-90.077520108156,29.936198961935],[-90.077600833041,29.936136329192],[-90.077702291669,29.936057604532],[-90.078074897051,29.935758299792],[-90.078113089759,29.935727620281],[-90.078657681026,29.935288629482],[-90.078696180663,29.935254353737],[-90.078738316491,29.935216842977],[-90.079524341978,29.934708154702],[-90.079577735637,29.934673575849],[-90.079916047574,29.934454466722],[-90.080470594681,29.934095306909],[-90.080524139864,29.934059909894],[-90.080567386918,29.934031319555],[-90.080610651714,29.93400271674],[-90.08085511605,29.933841105648],[-90.080931636468,29.933790029013],[-90.08093505338,29.933787750931],[-90.081328801333,29.933524926911],[-90.081370640821,29.933497771896],[-90.081544624047,29.933384847954],[-90.081637414857,29.933324622838],[-90.082069058937,29.933046202154],[-90.082207401208,29.932966628502],[-90.082582420358,29.932751420968],[-90.082610007022,29.93273532582],[-90.082667925516,29.932703287017],[-90.08342235502,29.932285968877],[-90.083476537521,29.932255516433],[-90.083928694327,29.932001397573],[-90.084219396244,29.931836357866],[-90.084280462686,29.931802413868],[-90.085041152682,29.931379542219],[-90.085090607067,29.931351620116],[-90.085876366855,29.930907937949],[-90.08593633856,29.930874139796],[-90.086585801475,29.930508121397],[-90.086624194291,29.930486589943],[-90.087111532688,29.930213290151],[-90.087243288471,29.930140928042],[-90.087294133434,29.930113281742],[-90.087603438622,29.929945123104],[-90.088046143835,29.929693767095],[-90.088105369113,29.929660067359],[-90.088531188772,29.929417775193],[-90.088569385379,29.929395546603],[-90.088846155465,29.929234177754],[-90.088905274417,29.929201900374],[-90.089308218011,29.928981899937],[-90.089308664325,29.928981660556],[-90.089654446233,29.928832855664],[-90.09005393743,29.92866399117],[-90.09011029092,29.928644697265],[-90.090250239976,29.92859677521],[-90.090334320471,29.928567881847],[-90.090550800519,29.928493491196],[-90.090610850126,29.928471325915],[-90.091263417962,29.928230447758],[-90.091320075914,29.92820462768],[-90.091457982469,29.928141781137],[-90.0914584127,29.928141584904],[-90.092485021336,29.927772320852],[-90.09249877059,29.927766323503],[-90.092556845354,29.927746385263],[-90.092733433852,29.927685768952],[-90.093037926067,29.927581237011],[-90.093644544555,29.927359105204],[-90.093821230372,29.927309892537],[-90.09395472729,29.927269191273],[-90.094173411252,29.927205718004],[-90.09433294781,29.927162099332],[-90.094526279957,29.927112911686],[-90.094584290463,29.927099088164],[-90.09475403777,29.927058623693],[-90.094829571883,29.927040621723],[-90.094993057291,29.927010867901],[-90.095174709874,29.926980326704],[-90.095566592934,29.92691443201],[-90.095700789346,29.926896656698],[-90.096112592497,29.926861814859],[-90.096403239593,29.926835240108],[-90.096525888265,29.92682234831],[-90.097430893767,29.926755440357],[-90.097530327495,29.926749532008],[-90.098561082881,29.92667434763],[-90.098671798527,29.926662643741],[-90.099694314502,29.926580159846],[-90.099795182078,29.926575289069],[-90.100711291279,29.926503552781],[-90.100794459009,29.926497265799],[-90.100898378491,29.926489409329],[-90.101143687402,29.926471492014],[-90.101228367147,29.926462115255],[-90.10146021851,29.926444232802],[-90.101845466111,29.926414513381],[-90.101931368283,29.926407629645],[-90.102051715496,29.926397985349],[-90.102174884928,29.926388112027],[-90.102180859035,29.926445994483],[-90.102183800854,29.926474866267],[-90.102186933535,29.926505563241],[-90.10219204679,29.926565806891],[-90.102196947815,29.926623523216],[-90.102251138893,29.927143542645],[-90.102286051977,29.927478574524],[-90.103565533865,29.940066205852]]]},"properties":{":id":"row-wgfd.qmat~chik",":version":"rv-s9xb_356q-p68v",":created_at":"2026-02-06T12:19:24.581Z",":updated_at":"2026-02-06T12:19:24.581Z","objectid":"30","parade":"Elks","location":"Uptown","day":"Fat Tuesday","date":"2026-02-17T11:00:00.000Z","time":"11:00am","formation":"Napoleon and Claiborne","disband":"Poydras and Claiborne","numfloats":null,"shape_stlength":"15022.409129761812"}},
{"type":"Feature","geometry":{"type":"MultiLineString","coordinates":[[[-90.066949566888,29.94885808683],[-90.066921103889,29.948959658296],[-90.066815449268,29.949295758303],[-90.066584796304,29.950027110504],[-90.066519452459,29.9501780739],[-90.066339100286,29.95064434425],[-90.066216580481,29.950901121583],[-90.066188513699,29.950955967552],[-90.066154844301,29.951036728412],[-90.06623326928,29.951090884783],[-90.066453859125,29.951252014961],[-90.066730134694,29.951443239627],[-90.067097016291,29.951697174414],[-90.067187787855,29.951757379365],[-90.067262381063,29.951807901952],[-90.067382098486,29.951888989476],[-90.067821670022,29.952186726403],[-90.068131926868,29.952396867995],[-90.068212168359,29.95245027012],[-90.068307482525,29.952515527128],[-90.068439359217,29.952605818712],[-90.068532966552,29.952669906999],[-90.068800684779,29.952853203681],[-90.069166527498,29.953103681465],[-90.06917339384,29.953096624341],[-90.069230349189,29.953033365935],[-90.06938819968,29.952813821932],[-90.069442398469,29.952737583664],[-90.069452110522,29.952723926089],[-90.069588419272,29.952532192728],[-90.069645760499,29.952448562827],[-90.06980653898,29.952220193777],[-90.069841368341,29.952158409805],[-90.070038975879,29.951494911918],[-90.070133622708,29.951179723045],[-90.070172090262,29.951056790187],[-90.070195063835,29.950972226516],[-90.070290159855,29.950653229914],[-90.070342328918,29.950478219264],[-90.07054820311,29.94978340232],[-90.070573116728,29.949676065996],[-90.070623623876,29.94949484457],[-90.070638179416,29.949439145325],[-90.070649820213,29.949394610252],[-90.070698280506,29.949228241488],[-90.070711826249,29.949182908173],[-90.070782420123,29.948946685592],[-90.070906222686,29.948532034477],[-90.070956744554,29.948362822615],[-90.070965093642,29.94833474867],[-90.071022633899,29.948141247548],[-90.071099291111,29.947883486298],[-90.071239299146,29.947416843276],[-90.071256241793,29.947361327447],[-90.071263296186,29.947337638526],[-90.071271912944,29.94730870189],[-90.071313215828,29.947169993319],[-90.071603007582,29.946201791158],[-90.071683688084,29.945930313629],[-90.072115482339,29.944484233018],[-90.072142754779,29.944392896536],[-90.072161307865,29.944331356493],[-90.07221274105,29.944160768809],[-90.072225730658,29.944117689171],[-90.072332342322,29.943764065475],[-90.072278703875,29.943751017319],[-90.072227094053,29.943731427436],[-90.072178307314,29.943705597387],[-90.072133094664,29.943673924788],[-90.072092152086,29.943636897195],[-90.072056109836,29.943595084595],[-90.072025522733,29.943549130635],[-90.072000861622,29.943499742712],[-90.071982506127,29.943447681084],[-90.071970738805,29.943393747167],[-90.071965740798,29.943338771198],[-90.071967589042,29.943283599454],[-90.071976255087,29.943229081228],[-90.071999714419,29.943173064373],[-90.072029583347,29.943120186444],[-90.072065449369,29.943071177703],[-90.072106817163,29.943026714978],[-90.072153115425,29.942987412316],[-90.072203704758,29.942953812501],[-90.072257886507,29.942926379558],[-90.072314912402,29.942905492346],[-90.072373994894,29.942891439325],[-90.072434318033,29.942884414572],[-90.072495048735,29.942884515102],[-90.072555348287,29.942891739527],[-90.072610247293,29.942817595296],[-90.072942056458,29.942369452216],[-90.073018978776,29.942266560841],[-90.073023127697,29.942261153826],[-90.073076412872,29.942191697263],[-90.073148996261,29.94209709724],[-90.073185187365,29.942049924367],[-90.073214192901,29.942012116372],[-90.073245457676,29.941971367088],[-90.073366733196,29.941813295001],[-90.073373367794,29.941804651123],[-90.073381307513,29.941794298289],[-90.073508365702,29.941626591507],[-90.073648881703,29.941436625536],[-90.073753268941,29.941296365609],[-90.073785751796,29.941252723582],[-90.073893443213,29.941103031693],[-90.074003193752,29.940940616337],[-90.074168764362,29.94071532916],[-90.074219424628,29.940646305346],[-90.074327605788,29.940498911256],[-90.074364697089,29.940448694432],[-90.074452563761,29.94032974441],[-90.074774164156,29.939895043303],[-90.074876934652,29.939757705582],[-90.074909858152,29.939713708405],[-90.075114698276,29.939437928857],[-90.075382184215,29.93907697304],[-90.07540305883,29.939048806538],[-90.075429162691,29.939013578657],[-90.075462554927,29.938968516682],[-90.075575928693,29.938814786136],[-90.075939928225,29.938324293057],[-90.07597676507,29.93827465709],[-90.076376333998,29.937735129134],[-90.076404690376,29.937697261004],[-90.076454228847,29.937630616522],[-90.076517845441,29.937545036988],[-90.076966491088,29.936935936889],[-90.077002771062,29.936886677862],[-90.07729938252,29.936491196388],[-90.077480711039,29.936256257282],[-90.077525722991,29.93620437207],[-90.077606446851,29.936141738411],[-90.077707904445,29.936063013737],[-90.078080511902,29.935763709001],[-90.078118703575,29.935733029479],[-90.078663294835,29.935294039559],[-90.078701793425,29.935259764704],[-90.078743931347,29.935222252158],[-90.079529955813,29.93471356384],[-90.079583348426,29.934678985877],[-90.079921660368,29.934459876736],[-90.080476209579,29.934100715115],[-90.080529752681,29.934065318979],[-90.080572999724,29.934036729541],[-90.080616265556,29.934008126734],[-90.080860729908,29.933846514729],[-90.08093725134,29.933795439905],[-90.080940666204,29.93379316],[-90.081334415199,29.933530335972],[-90.081376255734,29.933503180063],[-90.081550236881,29.933390256996],[-90.081643029753,29.933330032799],[-90.082074672805,29.933051612086],[-90.082213016115,29.932972038439],[-90.082588035273,29.932756830888],[-90.082615621971,29.932740733034],[-90.082673541491,29.932708695139],[-90.083427971002,29.93229137787],[-90.083482153503,29.932260925424],[-90.083934308237,29.932006807427],[-90.084225011207,29.931841766815],[-90.084286077651,29.931807822815],[-90.085046767664,29.931384951133],[-90.085096222061,29.931357028127],[-90.085881980831,29.930913345916],[-90.085941953585,29.930879546869],[-90.086591415445,29.930513531139],[-90.086629809298,29.930491999692],[-90.087117147728,29.930218698076],[-90.087248903514,29.930146335962],[-90.08729975055,29.930118689679],[-90.08760905472,29.929950530115],[-90.088051759943,29.929699174088],[-90.088110984187,29.92966547434],[-90.088536805927,29.929423182176],[-90.088575002535,29.929400953583],[-90.088851772604,29.929239586528],[-90.088910890533,29.929207308233],[-90.089313835161,29.928987308691],[-90.089314280462,29.928987067496],[-90.089660064452,29.928838262609],[-90.090059553555,29.928669400785],[-90.090115907081,29.928650104171],[-90.09025585612,29.928602183914],[-90.090339936629,29.928573289645],[-90.090556416695,29.928498898083],[-90.090616467329,29.928476733711],[-90.09126903414,29.928235856419],[-90.091325691058,29.928210036329],[-90.091463598653,29.92814718979],[-90.091464028906,29.928146991752],[-90.092490639637,29.927777728578],[-90.092504385773,29.927771732102],[-90.092562463646,29.927751793889],[-90.092739050112,29.927691174844],[-90.093043543363,29.927586643802],[-90.093650161849,29.927364513773],[-90.09382684872,29.927315300207],[-90.093960343582,29.927274598016],[-90.094179027541,29.927211125639],[-90.094338564117,29.927167506058],[-90.094531897284,29.927118320218],[-90.094589906779,29.927104494879],[-90.094759655107,29.927064032215],[-90.094835189234,29.927046029341],[-90.094998675697,29.927016274619],[-90.095180328288,29.926985733414],[-90.095572212401,29.926919838713],[-90.095706406737,29.926902064278],[-90.096118210944,29.926867222431],[-90.096408855983,29.926840647649],[-90.09653150466,29.926827755845],[-90.097436511254,29.926760846961],[-90.097535947037,29.926754940432],[-90.098566702474,29.92667975601],[-90.098677418136,29.926668051214],[-90.099699932091,29.926585567256],[-90.09980080073,29.92658069468],[-90.100716912037,29.926508959274],[-90.100800077689,29.926502673172],[-90.100903997165,29.926494817599],[-90.101149306099,29.926476899372],[-90.10123398793,29.926467521726],[-90.101465838269,29.926449639254],[-90.101851083807,29.926419920699],[-90.101936988066,29.926413036077],[-90.101932560809,29.926352864698],[-90.101898611354,29.926020283114],[-90.101869007419,29.925730248891],[-90.101865183553,29.925692787741],[-90.1018613597,29.925655325688],[-90.101800948844,29.925106989933],[-90.101794232157,29.925036114715],[-90.101765489107,29.92473276888],[-90.101732094246,29.924410060946],[-90.101724441938,29.924338715918],[-90.101703147451,29.924140128116],[-90.101689252288,29.923998051228],[-90.101670818743,29.923819606297],[-90.101660984632,29.923733619306],[-90.101654497654,29.923661603092],[-90.101569130281,29.922829187588],[-90.101472915108,29.921873054101],[-90.101466750922,29.921806123139],[-90.101458741502,29.92171909849],[-90.101422119933,29.921360498303],[-90.10141909824,29.921330911166],[-90.101382363938,29.920971229924],[-90.101367845655,29.920819795492]]]},"properties":{":id":"row-edbg~at4h-nqya",":version":"rv-w3eu_fynj-scf2",":created_at":"2026-02-06T12:19:24.581Z",":updated_at":"2026-02-06T12:19:24.581Z","objectid":"9","parade":"Pygmalion","location":"Uptown","day":"1st Saturday","date":"2026-02-07T18:15:00.000Z","time":"6:15pm","formation":"Napoleon and Prytania","disband":"Poydras and Tchoupitoulas","numfloats":null,"shape_stlength":"19757.413257566859"}},
{"type":"Feature","geometry":{"type":"MultiLineString","coordinates":[[[-90.080841596796,29.949412163267],[-90.080803602322,29.949397729542],[-90.080532830176,29.94929527597],[-90.080067907494,29.949119359264],[-90.079989803755,29.949089806266],[-90.079694843105,29.948978197503],[-90.079608504824,29.948949099044],[-90.07952016952,29.948926785527],[-90.079430369517,29.948911391418],[-90.079339645969,29.948903009484],[-90.079248545592,29.948901690237],[-90.079157617375,29.948907441627],[-90.079155530251,29.948907651801],[-90.07873245164,29.948950421439],[-90.078732399799,29.948950424554],[-90.078618484539,29.948949064996],[-90.078504792351,29.94894181094],[-90.07839162804,29.948928681835],[-90.078218452029,29.948899043801],[-90.07811756515,29.948878846796],[-90.077833853626,29.948814716242],[-90.077106928785,29.948650396849],[-90.076663661605,29.94854893176],[-90.076524285439,29.948517027611],[-90.076561704999,29.94841876788],[-90.076641544698,29.948137027453],[-90.076673893774,29.948027329529],[-90.07676712177,29.947684254388],[-90.076803257655,29.947559627331],[-90.076853987702,29.94739114788],[-90.076903714183,29.947226002482],[-90.076935695977,29.947126257068],[-90.076996850832,29.946417071459],[-90.076988215727,29.946375767089],[-90.07697977467,29.946346616687],[-90.076973571583,29.946325184565],[-90.076936848758,29.94624551629],[-90.076880870302,29.946184823847],[-90.076814914457,29.946150441617],[-90.07679235778,29.945987038322],[-90.076555176704,29.94583661262],[-90.076326331626,29.945691474687],[-90.076185398744,29.94559917631],[-90.076110669145,29.94555176471],[-90.075939085191,29.945442911407],[-90.075619863407,29.945240392876],[-90.074819224246,29.944715807697],[-90.074554651731,29.944542455914],[-90.074390856301,29.944438058088],[-90.074026336989,29.944211611727],[-90.073880682273,29.944118484298],[-90.073739704262,29.944030195922],[-90.073674265298,29.94398846567],[-90.073038728349,29.943583204419],[-90.072942742765,29.943521998893],[-90.072942800125,29.943521886663],[-90.072964164351,29.943472699129],[-90.072979006026,29.943421166921],[-90.072987077219,29.94336815089],[-90.072988243099,29.943314536672],[-90.072982484191,29.943261219895],[-90.072969896697,29.94320909122],[-90.072950690893,29.943159021461],[-90.072925187612,29.943111847035],[-90.072893812889,29.943068355996],[-90.072857090841,29.943029274864],[-90.072815634912,29.942995256491],[-90.072770137627,29.942966869158],[-90.072719615381,29.942939916611],[-90.072666602822,29.94291826931],[-90.072611655263,29.942902154011],[-90.072555348287,29.942891739527],[-90.072495048737,29.942884515114],[-90.072434318038,29.942884414594],[-90.072373994903,29.942891439354],[-90.072314912415,29.942905492379],[-90.072257886524,29.942926379593],[-90.072203704779,29.942953812535],[-90.072153115447,29.942987412348],[-90.072106817186,29.943026715006],[-90.07206544939,29.943071177724],[-90.072029583364,29.943120186459],[-90.071999714429,29.943173064381],[-90.071976255087,29.943229081228],[-90.071967589034,29.943283599455],[-90.071965740784,29.943338771201],[-90.071970738786,29.943393747173],[-90.071982506105,29.943447681093],[-90.072000861598,29.943499742724],[-90.072025522709,29.94354913065],[-90.072056109814,29.943595084611],[-90.072092152066,29.943636897212],[-90.072133094647,29.943673924805],[-90.072178307302,29.943705597402],[-90.072227094044,29.943731427448],[-90.072278703872,29.943751017325],[-90.072332342322,29.943764065475],[-90.072225730658,29.944117689171],[-90.07221274105,29.944160768809],[-90.072161307865,29.944331356493],[-90.072142754779,29.944392896536],[-90.072115482339,29.944484233018],[-90.071683688084,29.945930313629],[-90.071603007582,29.946201791158],[-90.071313215828,29.947169993319],[-90.071271912944,29.94730870189],[-90.071263296186,29.947337638526],[-90.071256241793,29.947361327447],[-90.071239299146,29.947416843276],[-90.071099291111,29.947883486298],[-90.071022633899,29.948141247548],[-90.070965093642,29.94833474867],[-90.070956744554,29.948362822615],[-90.070906222686,29.948532034477],[-90.070782420123,29.948946685592],[-90.070711826249,29.949182908173],[-90.070698280506,29.949228241488],[-90.070649820213,29.949394610252],[-90.070638179416,29.949439145325],[-90.070623623876,29.94949484457],[-90.07044526689,29.950130810845],[-90.06980653898,29.952220193777],[-90.069158934732,29.953098482959],[-90.068992067593,29.953283341398],[-90.070143217082,29.954052873628],[-90.071657682656,29.955107426162],[-90.071934063187,29.954878250259],[-90.073098198306,29.955754106135],[-90.073644386971,29.956118836718],[-90.073923107793,29.956308507545],[-90.073999367277,29.956360779854],[-90.074105649862,29.956436626823],[-90.074196789555,29.95650166628],[-90.074287929333,29.956566708379],[-90.074451456259,29.956677040059],[-90.074484884184,29.956700114935],[-90.074630387712,29.956800566896],[-90.074841038476,29.956945989857],[-90.074941714983,29.957013039031],[-90.075405974028,29.957322216091],[-90.075469466224,29.957367894701],[-90.076166813736,29.957852608456],[-90.076226847056,29.957894336175],[-90.076942396941,29.958369693892],[-90.077110931296,29.958481655206],[-90.077263962678,29.958583311949],[-90.07766790007,29.958848702786],[-90.077718044183,29.958883477616],[-90.077829466913,29.958960755463],[-90.07789293761,29.959004771668],[-90.07795615055,29.959048608546],[-90.078058183371,29.959119365541],[-90.078135090663,29.959172701687],[-90.078434726147,29.959380502088],[-90.078515821691,29.959436738006],[-90.078713354133,29.959575533481],[-90.07883180319,29.95965876177],[-90.078891838163,29.959700943882],[-90.079444117822,29.960070906478],[-90.079705433464,29.96024805824],[-90.079727982689,29.960263342946],[-90.080334264985,29.960669464028],[-90.080585981621,29.960840520084],[-90.080601982105,29.960851391758],[-90.081196832592,29.961253034965],[-90.08145716037,29.961432279556],[-90.081592219091,29.961525272016],[-90.082234753068,29.961967673638],[-90.082330835566,29.962034334103],[-90.082423009636,29.962098279537],[-90.082478664811,29.962136891535],[-90.083206092578,29.962630393413],[-90.083353864418,29.962730644103],[-90.084089337538,29.963214448095],[-90.084102499369,29.963223108998],[-90.084968686043,29.963813517886],[-90.085020789471,29.963849032032],[-90.085755730205,29.964346462177],[-90.086022925266,29.964526794753],[-90.086214488528,29.964656088429],[-90.086265455762,29.964690554645],[-90.086566614713,29.964894196643],[-90.087369418406,29.96543704152],[-90.087447009504,29.965489507911],[-90.08753042778,29.965545912596],[-90.087606826122,29.965597570032],[-90.087928833477,29.965815671266],[-90.088024117145,29.965882009542],[-90.088119029111,29.965948085291],[-90.08821572213,29.966013105978],[-90.088311529514,29.966077529963],[-90.088702125556,29.966340962634],[-90.088897856834,29.966473436881],[-90.088959055671,29.966514855689],[-90.089416443448,29.966821301555],[-90.089501412721,29.966878232985],[-90.089677332427,29.96699609763],[-90.0897384253,29.967037921968],[-90.090578310524,29.967608186479],[-90.090640019773,29.967650084777],[-90.090717997175,29.967705753932],[-90.091427620513,29.968176611793],[-90.091461519367,29.96819910295],[-90.092059839003,29.968610824438],[-90.092122484633,29.968653934424],[-90.092168587477,29.968684838253],[-90.092499761985,29.968907561686],[-90.092696223859,29.969039669824],[-90.092965072271,29.969221463334],[-90.093183806624,29.969369372882],[-90.093197021549,29.969378308531],[-90.093898069043,29.969857384115],[-90.093963137645,29.969901852215],[-90.094122418521,29.970010042826],[-90.094356226781,29.970168852237],[-90.094427464552,29.970217242405],[-90.095079230519,29.970654813551],[-90.095226415947,29.970753621344],[-90.095293691517,29.970798788004],[-90.096046580055,29.971313871799],[-90.096101121792,29.97135118536],[-90.096868752579,29.971875183363],[-90.0969419319,29.971925139494],[-90.097696869946,29.972432067739],[-90.097761130216,29.972475219903],[-90.09862970108,29.973066608252],[-90.098685109017,29.973104337547],[-90.099561229904,29.973697217737],[-90.099616396835,29.973734548295],[-90.100050231121,29.974026230437],[-90.100135458364,29.974083728353],[-90.100294381248,29.974190935354],[-90.100596270931,29.974398248588],[-90.100682271603,29.974456858608],[-90.10076811755,29.974516257469],[-90.100680656308,29.974596057374],[-90.100598475385,29.974671031969],[-90.100476643289,29.974782185041],[-90.100171538164,29.975069905564],[-90.100072841195,29.975162972539],[-90.099818743707,29.975404075975],[-90.099765493644,29.975453762129],[-90.099449592061,29.975747957001],[-90.099421855383,29.975773514972],[-90.099415867786,29.975779031866],[-90.099039774552,29.97613235249],[-90.099009197282,29.976161082115],[-90.09897564027,29.976192603233],[-90.098874900872,29.97628723717],[-90.09860790593,29.976537045562],[-90.09823574329,29.976882213106],[-90.098228154146,29.976889345234],[-90.098189212153,29.976925955582],[-90.097549985903,29.977525057941],[-90.097493440551,29.977578056781],[-90.097439907506,29.977628229251],[-90.097398834766,29.977666722145],[-90.096827176494,29.978207166832],[-90.096777677578,29.978253964728],[-90.096737586844,29.978291865763],[-90.096111989281,29.978880122714],[-90.096062717079,29.978925298472],[-90.095747015749,29.979214774991],[-90.095682324219,29.979274095023],[-90.096856562688,29.98005892822],[-90.097792471294,29.980685620444],[-90.098735787316,29.981318905612],[-90.099647940612,29.981928868862],[-90.100572522514,29.982545144814],[-90.101496448552,29.983164508003],[-90.102418708394,29.983781073729],[-90.102706713421,29.98397438904]]]},"properties":{":id":"row-tdxz_jvgd~nrih",":version":"rv-3mxx-senk_fzmn",":created_at":"2026-02-06T12:19:24.581Z",":updated_at":"2026-02-06T12:19:24.581Z","objectid":"1","parade":"Endymion","location":"Midcity","day":"2nd Saturday","date":"2026-02-14T16:15:00.000Z","time":"4:15pm","formation":"Orleans and City Park","disband":"Convention Center","numfloats":null,"shape_stlength":"26285.519008798594"}},
{"type":"Feature","geometry":{"type":"MultiLineString","coordinates":[[[-90.114981889155,29.920867322675],[-90.114869039197,29.920849152186],[-90.114442836131,29.920780528187],[-90.114279771439,29.920754271651],[-90.113772776599,29.920672635417],[-90.11375795505,29.92067019912],[-90.113434857686,29.920616273205],[-90.113253346853,29.920585977368],[-90.112848136498,29.920519939213],[-90.112757115052,29.920495263174],[-90.112667229225,29.920470891736],[-90.11220151152,29.920444306606],[-90.112118499821,29.92044195885],[-90.112035421824,29.92043961223],[-90.111095589433,29.920402522146],[-90.111008185532,29.920401252542],[-90.110061677596,29.920365591632],[-90.109783705323,29.920355702732],[-90.109596405567,29.920349036904],[-90.109501564096,29.920345661676],[-90.109381192785,29.92034137667],[-90.109201717661,29.9203349906],[-90.109109443186,29.920332761351],[-90.108797394865,29.920321167392],[-90.108745690161,29.920319245185],[-90.108555976827,29.920312194514],[-90.108004957016,29.920291714901],[-90.107917243055,29.920308539066],[-90.10777325265,29.920319309991],[-90.107738825724,29.920322128983],[-90.107231472322,29.920363695067],[-90.10681571558,29.920394007205],[-90.106772567914,29.920397152436],[-90.106696246215,29.920402717542],[-90.106464852261,29.920419330394],[-90.106363850165,29.920426582346],[-90.106301937767,29.92043102663],[-90.106210341127,29.920437601111],[-90.106122332865,29.920445472127],[-90.106040201606,29.920452813274],[-90.104986399654,29.920534959938],[-90.104823587703,29.920548223378],[-90.103854268555,29.920622595055],[-90.102748565723,29.920708668647],[-90.102252842344,29.920747888347],[-90.102196148933,29.920752304661],[-90.101768657608,29.920785599225],[-90.101607824921,29.920801981795],[-90.101487835282,29.920810890051],[-90.101367845655,29.920819795492],[-90.101382363938,29.920971229924],[-90.10141909824,29.921330911166],[-90.101466750922,29.921806123139],[-90.101472915108,29.921873054101],[-90.101569130281,29.922829187588],[-90.101654497654,29.923661603092],[-90.101660984632,29.923733619306],[-90.101670815057,29.923819569271],[-90.101670818743,29.923819606297],[-90.101674058046,29.923850960214],[-90.101674076465,29.923851146246],[-90.101699394885,29.924101767195],[-90.101703147451,29.924140128116],[-90.101705270851,29.924159931172],[-90.101705287556,29.924160088317],[-90.101800948844,29.925106989933],[-90.1018613597,29.925655325688],[-90.101869007419,29.925730248891],[-90.101898611354,29.926020283114],[-90.101932560809,29.926352864698],[-90.101936988066,29.926413036077],[-90.101851083807,29.926419920699],[-90.101465838269,29.926449639254],[-90.10123398793,29.926467521726],[-90.101149306099,29.926476899372],[-90.100903997165,29.926494817599],[-90.100800077689,29.926502673172],[-90.100716912037,29.926508959274],[-90.09980080073,29.92658069468],[-90.099699932091,29.926585567256],[-90.098677418136,29.926668051214],[-90.098566702474,29.92667975601],[-90.097535947037,29.926754940432],[-90.097436511254,29.926760846961],[-90.09653150466,29.926827755845],[-90.096408855983,29.926840647649],[-90.096118210944,29.926867222431],[-90.095706406737,29.926902064278],[-90.095572212401,29.926919838713],[-90.095180328288,29.926985733414],[-90.094998675697,29.927016274619],[-90.094835189234,29.927046029341],[-90.094759655107,29.927064032215],[-90.094589906779,29.927104494879],[-90.094531897284,29.927118320218],[-90.094338564117,29.927167506058],[-90.094179027541,29.927211125639],[-90.093960343582,29.927274598016],[-90.09382684872,29.927315300207],[-90.093650161849,29.927364513773],[-90.093043543363,29.927586643802],[-90.092739050112,29.927691174844],[-90.092562463646,29.927751793889],[-90.092504385773,29.927771732102],[-90.092490639637,29.927777728578],[-90.091464028906,29.928146991752],[-90.091463598653,29.92814718979],[-90.091325691058,29.928210036329],[-90.09126903414,29.928235856419],[-90.090616467329,29.928476733711],[-90.090556416695,29.928498898083],[-90.090339936629,29.928573289645],[-90.09025585612,29.928602183914],[-90.090115907081,29.928650104171],[-90.090059553555,29.928669400785],[-90.089660064452,29.928838262609],[-90.089314280462,29.928987067496],[-90.089313835161,29.928987308691],[-90.088910890533,29.929207308233],[-90.088851772604,29.929239586528],[-90.088575002535,29.929400953583],[-90.088536805927,29.929423182176],[-90.088110984187,29.92966547434],[-90.088051759943,29.929699174088],[-90.08760905472,29.929950530115],[-90.08729975055,29.930118689679],[-90.087248903514,29.930146335962],[-90.087117147728,29.930218698076],[-90.086629809298,29.930491999692],[-90.086591415445,29.930513531139],[-90.085941953585,29.930879546869],[-90.085881980831,29.930913345916],[-90.085096222061,29.931357028127],[-90.085046767664,29.931384951133],[-90.084286077651,29.931807822815],[-90.084225011207,29.931841766815],[-90.083934308237,29.932006807427],[-90.083482153503,29.932260925424],[-90.083427971002,29.93229137787],[-90.082673541491,29.932708695139],[-90.082615621971,29.932740733034],[-90.082588035273,29.932756830888],[-90.082213016115,29.932972038439],[-90.082074672805,29.933051612086],[-90.081643029753,29.933330032799],[-90.081550236881,29.933390256996],[-90.081376255734,29.933503180063],[-90.081334415199,29.933530335972],[-90.080940666204,29.93379316],[-90.08093725134,29.933795439905],[-90.080860729908,29.933846514729],[-90.080616265556,29.934008126734],[-90.080572999724,29.934036729541],[-90.080529752681,29.934065318979],[-90.080476209579,29.934100715115],[-90.079921660368,29.934459876736],[-90.079583348426,29.934678985877],[-90.079529955813,29.93471356384],[-90.078743931347,29.935222252158],[-90.078701793425,29.935259764704],[-90.078663294835,29.935294039559],[-90.078118703575,29.935733029479],[-90.078080511902,29.935763709001],[-90.077707904445,29.936063013737],[-90.077606446851,29.936141738411],[-90.077525722991,29.93620437207],[-90.077480711039,29.936256257282],[-90.07729938252,29.936491196388],[-90.077002771062,29.936886677862],[-90.076966491088,29.936935936889],[-90.076517845441,29.937545036988],[-90.076454228847,29.937630616522],[-90.076404690376,29.937697261004],[-90.076376333998,29.937735129134],[-90.07597676507,29.93827465709],[-90.075939928225,29.938324293057],[-90.075575928693,29.938814786136],[-90.075462554927,29.938968516682],[-90.075429162691,29.939013578657],[-90.07540305883,29.939048806538],[-90.075382184215,29.93907697304],[-90.075114698276,29.939437928857],[-90.074909858152,29.939713708405],[-90.074876934652,29.939757705582],[-90.074774164156,29.939895043303],[-90.074452563761,29.94032974441],[-90.074364697089,29.940448694432],[-90.074327605788,29.940498911256],[-90.074219424628,29.940646305346],[-90.074168764362,29.94071532916],[-90.074003193752,29.940940616337],[-90.073893443213,29.941103031693],[-90.073785751796,29.941252723582],[-90.073753268941,29.941296365609],[-90.073648881703,29.941436625536],[-90.073508365702,29.941626591507],[-90.073381307513,29.941794298289],[-90.073373367794,29.941804651123],[-90.073366733196,29.941813295001],[-90.073245457676,29.941971367088],[-90.073214192901,29.942012116372],[-90.073185187365,29.942049924367],[-90.073148996261,29.94209709724],[-90.073076412872,29.942191697263],[-90.073023127697,29.942261153826],[-90.073018978776,29.942266560841],[-90.072942056458,29.942369452216],[-90.072610247293,29.942817595296],[-90.072555348287,29.942891739527],[-90.072495048735,29.942884515102],[-90.072434318033,29.942884414572],[-90.072373994894,29.942891439325],[-90.072314912402,29.942905492346],[-90.072257886507,29.942926379558],[-90.072203704758,29.942953812501],[-90.072153115425,29.942987412316],[-90.072106817163,29.943026714978],[-90.072065449369,29.943071177703],[-90.072029583347,29.943120186444],[-90.071999714419,29.943173064373],[-90.071976255087,29.943229081228],[-90.071967589042,29.943283599454],[-90.071965740798,29.943338771198],[-90.071970738805,29.943393747167],[-90.071982506127,29.943447681084],[-90.072000861622,29.943499742712],[-90.072025522733,29.943549130635],[-90.072056109836,29.943595084595],[-90.072092152086,29.943636897195],[-90.072133094664,29.943673924788],[-90.072178307314,29.943705597387],[-90.072227094053,29.943731427436],[-90.072278703875,29.943751017319],[-90.072332342322,29.943764065475],[-90.072225730658,29.944117689171],[-90.07221274105,29.944160768809],[-90.072161307865,29.944331356493],[-90.072142754779,29.944392896536],[-90.072115482339,29.944484233018],[-90.071683688084,29.945930313629],[-90.071603007582,29.946201791158],[-90.071313215828,29.947169993319],[-90.071271912944,29.94730870189],[-90.071263296186,29.947337638526],[-90.071256241793,29.947361327447],[-90.071239299146,29.947416843276],[-90.071099291111,29.947883486298],[-90.071022633899,29.948141247548],[-90.070965093642,29.94833474867],[-90.070956744554,29.948362822615],[-90.070906222686,29.948532034477],[-90.070782420123,29.948946685592],[-90.070711826249,29.949182908173],[-90.070698280506,29.949228241488],[-90.070649820213,29.949394610252],[-90.070638179416,29.949439145325],[-90.070623623876,29.94949484457],[-90.070573116728,29.949676065996],[-90.07054820311,29.94978340232],[-90.070342328918,29.950478219264],[-90.070290159855,29.950653229914],[-90.070195063835,29.950972226516],[-90.070172090262,29.951056790187],[-90.070133622708,29.951179723045],[-90.070038975879,29.951494911918],[-90.069841368341,29.952158409805],[-90.06980653898,29.952220193777],[-90.069645760499,29.952448562827],[-90.069588419272,29.952532192728],[-90.069452110522,29.952723926089],[-90.069442398469,29.952737583664],[-90.06938819968,29.952813821932],[-90.069230349189,29.953033365935],[-90.06917339384,29.953096624341],[-90.069166527498,29.953103681465],[-90.068800684779,29.952853203681],[-90.068532966552,29.952669906999],[-90.068439359217,29.952605818712],[-90.068307482525,29.952515527128],[-90.068212168359,29.95245027012],[-90.068131926868,29.952396867995],[-90.067821670022,29.952186726403],[-90.067382098486,29.951888989476],[-90.067262381063,29.951807901952],[-90.067187787855,29.951757379365],[-90.067097016291,29.951697174414],[-90.066730134694,29.951443239627],[-90.066453859125,29.951252014961],[-90.06623326928,29.951090884783],[-90.066154844301,29.951036728412],[-90.066188513699,29.950955967552],[-90.066216580481,29.950901121583],[-90.066339100286,29.95064434425],[-90.066519452459,29.9501780739],[-90.066584796304,29.950027110504],[-90.066815449268,29.949295758303],[-90.066921103889,29.948959658296],[-90.066949566888,29.94885808683]]]},"properties":{":id":"row-5ht4.by6p~egwk",":version":"rv-aidn_ma5a~rjmx",":created_at":"2026-02-06T12:19:24.581Z",":updated_at":"2026-02-06T12:19:24.581Z","objectid":"12","parade":"King Arthur","location":"Uptown","day":"2nd Tuesday","date":"2026-02-08T13:30:00.000Z","time":"1:30pm","formation":"Jefferson and Magazine","disband":"Poydras and Tchoupitoulas","numfloats":null,"shape_stlength":"24095.041767570019"}},
{"type":"Feature","geometry":{"type":"MultiLineString","coordinates":[[[-90.101367845655,29.920819795492],[-90.101382363938,29.920971229924],[-90.101422119933,29.921360498303],[-90.101458741502,29.92171909849],[-90.101466750922,29.921806123139],[-90.101472915108,29.921873054101],[-90.101569130281,29.922829187588],[-90.101578112446,29.922902868334],[-90.101584025901,29.922955129393],[-90.101647401256,29.923582904676],[-90.101654497654,29.923661603092],[-90.101660984632,29.923733619306],[-90.101677588329,29.923878794554],[-90.101703147451,29.924140128116],[-90.101724441938,29.924338715918],[-90.101732094246,29.924410060946],[-90.101765489107,29.92473276888],[-90.101794232157,29.925036114715],[-90.101800948844,29.925106989933],[-90.1018613597,29.925655325688],[-90.101869007419,29.925730248891],[-90.101898611354,29.926020283114],[-90.101932560809,29.926352864698],[-90.101936988066,29.926413036077],[-90.101851083807,29.926419920699],[-90.101465838269,29.926449639254],[-90.10123398793,29.926467521726],[-90.101149306099,29.926476899372],[-90.100903997165,29.926494817599],[-90.100800077689,29.926502673172],[-90.100716912037,29.926508959274],[-90.09980080073,29.92658069468],[-90.099699932091,29.926585567256],[-90.098677418136,29.926668051214],[-90.098566702474,29.92667975601],[-90.097535947037,29.926754940432],[-90.097436511254,29.926760846961],[-90.09653150466,29.926827755845],[-90.096408855983,29.926840647649],[-90.096118210944,29.926867222431],[-90.095706406737,29.926902064278],[-90.095572212401,29.926919838713],[-90.095180328288,29.926985733414],[-90.094998675697,29.927016274619],[-90.094835189234,29.927046029341],[-90.094759655107,29.927064032215],[-90.094589906779,29.927104494879],[-90.094531897284,29.927118320218],[-90.094338564117,29.927167506058],[-90.094179027541,29.927211125639],[-90.093960343582,29.927274598016],[-90.09382684872,29.927315300207],[-90.093650161849,29.927364513773],[-90.093043543363,29.927586643802],[-90.092739050112,29.927691174844],[-90.092562463646,29.927751793889],[-90.092504385773,29.927771732102],[-90.092490639637,29.927777728578],[-90.091464028906,29.928146991752],[-90.091463598653,29.92814718979],[-90.091325691058,29.928210036329],[-90.09126903414,29.928235856419],[-90.090616467329,29.928476733711],[-90.090556416695,29.928498898083],[-90.090339936629,29.928573289645],[-90.09025585612,29.928602183914],[-90.090115907081,29.928650104171],[-90.090059553555,29.928669400785],[-90.089660064452,29.928838262609],[-90.089314280462,29.928987067496],[-90.089313835161,29.928987308691],[-90.088910890533,29.929207308233],[-90.088851772604,29.929239586528],[-90.088575002535,29.929400953583],[-90.088536805927,29.929423182176],[-90.088110984187,29.92966547434],[-90.088051759943,29.929699174088],[-90.08760905472,29.929950530115],[-90.08729975055,29.930118689679],[-90.087248903514,29.930146335962],[-90.087117147728,29.930218698076],[-90.086629809298,29.930491999692],[-90.086591415445,29.930513531139],[-90.085941953585,29.930879546869],[-90.085881980831,29.930913345916],[-90.085096222061,29.931357028127],[-90.085046767664,29.931384951133],[-90.084286077651,29.931807822815],[-90.084225011207,29.931841766815],[-90.083934308237,29.932006807427],[-90.083482153503,29.932260925424],[-90.083427971002,29.93229137787],[-90.082673541491,29.932708695139],[-90.082615621971,29.932740733034],[-90.082588035273,29.932756830888],[-90.082213016115,29.932972038439],[-90.082074672805,29.933051612086],[-90.081643029753,29.933330032799],[-90.081550236881,29.933390256996],[-90.081376255734,29.933503180063],[-90.081334415199,29.933530335972],[-90.080940666204,29.93379316],[-90.08093725134,29.933795439905],[-90.080860729908,29.933846514729],[-90.080616265556,29.934008126734],[-90.080572999724,29.934036729541],[-90.080529752681,29.934065318979],[-90.080476209579,29.934100715115],[-90.079921660368,29.934459876736],[-90.079583348426,29.934678985877],[-90.079529955813,29.93471356384],[-90.078743931347,29.935222252158],[-90.078701793425,29.935259764704],[-90.078663294835,29.935294039559],[-90.078118703575,29.935733029479],[-90.078080511902,29.935763709001],[-90.077707904445,29.936063013737],[-90.077606446851,29.936141738411],[-90.077525722991,29.93620437207],[-90.077480711039,29.936256257282],[-90.07729938252,29.936491196388],[-90.077002771062,29.936886677862],[-90.076966491088,29.936935936889],[-90.076517845441,29.937545036988],[-90.076454228847,29.937630616522],[-90.076404690376,29.937697261004],[-90.076376333998,29.937735129134],[-90.07597676507,29.93827465709],[-90.075939928225,29.938324293057],[-90.075575928693,29.938814786136],[-90.075462554927,29.938968516682],[-90.075429162691,29.939013578657],[-90.07540305883,29.939048806538],[-90.075382184215,29.93907697304],[-90.075114698276,29.939437928857],[-90.074909858152,29.939713708405],[-90.074876934652,29.939757705582],[-90.074774164156,29.939895043303],[-90.074452563761,29.94032974441],[-90.074364697089,29.940448694432],[-90.074327605788,29.940498911256],[-90.074219424628,29.940646305346],[-90.074168764362,29.94071532916],[-90.074003193752,29.940940616337],[-90.073893443213,29.941103031693],[-90.073785751796,29.941252723582],[-90.073753268941,29.941296365609],[-90.073648881703,29.941436625536],[-90.073508365702,29.941626591507],[-90.073381307513,29.941794298289],[-90.073373367794,29.941804651123],[-90.073366733196,29.941813295001],[-90.073245457676,29.941971367088],[-90.073214192901,29.942012116372],[-90.073185187365,29.942049924367],[-90.073148996261,29.94209709724],[-90.073076412872,29.942191697263],[-90.073023127697,29.942261153826],[-90.073018978776,29.942266560841],[-90.072942056458,29.942369452216],[-90.072610247293,29.942817595296],[-90.072555348287,29.942891739527],[-90.072495048735,29.942884515102],[-90.072434318033,29.942884414572],[-90.072373994894,29.942891439325],[-90.072314912402,29.942905492346],[-90.072257886507,29.942926379558],[-90.072203704758,29.942953812501],[-90.072153115425,29.942987412316],[-90.072106817163,29.943026714978],[-90.072065449369,29.943071177703],[-90.072029583347,29.943120186444],[-90.071999714419,29.943173064373],[-90.071976255087,29.943229081228],[-90.071967589042,29.943283599454],[-90.071965740798,29.943338771198],[-90.071970738805,29.943393747167],[-90.071982506127,29.943447681084],[-90.072000861622,29.943499742712],[-90.072025522733,29.943549130635],[-90.072056109836,29.943595084595],[-90.072092152086,29.943636897195],[-90.072133094663,29.943673924788],[-90.072178307314,29.943705597387],[-90.072227094053,29.943731427436],[-90.072278703875,29.943751017319],[-90.072332342322,29.943764065475],[-90.072225730658,29.944117689171],[-90.07221274105,29.944160768809],[-90.072161307865,29.944331356493],[-90.072142754779,29.944392896536],[-90.072115482339,29.944484233018],[-90.071683688084,29.945930313629],[-90.071603007582,29.946201791158],[-90.071313215828,29.947169993319],[-90.071271912944,29.94730870189],[-90.071263296186,29.947337638526],[-90.071256241793,29.947361327447],[-90.071239299146,29.947416843276],[-90.071099291111,29.947883486298],[-90.071022633899,29.948141247548],[-90.070965093642,29.94833474867],[-90.070956744554,29.948362822615],[-90.070906222686,29.948532034477],[-90.070782420123,29.948946685592],[-90.070711826249,29.949182908173],[-90.070698280506,29.949228241488],[-90.070649820213,29.949394610252],[-90.070638179416,29.949439145325],[-90.070623623876,29.94949484457],[-90.070573116728,29.949676065996],[-90.07054820311,29.94978340232],[-90.070342328918,29.950478219264],[-90.070290159855,29.950653229914],[-90.070195063835,29.950972226516],[-90.070172090262,29.951056790187],[-90.070133622708,29.951179723045],[-90.070038975879,29.951494911918],[-90.069841368341,29.952158409805],[-90.06980653898,29.952220193777],[-90.069645760499,29.952448562827],[-90.069588419272,29.952532192728],[-90.069452110522,29.952723926089],[-90.069442398469,29.952737583664],[-90.06938819968,29.952813821932],[-90.069230349189,29.953033365935],[-90.06917339384,29.953096624341],[-90.069166527498,29.953103681465],[-90.06889214476,29.952915823895],[-90.068307482525,29.952515527128],[-90.068083986585,29.952364397759],[-90.067746087042,29.952135532386],[-90.067400325641,29.951901336807],[-90.067142402053,29.951727277348],[-90.066913574747,29.951570206693],[-90.066730134694,29.951443239627],[-90.066453859125,29.951252014961],[-90.066286166271,29.95112952326],[-90.06623326928,29.951090884783],[-90.066154844301,29.951036728412],[-90.066188513699,29.950955967552],[-90.066216580481,29.950901121583],[-90.066277840457,29.950772733383],[-90.066339100286,29.95064434425],[-90.066519452459,29.9501780739],[-90.066584796304,29.950027110504],[-90.066815449268,29.949295758303],[-90.066921103889,29.948959658296],[-90.066949566888,29.94885808683]]]},"properties":{":id":"row-k5n8_4zew-k5cj",":version":"rv-uzas-w6ge_cyz3",":created_at":"2026-02-06T12:19:24.581Z",":updated_at":"2026-02-06T12:19:24.581Z","objectid":"15","parade":"Babylon","location":"Uptown","day":"2nd Thursday","date":"2026-02-12T17:30:00.000Z","time":"5:30pm","formation":"Napoleon and Magazine","disband":"Poydras and Tchoupitoulas","numfloats":null,"shape_stlength":"19757.415642126572"}},
{"type":"Feature","geometry":{"type":"MultiLineString","coordinates":[[[-90.114981889155,29.920867322675],[-90.114869039197,29.920849152186],[-90.114442836131,29.920780528187],[-90.114279771439,29.920754271651],[-90.113772776599,29.920672635417],[-90.11375795505,29.92067019912],[-90.113434857697,29.920616272302],[-90.113253346853,29.920585977368],[-90.112848136498,29.920519939213],[-90.112757115052,29.920495263174],[-90.112667229225,29.920470891736],[-90.11220151152,29.920444306606],[-90.112118499821,29.92044195885],[-90.112035421824,29.92043961223],[-90.111095589433,29.920402522146],[-90.111008185532,29.920401252542],[-90.110061677596,29.920365591632],[-90.109783705323,29.920355702732],[-90.109596405567,29.920349036904],[-90.109501564096,29.920345661676],[-90.109381192785,29.92034137667],[-90.109201717661,29.9203349906],[-90.109109443186,29.920332761351],[-90.108797394865,29.920321167392],[-90.108745690161,29.920319245185],[-90.108555976827,29.920312194514],[-90.108004957016,29.920291714901],[-90.107917243055,29.920308539066],[-90.10777325265,29.920319309991],[-90.107738825724,29.920322128983],[-90.107231472322,29.920363695067],[-90.10681571558,29.920394007205],[-90.106772567914,29.920397152436],[-90.106696246215,29.920402717542],[-90.106464852261,29.920419330394],[-90.106363850165,29.920426582346],[-90.106301937767,29.92043102663],[-90.106210341127,29.920437601111],[-90.106122332865,29.920445472127],[-90.106040201606,29.920452813274],[-90.104986399654,29.920534959938],[-90.104823587703,29.920548223378],[-90.103854268555,29.920622595055],[-90.102748565723,29.920708668647],[-90.102252842344,29.920747888347],[-90.102196148933,29.920752304661],[-90.101768657608,29.920785599225],[-90.101607824921,29.920801981795],[-90.101487835282,29.920810890051],[-90.101367845655,29.920819795492],[-90.101454199765,29.921674621163],[-90.101458741502,29.92171909849],[-90.101459240182,29.921724513829],[-90.101564614191,29.922767600639],[-90.101584025901,29.922955129393],[-90.101647401256,29.923582904676],[-90.101648182042,29.923591564364],[-90.101673775815,29.923845461193],[-90.101673779557,29.923845493708],[-90.10167378233,29.923845520801],[-90.101677588329,29.923878794554],[-90.101689251253,29.923998051218],[-90.101724441938,29.924338715918],[-90.101732094246,29.924410060946],[-90.101765489107,29.92473276888],[-90.101794232157,29.925036114715],[-90.101801882682,29.925106689212],[-90.1018613597,29.925655325688],[-90.101869007419,29.925730248891],[-90.101898611354,29.926020283114],[-90.101932560809,29.926352864698],[-90.101936988066,29.926413036077],[-90.101851083807,29.926419920699],[-90.101465838269,29.926449639254],[-90.10123398793,29.926467521726],[-90.101149306099,29.926476899372],[-90.100903997165,29.926494817599],[-90.100800077689,29.926502673172],[-90.100716912037,29.926508959274],[-90.09980080073,29.92658069468],[-90.099699932091,29.926585567256],[-90.098677418136,29.926668051214],[-90.098566702474,29.92667975601],[-90.097535947037,29.926754940432],[-90.097436511254,29.926760846961],[-90.09653150466,29.926827755845],[-90.096408855983,29.926840647649],[-90.096118210944,29.926867222431],[-90.095706406737,29.926902064278],[-90.095572212401,29.926919838713],[-90.095180328288,29.926985733414],[-90.094998675697,29.927016274619],[-90.094835189234,29.927046029341],[-90.094759655107,29.927064032215],[-90.094589906779,29.927104494879],[-90.094531897284,29.927118320218],[-90.094338564117,29.927167506058],[-90.094179027541,29.927211125639],[-90.093960343582,29.927274598016],[-90.09382684872,29.927315300207],[-90.093650161849,29.927364513773],[-90.093043543363,29.927586643802],[-90.092739050112,29.927691174844],[-90.092562463646,29.927751793889],[-90.092504385773,29.927771732102],[-90.092490639637,29.927777728578],[-90.091464028906,29.928146991752],[-90.091463598653,29.92814718979],[-90.091325691058,29.928210036329],[-90.09126903414,29.928235856419],[-90.090616467329,29.928476733711],[-90.090556416695,29.928498898083],[-90.090339936629,29.928573289645],[-90.09025585612,29.928602183914],[-90.090115907081,29.928650104171],[-90.090059553555,29.928669400785],[-90.089660064452,29.928838262609],[-90.089314280462,29.928987067496],[-90.089313835161,29.928987308691],[-90.088910890533,29.929207308233],[-90.088851772604,29.929239586528],[-90.088575002535,29.929400953583],[-90.088536805927,29.929423182176],[-90.088110984187,29.92966547434],[-90.088051759943,29.929699174088],[-90.08760905472,29.929950530115],[-90.08729975055,29.930118689679],[-90.087248903514,29.930146335962],[-90.087117147728,29.930218698076],[-90.086629809298,29.930491999692],[-90.086591415445,29.930513531139],[-90.085941953585,29.930879546869],[-90.085881980831,29.930913345916],[-90.085096222061,29.931357028127],[-90.085046767664,29.931384951133],[-90.084286077651,29.931807822815],[-90.084225011207,29.931841766815],[-90.083934308237,29.932006807427],[-90.083482153503,29.932260925424],[-90.083427971002,29.93229137787],[-90.082673541491,29.932708695139],[-90.082615621971,29.932740733034],[-90.082588035273,29.932756830888],[-90.082213016115,29.932972038439],[-90.082074672805,29.933051612086],[-90.081643029753,29.933330032799],[-90.081550236881,29.933390256996],[-90.081376255734,29.933503180063],[-90.081334415199,29.933530335972],[-90.080940666204,29.93379316],[-90.08093725134,29.933795439905],[-90.080860729908,29.933846514729],[-90.080616265556,29.934008126734],[-90.080572999724,29.934036729541],[-90.080529752681,29.934065318979],[-90.080476209579,29.934100715115],[-90.079921660368,29.934459876736],[-90.079583348426,29.934678985877],[-90.079529955813,29.93471356384],[-90.078743931347,29.935222252158],[-90.078701793425,29.935259764704],[-90.078663294835,29.935294039559],[-90.078118703575,29.935733029479],[-90.078080511902,29.935763709001],[-90.077707904445,29.936063013737],[-90.077606446851,29.936141738411],[-90.077525722991,29.93620437207],[-90.077480711039,29.936256257282],[-90.07729938252,29.936491196388],[-90.077002771062,29.936886677862],[-90.076966491088,29.936935936889],[-90.076517845441,29.937545036988],[-90.076454228847,29.937630616522],[-90.076404690376,29.937697261004],[-90.076376333998,29.937735129134],[-90.07597676507,29.93827465709],[-90.075939928225,29.938324293057],[-90.075575928693,29.938814786136],[-90.075462554927,29.938968516682],[-90.075429162691,29.939013578657],[-90.07540305883,29.939048806538],[-90.075382184215,29.93907697304],[-90.075114698276,29.939437928857],[-90.074909858152,29.939713708405],[-90.074876934652,29.939757705582],[-90.074774164156,29.939895043303],[-90.074452563761,29.94032974441],[-90.074364697089,29.940448694432],[-90.074327605788,29.940498911256],[-90.074219424628,29.940646305346],[-90.074168764362,29.94071532916],[-90.074003193752,29.940940616337],[-90.073893443213,29.941103031693],[-90.073785751796,29.941252723582],[-90.073753268941,29.941296365609],[-90.073648881703,29.941436625536],[-90.073508365702,29.941626591507],[-90.073381307513,29.941794298289],[-90.073373367794,29.941804651123],[-90.073366733196,29.941813295001],[-90.073245457676,29.941971367088],[-90.073214192901,29.942012116372],[-90.073185187365,29.942049924367],[-90.073148996261,29.94209709724],[-90.073076412872,29.942191697263],[-90.073023127697,29.942261153826],[-90.073018978776,29.942266560841],[-90.072942056458,29.942369452216],[-90.072610247293,29.942817595296],[-90.072555348287,29.942891739527],[-90.072495048735,29.942884515102],[-90.072434318033,29.942884414572],[-90.072373994894,29.942891439325],[-90.072314912402,29.942905492346],[-90.072257886507,29.942926379558],[-90.072203704758,29.942953812501],[-90.072153115425,29.942987412316],[-90.072106817163,29.943026714978],[-90.072065449369,29.943071177703],[-90.072029583347,29.943120186444],[-90.071999714419,29.943173064373],[-90.071976255087,29.943229081228],[-90.071967589042,29.943283599454],[-90.071965740798,29.943338771198],[-90.071970738805,29.943393747167],[-90.071982506127,29.943447681084],[-90.072000861622,29.943499742712],[-90.072025522733,29.943549130635],[-90.072056109836,29.943595084595],[-90.072092152086,29.943636897195],[-90.072133094664,29.943673924788],[-90.072178307314,29.943705597387],[-90.072227094053,29.943731427436],[-90.072278703875,29.943751017319],[-90.072332342322,29.943764065475],[-90.072225730658,29.944117689171],[-90.07221274105,29.944160768809],[-90.072161307865,29.944331356493],[-90.072142754779,29.944392896536],[-90.072115482339,29.944484233018],[-90.071683688084,29.945930313629],[-90.071603007582,29.946201791158],[-90.071313215828,29.947169993319],[-90.071271912944,29.94730870189],[-90.071263296186,29.947337638526],[-90.071256241793,29.947361327447],[-90.071239299146,29.947416843276],[-90.071099291111,29.947883486298],[-90.071022633899,29.948141247548],[-90.070965093642,29.94833474867],[-90.070956744554,29.948362822615],[-90.070906222686,29.948532034477],[-90.070782420123,29.948946685592],[-90.070711826249,29.949182908173],[-90.070698280506,29.949228241488],[-90.070649820213,29.949394610252],[-90.070638179416,29.949439145325],[-90.070623623876,29.94949484457],[-90.070573116728,29.949676065996],[-90.07054820311,29.94978340232],[-90.070342328918,29.950478219264],[-90.070290159855,29.950653229914],[-90.070195063835,29.950972226516],[-90.070172090262,29.951056790187],[-90.070133622708,29.951179723045],[-90.070038975879,29.951494911918],[-90.069841368341,29.952158409805],[-90.06980653898,29.952220193777],[-90.069645760499,29.952448562827],[-90.069588419272,29.952532192728],[-90.069452110522,29.952723926089],[-90.069442398469,29.952737583664],[-90.06938819968,29.952813821932],[-90.069230349189,29.953033365935],[-90.06917339384,29.953096624341],[-90.069166527498,29.953103681465],[-90.068800684779,29.952853203681],[-90.068532966552,29.952669906999],[-90.068439359217,29.952605818712],[-90.068307482525,29.952515527128],[-90.068212168359,29.95245027012],[-90.068131926868,29.952396867995],[-90.067821670022,29.952186726403],[-90.067382098486,29.951888989476],[-90.067262381063,29.951807901952],[-90.067187787855,29.951757379365],[-90.067097016291,29.951697174414],[-90.066730134694,29.951443239627],[-90.066453859125,29.951252014961],[-90.06623326928,29.951090884783],[-90.066154844301,29.951036728412],[-90.066188513699,29.950955967552],[-90.066216580481,29.950901121583],[-90.066339100286,29.95064434425],[-90.066519452459,29.9501780739],[-90.066584796304,29.950027110504],[-90.066815449268,29.949295758303],[-90.066921103889,29.948959658296],[-90.066949566888,29.94885808683]]]},"properties":{":id":"row-g7wh-kdz6-tzny",":version":"rv-ijue-8gfk_tqir",":created_at":"2026-02-06T12:19:24.581Z",":updated_at":"2026-02-06T12:19:24.581Z","objectid":"16","parade":"Muses","location":"Uptown","day":"2nd Thursday","date":"2026-02-12T18:15:00.000Z","time":"6:15pm","formation":"Jefferson and Magazine","disband":"Poydras and Tchoupitoulas","numfloats":null,"shape_stlength":"24095.038873639445"}},
{"type":"Feature","geometry":{"type":"MultiLineString","coordinates":[[[-90.103565533865,29.940066205852],[-90.102286051977,29.927478574524],[-90.102251138893,29.927143542645],[-90.102196947815,29.926623523216],[-90.10219204679,29.926565806891],[-90.102186933535,29.926505563241],[-90.102183800854,29.926474866267],[-90.102180859035,29.926445994483],[-90.102174884928,29.926388112027],[-90.102051715496,29.926397985349],[-90.101931368283,29.926407629645],[-90.101845466111,29.926414513381],[-90.10146021851,29.926444232802],[-90.101228367147,29.926462115255],[-90.101143687402,29.926471492014],[-90.100898378491,29.926489409329],[-90.100794459009,29.926497265799],[-90.100711291279,29.926503552781],[-90.099795182078,29.926575289069],[-90.099694314502,29.926580159846],[-90.098671798527,29.926662643741],[-90.098561082881,29.92667434763],[-90.097530327495,29.926749532008],[-90.097430893767,29.926755440357],[-90.096525888265,29.92682234831],[-90.096403239593,29.926835240108],[-90.096112592497,29.926861814859],[-90.095700789346,29.926896656698],[-90.095566592934,29.92691443201],[-90.095174709874,29.926980326704],[-90.094993057291,29.927010867901],[-90.094829571883,29.927040621723],[-90.09475403777,29.927058623693],[-90.094584290463,29.927099088164],[-90.094526279957,29.927112911686],[-90.09433294781,29.927162099332],[-90.094173411252,29.927205718004],[-90.09395472729,29.927269191273],[-90.093821230372,29.927309892537],[-90.093644544555,29.927359105204],[-90.093037926067,29.927581237011],[-90.092733433852,29.927685768952],[-90.092556845354,29.927746385263],[-90.09249877059,29.927766323503],[-90.092485021336,29.927772320852],[-90.0914584127,29.928141584904],[-90.091457982469,29.928141781137],[-90.091320075914,29.92820462768],[-90.091263417962,29.928230447758],[-90.090610850126,29.928471325915],[-90.09025585612,29.928602183914],[-90.090115907081,29.928650104171],[-90.090059553555,29.928669400785],[-90.089660064452,29.928838262609],[-90.089314280462,29.928987067496],[-90.089313835161,29.928987308691],[-90.088910890533,29.929207308233],[-90.088851772604,29.929239586528],[-90.088575002535,29.929400953583],[-90.088536805927,29.929423182176],[-90.088110984187,29.92966547434],[-90.088051759943,29.929699174088],[-90.08760905472,29.929950530115],[-90.08729975055,29.930118689679],[-90.087248903514,29.930146335962],[-90.087117147728,29.930218698076],[-90.086629809298,29.930491999692],[-90.086591415445,29.930513531139],[-90.085941953585,29.930879546869],[-90.085881980831,29.930913345916],[-90.085096222061,29.931357028127],[-90.085046767664,29.931384951133],[-90.084286077651,29.931807822815],[-90.084225011207,29.931841766815],[-90.083934308237,29.932006807427],[-90.083482153503,29.932260925424],[-90.083427971002,29.93229137787],[-90.082673541491,29.932708695139],[-90.082615621971,29.932740733034],[-90.082588035273,29.932756830888],[-90.082213016115,29.932972038439],[-90.082074672805,29.933051612086],[-90.081643029753,29.933330032799],[-90.081550236881,29.933390256996],[-90.081376255734,29.933503180063],[-90.081334415199,29.933530335972],[-90.080940666204,29.93379316],[-90.08093725134,29.933795439905],[-90.080860729908,29.933846514729],[-90.080616265556,29.934008126734],[-90.080572999724,29.934036729541],[-90.080529752681,29.934065318979],[-90.080476209579,29.934100715115],[-90.079921660368,29.934459876736],[-90.079583348426,29.934678985877],[-90.079529955813,29.93471356384],[-90.078743931347,29.935222252158],[-90.078701793425,29.935259764704],[-90.078663294835,29.935294039559],[-90.078118703575,29.935733029479],[-90.078080511902,29.935763709001],[-90.077707904445,29.936063013737],[-90.077606446851,29.936141738411],[-90.077525722991,29.93620437207],[-90.077480711039,29.936256257282],[-90.07729938252,29.936491196388],[-90.077002771062,29.936886677862],[-90.076966491088,29.936935936889],[-90.076517845441,29.937545036988],[-90.076454228847,29.937630616522],[-90.076404690376,29.937697261004],[-90.076376333998,29.937735129134],[-90.07597676507,29.93827465709],[-90.075939928225,29.938324293057],[-90.075575928693,29.938814786136],[-90.075462554927,29.938968516682],[-90.075429162691,29.939013578657],[-90.075413476135,29.939034748356]]]},"properties":{":id":"row-fq37-2axa.ided",":version":"rv-7piv~avsb~cd9r",":created_at":"2026-02-06T12:19:24.581Z",":updated_at":"2026-02-06T12:19:24.581Z","objectid":"32","parade":"Crescent City","location":"Uptown","day":"Fat Tuesday","date":"2026-02-17T11:30:00.000Z","time":"11:30am","formation":"Napoleon and Claiborne","disband":"Poydras and Claiborne","numfloats":null,"shape_stlength":"15020.818358112101"}},
{"type":"Feature","geometry":{"type":"MultiLineString","coordinates":[[[-90.100983686233,29.917155278351],[-90.101000946269,29.917253917547],[-90.101032753394,29.917567097117],[-90.101063438603,29.917869239103],[-90.101074970071,29.91796488244],[-90.101148458977,29.918681843839],[-90.101158132804,29.918790220064],[-90.101248173461,29.919721079965],[-90.101257191902,29.919796311137],[-90.101264815064,29.919859893184],[-90.101314874115,29.920314819571],[-90.101316877417,29.920336536051],[-90.101322789534,29.920400545961]],[[-90.101367845655,29.920819795492],[-90.101382363938,29.920971229924],[-90.101422119933,29.921360498303],[-90.101458741502,29.92171909849],[-90.101466750922,29.921806123139],[-90.101472915108,29.921873054101],[-90.101569130281,29.922829187588],[-90.101578112446,29.922902868334],[-90.101584025901,29.922955129393],[-90.101647401256,29.923582904676],[-90.101654497654,29.923661603092],[-90.101660984632,29.923733619306],[-90.101677588329,29.923878794554],[-90.101703147451,29.924140128116],[-90.101724441938,29.924338715918],[-90.101732094246,29.924410060946],[-90.101765489107,29.92473276888],[-90.101794232157,29.925036114715],[-90.101800948844,29.925106989933],[-90.1018613597,29.925655325688],[-90.101869007419,29.925730248891],[-90.101898611354,29.926020283114],[-90.101932560809,29.926352864698],[-90.101936988066,29.926413036077],[-90.101851083807,29.926419920699],[-90.101465838269,29.926449639254],[-90.10123398793,29.926467521726],[-90.101149306099,29.926476899372],[-90.100903997165,29.926494817599],[-90.100800077689,29.926502673172],[-90.100716912037,29.926508959274],[-90.09980080073,29.92658069468],[-90.099699932091,29.926585567256],[-90.098677418136,29.926668051214],[-90.098566702474,29.92667975601],[-90.097535947037,29.926754940432],[-90.097436511254,29.926760846961],[-90.09653150466,29.926827755845],[-90.096408855983,29.926840647649],[-90.096118210944,29.926867222431],[-90.095706406737,29.926902064278],[-90.095572212401,29.926919838713],[-90.095180328288,29.926985733414],[-90.094998675697,29.927016274619],[-90.094835189234,29.927046029341],[-90.094759655107,29.927064032215],[-90.094589906779,29.927104494879],[-90.094531897284,29.927118320218],[-90.094338564117,29.927167506058],[-90.094179027541,29.927211125639],[-90.093960343582,29.927274598016],[-90.09382684872,29.927315300207],[-90.093650161849,29.927364513773],[-90.093043543363,29.927586643802],[-90.092739050112,29.927691174844],[-90.092562463646,29.927751793889],[-90.092504385773,29.927771732102],[-90.092490639637,29.927777728578],[-90.091464028906,29.928146991752],[-90.091463598653,29.92814718979],[-90.091325691058,29.928210036329],[-90.09126903414,29.928235856419],[-90.090616467329,29.928476733711],[-90.090556416695,29.928498898083],[-90.090339936629,29.928573289645],[-90.09025585612,29.928602183914],[-90.090115907081,29.928650104171],[-90.090059553555,29.928669400785],[-90.089660064452,29.928838262609],[-90.089314280462,29.928987067496],[-90.089313835161,29.928987308691],[-90.088910890533,29.929207308233],[-90.088851772604,29.929239586528],[-90.088575002535,29.929400953583],[-90.088536805927,29.929423182176],[-90.088110984187,29.92966547434],[-90.088051759943,29.929699174088],[-90.08760905472,29.929950530115],[-90.08729975055,29.930118689679],[-90.087248903514,29.930146335962],[-90.087117147728,29.930218698076],[-90.086629809298,29.930491999692],[-90.086591415445,29.930513531139],[-90.085941953585,29.930879546869],[-90.085881980831,29.930913345916],[-90.085096222061,29.931357028127],[-90.085046767664,29.931384951133],[-90.084286077651,29.931807822815],[-90.084225011207,29.931841766815],[-90.083934308237,29.932006807427],[-90.083482153503,29.932260925424],[-90.083427971002,29.93229137787],[-90.082673541491,29.932708695139],[-90.082615621971,29.932740733034],[-90.082588035273,29.932756830888],[-90.082213016115,29.932972038439],[-90.082074672805,29.933051612086],[-90.081643029753,29.933330032799],[-90.081550236881,29.933390256996],[-90.081376255734,29.933503180063],[-90.081334415199,29.933530335972],[-90.080940666204,29.93379316],[-90.08093725134,29.933795439905],[-90.080860729908,29.933846514729],[-90.080616265556,29.934008126734],[-90.080572999724,29.934036729541],[-90.080529752681,29.934065318979],[-90.080476209579,29.934100715115],[-90.079921660368,29.934459876736],[-90.079583348426,29.934678985877],[-90.079529955813,29.93471356384],[-90.078743931347,29.935222252158],[-90.078701793425,29.935259764704],[-90.078663294835,29.935294039559],[-90.078118703575,29.935733029479],[-90.078080511902,29.935763709001],[-90.077707904445,29.936063013737],[-90.077606446851,29.936141738411],[-90.077525722991,29.93620437207],[-90.077480711039,29.936256257282],[-90.07729938252,29.936491196388],[-90.077002771062,29.936886677862],[-90.076966491088,29.936935936889],[-90.076517845441,29.937545036988],[-90.076454228847,29.937630616522],[-90.076404690376,29.937697261004],[-90.076376333998,29.937735129134],[-90.07597676507,29.93827465709],[-90.075939928225,29.938324293057],[-90.075575928693,29.938814786136],[-90.075462554927,29.938968516682],[-90.075429162691,29.939013578657],[-90.07540305883,29.939048806538],[-90.075382184215,29.93907697304],[-90.075114698276,29.939437928857],[-90.074909858152,29.939713708405],[-90.074876934652,29.939757705582],[-90.074774164156,29.939895043303],[-90.074452563761,29.94032974441],[-90.074364697089,29.940448694432],[-90.074327605788,29.940498911256],[-90.074219424628,29.940646305346],[-90.074168764362,29.94071532916],[-90.074003193752,29.940940616337],[-90.073893443213,29.941103031693],[-90.073785751796,29.941252723582],[-90.073753268941,29.941296365609],[-90.073648881703,29.941436625536],[-90.073508365702,29.941626591507],[-90.073381307513,29.941794298289],[-90.073373367794,29.941804651123],[-90.073366733196,29.941813295001],[-90.073245457676,29.941971367088],[-90.073214192901,29.942012116372],[-90.073185187365,29.942049924367],[-90.073148996261,29.94209709724],[-90.073076412872,29.942191697263],[-90.073023127697,29.942261153826],[-90.073018978776,29.942266560841],[-90.072942056458,29.942369452216],[-90.072610247293,29.942817595296],[-90.072555348287,29.942891739527],[-90.072495048735,29.942884515102],[-90.072434318033,29.942884414572],[-90.072373994894,29.942891439325],[-90.072314912402,29.942905492346],[-90.072257886507,29.942926379558],[-90.072203704758,29.942953812501],[-90.072153115425,29.942987412316],[-90.072106817163,29.943026714978],[-90.072065449369,29.943071177703],[-90.072029583347,29.943120186444],[-90.071999714419,29.943173064373],[-90.071976255087,29.943229081228],[-90.071967589042,29.943283599454],[-90.071965740798,29.943338771197],[-90.071970738805,29.943393747167],[-90.071982506127,29.943447681084],[-90.072000861622,29.943499742712],[-90.072025522733,29.943549130635],[-90.072056109836,29.943595084595],[-90.072092152086,29.943636897195],[-90.072133094664,29.943673924788],[-90.072178307314,29.943705597387],[-90.072227094053,29.943731427436],[-90.072278703875,29.943751017319],[-90.072332342322,29.943764065475],[-90.072225730658,29.944117689171],[-90.07221274105,29.944160768809],[-90.072161307865,29.944331356493],[-90.072142754779,29.944392896536],[-90.072115482339,29.944484233018],[-90.071683688084,29.945930313629],[-90.071603007582,29.946201791158],[-90.071313215828,29.947169993319],[-90.071271912944,29.94730870189],[-90.071263296186,29.947337638526],[-90.071256241793,29.947361327447],[-90.071239299146,29.947416843276],[-90.071099291111,29.947883486298],[-90.071022633899,29.948141247548],[-90.070965093642,29.94833474867],[-90.070956744554,29.948362822615],[-90.070906222686,29.948532034477],[-90.070782420123,29.948946685592],[-90.070711826249,29.949182908173],[-90.070698280506,29.949228241488],[-90.070649820213,29.949394610252],[-90.070638179416,29.949439145325],[-90.070623623876,29.94949484457],[-90.070573116728,29.949676065996],[-90.07054820311,29.94978340232],[-90.070342328918,29.950478219264],[-90.070290159855,29.950653229914],[-90.070195063835,29.950972226516],[-90.070172090262,29.951056790187],[-90.070133622708,29.951179723045],[-90.070038975879,29.951494911918],[-90.069841368341,29.952158409805],[-90.06980653898,29.952220193777],[-90.069645760499,29.952448562827],[-90.069588419272,29.952532192728],[-90.069452110522,29.952723926089],[-90.069442398469,29.952737583664],[-90.06938819968,29.952813821932],[-90.069230349189,29.953033365935],[-90.06917339384,29.953096624341],[-90.069166527498,29.953103681465],[-90.06889214476,29.952915823895],[-90.068665751637,29.9527608215],[-90.068439359217,29.952605818712],[-90.068261672168,29.952485108352],[-90.068092721801,29.952370675553],[-90.067976798276,29.952291797743],[-90.067746087042,29.952135532386],[-90.06760188392,29.952037858576],[-90.067466936396,29.95194645662],[-90.067262381063,29.951807901952],[-90.066717525202,29.951434318809],[-90.066363189818,29.951185785392],[-90.066154844301,29.951036728412],[-90.066188513699,29.950955967552],[-90.066216580481,29.950901121583],[-90.066339100286,29.95064434425],[-90.066519452459,29.9501780739],[-90.066584796304,29.950027110504],[-90.066815449268,29.949295758303],[-90.066921103889,29.948959658296],[-90.066949566888,29.94885808683]]]},"properties":{":id":"row-x5wm-j5q9_9izs",":version":"rv-mrmk~2kfg.crag",":created_at":"2026-02-06T12:19:24.581Z",":updated_at":"2026-02-06T12:19:24.581Z","objectid":"22","parade":"Tucks","location":"Uptown","day":"2nd Saturday","date":"2026-02-14T12:00:00.000Z","time":"12:00pm","formation":"Napoleon and Tchoupitoulas","disband":"Poydras and Tchoupitoulas","numfloats":null,"shape_stlength":"20942.528313086823"}},
{"type":"Feature","geometry":{"type":"MultiLineString","coordinates":[[[-90.114981889155,29.920867322675],[-90.114889422711,29.920852433838],[-90.114869039197,29.920849152186],[-90.114442836131,29.920780528187],[-90.114279771439,29.920754271651],[-90.113772776599,29.920672635417],[-90.11375795505,29.92067019912],[-90.113434857697,29.920616272302],[-90.113253346853,29.920585977368],[-90.112848136498,29.920519939213],[-90.112757115052,29.920495263174],[-90.112667229225,29.920470891736],[-90.11220151152,29.920444306606],[-90.112118499821,29.92044195885],[-90.112035421824,29.92043961223],[-90.111095589433,29.920402522146],[-90.111008185532,29.920401252542],[-90.110061677596,29.920365591632],[-90.109783705323,29.920355702732],[-90.109596405567,29.920349036904],[-90.109501564096,29.920345661676],[-90.109381192785,29.92034137667],[-90.109201717661,29.9203349906],[-90.109109443186,29.920332761351],[-90.108797394865,29.920321167392],[-90.108745690161,29.920319245185],[-90.108555976827,29.920312194514],[-90.108004957016,29.920291714901],[-90.107917243055,29.920308539066],[-90.10777325265,29.920319309991],[-90.107738825724,29.920322128983],[-90.107231472322,29.920363695067],[-90.10681571558,29.920394007205],[-90.106772567914,29.920397152436],[-90.106696246215,29.920402717542],[-90.106464852261,29.920419330394],[-90.106363850165,29.920426582346],[-90.106301937767,29.92043102663],[-90.106210341127,29.920437601111],[-90.106122332865,29.920445472127],[-90.106040201606,29.920452813274],[-90.104986399654,29.920534959938],[-90.104823587703,29.920548223378],[-90.103854268555,29.920622595055],[-90.102748565723,29.920708668647],[-90.102252842344,29.920747888347],[-90.102196148933,29.920752304661],[-90.101768657608,29.920785599225],[-90.101607824921,29.920801981795],[-90.101487835282,29.920810890051],[-90.101367845655,29.920819795492],[-90.101454199765,29.921674621163],[-90.101458741502,29.92171909849],[-90.101459240182,29.921724513829],[-90.101564614191,29.922767600639],[-90.101584025901,29.922955129393],[-90.101647401256,29.923582904676],[-90.101648182042,29.923591564364],[-90.101673775815,29.923845461193],[-90.101673779568,29.923845492806],[-90.10167378233,29.923845520801],[-90.101677588329,29.923878794554],[-90.101689251253,29.923998051218],[-90.101724441938,29.924338715918],[-90.101732094246,29.924410060946],[-90.101765489107,29.92473276888],[-90.101794232157,29.925036114715],[-90.101801882682,29.925106689212],[-90.101800948844,29.925106989933],[-90.1018613597,29.925655325688],[-90.101869007419,29.925730248891],[-90.101898611354,29.926020283114],[-90.101932560809,29.926352864698],[-90.101936988066,29.926413036077],[-90.101851083807,29.926419920699],[-90.101465838269,29.926449639254],[-90.10123398793,29.926467521726],[-90.101149306099,29.926476899372],[-90.100903997165,29.926494817599],[-90.100800077689,29.926502673172],[-90.100716912037,29.926508959274],[-90.09980080073,29.92658069468],[-90.099699932091,29.926585567256],[-90.098677418136,29.926668051214],[-90.098566702474,29.92667975601],[-90.097535947037,29.926754940432],[-90.097436511254,29.926760846961],[-90.09653150466,29.926827755845],[-90.096408855983,29.926840647649],[-90.096118210944,29.926867222431],[-90.095706406737,29.926902064278],[-90.095572212401,29.926919838713],[-90.095180328288,29.926985733414],[-90.094998675697,29.927016274619],[-90.094835189234,29.927046029341],[-90.094759655107,29.927064032215],[-90.094589906779,29.927104494879],[-90.094531897284,29.927118320218],[-90.094338564117,29.927167506058],[-90.094179027541,29.927211125639],[-90.093960343582,29.927274598016],[-90.09382684872,29.927315300207],[-90.093650161849,29.927364513773],[-90.093043543363,29.927586643802],[-90.092739050112,29.927691174844],[-90.092562463646,29.927751793889],[-90.092504385773,29.927771732102],[-90.092490639637,29.927777728578],[-90.091464028906,29.928146991752],[-90.091463598653,29.92814718979],[-90.091325691058,29.928210036329],[-90.09126903414,29.928235856419],[-90.090616467329,29.928476733711],[-90.090556416695,29.928498898083],[-90.090339936629,29.928573289645],[-90.09025585612,29.928602183914],[-90.090115907081,29.928650104171],[-90.090059553555,29.928669400785],[-90.089660064452,29.928838262609],[-90.089314280462,29.928987067496],[-90.089313835161,29.928987308691],[-90.088910890533,29.929207308233],[-90.088851772604,29.929239586528],[-90.088575002535,29.929400953583],[-90.088536805927,29.929423182176],[-90.088110984187,29.92966547434],[-90.088051759943,29.929699174088],[-90.08760905472,29.929950530115],[-90.08729975055,29.930118689679],[-90.087248903514,29.930146335962],[-90.087117147728,29.930218698076],[-90.086629809298,29.930491999692],[-90.086591415445,29.930513531139],[-90.085941953585,29.930879546869],[-90.085881980831,29.930913345916],[-90.085096222061,29.931357028127],[-90.085046767664,29.931384951133],[-90.084286077651,29.931807822815],[-90.084225011207,29.931841766815],[-90.083934308237,29.932006807427],[-90.083482153503,29.932260925424],[-90.083427971002,29.93229137787],[-90.082673541491,29.932708695139],[-90.082615621971,29.932740733034],[-90.082588035273,29.932756830888],[-90.082213016115,29.932972038439],[-90.082074672805,29.933051612086],[-90.081643029753,29.933330032799],[-90.081550236881,29.933390256996],[-90.081376255734,29.933503180063],[-90.081334415199,29.933530335972],[-90.080940666204,29.93379316],[-90.08093725134,29.933795439905],[-90.080860729908,29.933846514729],[-90.080616265556,29.934008126734],[-90.080572999724,29.934036729541],[-90.080529752681,29.934065318979],[-90.080476209579,29.934100715115],[-90.079921660368,29.934459876736],[-90.079583348426,29.934678985877],[-90.079529955813,29.93471356384],[-90.078743931347,29.935222252158],[-90.078701793425,29.935259764704],[-90.078663294835,29.935294039559],[-90.078118703575,29.935733029479],[-90.078080511902,29.935763709001],[-90.077707904445,29.936063013737],[-90.077606446851,29.936141738411],[-90.077525722991,29.93620437207],[-90.077480711039,29.936256257282],[-90.07729938252,29.936491196388],[-90.077002771062,29.936886677862],[-90.076966491088,29.936935936889],[-90.076517845441,29.937545036988],[-90.076454228847,29.937630616522],[-90.076404690376,29.937697261004],[-90.076376333998,29.937735129134],[-90.07597676507,29.93827465709],[-90.075939928225,29.938324293057],[-90.075575928693,29.938814786136],[-90.075462554927,29.938968516682],[-90.075429162691,29.939013578657],[-90.07540305883,29.939048806538],[-90.075382184215,29.93907697304],[-90.075114698276,29.939437928857],[-90.074909858152,29.939713708405],[-90.074876934652,29.939757705582],[-90.074774164156,29.939895043303],[-90.074452563761,29.94032974441],[-90.074364697089,29.940448694432],[-90.074327605788,29.940498911256],[-90.074219424628,29.940646305346],[-90.074168764362,29.94071532916],[-90.074003193752,29.940940616337],[-90.073893443213,29.941103031693],[-90.073785751796,29.941252723582],[-90.073753268941,29.941296365609],[-90.073648881703,29.941436625536],[-90.073508365702,29.941626591507],[-90.073381307513,29.941794298289],[-90.073373367794,29.941804651123],[-90.073366733196,29.941813295001],[-90.073245457676,29.941971367088],[-90.073214192901,29.942012116372],[-90.073185187365,29.942049924367],[-90.073148996261,29.94209709724],[-90.073076412872,29.942191697263],[-90.073023127697,29.942261153826],[-90.073018978776,29.942266560841],[-90.072942056458,29.942369452216],[-90.072610247293,29.942817595296],[-90.072555348287,29.942891739527],[-90.072495048735,29.942884515102],[-90.072434318033,29.942884414572],[-90.072373994894,29.942891439325],[-90.072314912402,29.942905492346],[-90.072257886507,29.942926379558],[-90.072203704758,29.942953812501],[-90.072153115425,29.942987412316],[-90.072106817163,29.943026714978],[-90.072065449369,29.943071177703],[-90.072029583347,29.943120186444],[-90.071999714419,29.943173064373],[-90.071976255087,29.943229081228],[-90.071967589042,29.943283599454],[-90.071965740798,29.943338771198],[-90.071970738805,29.943393747167],[-90.071982506127,29.943447681084],[-90.072000861622,29.943499742712],[-90.072025522733,29.943549130635],[-90.072056109836,29.943595084595],[-90.072092152086,29.943636897195],[-90.072133094663,29.943673924788],[-90.072178307314,29.943705597387],[-90.072227094053,29.943731427436],[-90.072278703875,29.943751017319],[-90.072332342322,29.943764065475],[-90.072225730658,29.944117689171],[-90.07221274105,29.944160768809],[-90.072161307865,29.944331356493],[-90.072142754779,29.944392896536],[-90.072115482339,29.944484233018],[-90.071683688084,29.945930313629],[-90.071603007582,29.946201791158],[-90.071313215828,29.947169993319],[-90.071271912944,29.94730870189],[-90.071263296186,29.947337638526],[-90.071256241793,29.947361327447],[-90.071239299146,29.947416843276],[-90.071099291111,29.947883486298],[-90.071022633899,29.948141247548],[-90.070965093642,29.94833474867],[-90.070956744554,29.948362822615],[-90.070906222686,29.948532034477],[-90.070782420123,29.948946685592],[-90.070711826249,29.949182908173],[-90.070698280506,29.949228241488],[-90.070649820213,29.949394610252],[-90.070638179416,29.949439145325],[-90.070623623876,29.94949484457],[-90.070573116728,29.949676065996],[-90.07054820311,29.94978340232],[-90.070342328918,29.950478219264],[-90.070290159855,29.950653229914],[-90.070195063835,29.950972226516],[-90.070172090262,29.951056790187],[-90.070133622708,29.951179723045],[-90.070038975879,29.951494911918],[-90.069841368341,29.952158409805],[-90.06980653898,29.952220193777],[-90.069645760499,29.952448562827],[-90.069588419272,29.952532192728],[-90.069452110522,29.952723926089],[-90.069442398469,29.952737583664],[-90.06938819968,29.952813821932],[-90.069230349189,29.953033365935],[-90.06917339384,29.953096624341],[-90.069166527498,29.953103681465],[-90.068800684779,29.952853203681],[-90.068532966552,29.952669906999],[-90.068439359217,29.952605818712],[-90.068307482525,29.952515527128],[-90.068212168359,29.95245027012],[-90.068131926868,29.952396867995],[-90.067821670022,29.952186726403],[-90.067573206656,29.952018434716],[-90.067466937443,29.951946455728],[-90.067400326688,29.951901335915],[-90.067358798572,29.951873311931],[-90.067382097439,29.951888990368],[-90.067262381063,29.951807901952],[-90.067187787855,29.951757379365],[-90.067148069237,29.951731036434],[-90.067142391786,29.951727270031],[-90.06707357343,29.951680032026],[-90.066913578936,29.951570203125],[-90.067144397751,29.951727502261],[-90.066974322469,29.951610393786],[-90.066859762045,29.951531844767],[-90.066717518907,29.951434325064],[-90.066659145398,29.951393371256],[-90.066540356777,29.951310051765],[-90.066540076432,29.951309855087],[-90.066363189818,29.951185785392],[-90.066343564637,29.951171449473],[-90.066314864936,29.951150485913],[-90.066286166271,29.95112952326],[-90.066277702546,29.951123340886],[-90.066246482742,29.951100536857],[-90.06623326928,29.951090884783],[-90.066154844301,29.951036728412],[-90.066277840457,29.950772733383],[-90.066339100286,29.95064434425],[-90.066519452459,29.9501780739],[-90.066584796304,29.950027110504],[-90.066815449268,29.949295758303],[-90.066894893003,29.949043038134],[-90.066921103889,29.948959658296],[-90.066928225893,29.948934242483],[-90.066949566888,29.94885808683]]]},"properties":{":id":"row-9xu9_63mb.34hc",":version":"rv-r4de~xmpt.dhdf",":created_at":"2026-02-06T12:19:24.581Z",":updated_at":"2026-02-06T12:19:24.581Z","objectid":"24","parade":"Mid-City","location":"Uptown","day":"2nd Sunday","date":"2026-02-15T11:45:00.000Z","time":"11:45am","formation":"Jefferson and Magazine","disband":"Poydras and Tchoupitoulas","numfloats":null,"shape_stlength":"24299.510426084209"}},
{"type":"Feature","geometry":{"type":"MultiLineString","coordinates":[[[-90.100983686233,29.917155278351],[-90.101000946269,29.917253917547],[-90.101032753394,29.917567097117],[-90.101063438603,29.917869239103],[-90.101074970071,29.91796488244],[-90.101148458977,29.918681843839],[-90.101158132804,29.918790220064],[-90.101248173461,29.919721079965],[-90.101257191902,29.919796311137],[-90.101264815064,29.919859893184],[-90.101314874115,29.920314819571],[-90.101316877417,29.920336536051],[-90.101322789534,29.920400545961]],[[-90.101367845655,29.920819795492],[-90.101382363938,29.920971229924],[-90.101422119933,29.921360498303],[-90.101458741502,29.92171909849],[-90.101466750922,29.921806123139],[-90.101472915108,29.921873054101],[-90.101569130281,29.922829187588],[-90.101578112446,29.922902868334],[-90.101584025901,29.922955129393],[-90.101647401256,29.923582904676],[-90.101654497654,29.923661603092],[-90.101660984632,29.923733619306],[-90.101677588329,29.923878794554],[-90.101703147451,29.924140128116],[-90.101724441938,29.924338715918],[-90.101732094246,29.924410060946],[-90.101765489107,29.92473276888],[-90.101794232157,29.925036114715],[-90.101800948844,29.925106989933],[-90.1018613597,29.925655325688],[-90.101869007419,29.925730248891],[-90.101898611354,29.926020283114],[-90.101932560809,29.926352864698],[-90.101936988066,29.926413036077],[-90.101851083807,29.926419920699],[-90.101465838269,29.926449639254],[-90.10123398793,29.926467521726],[-90.101149306099,29.926476899372],[-90.100903997165,29.926494817599],[-90.100800077689,29.926502673172],[-90.100716912037,29.926508959274],[-90.09980080073,29.92658069468],[-90.099699932091,29.926585567256],[-90.098677418136,29.926668051214],[-90.098566702474,29.92667975601],[-90.097535947037,29.926754940432],[-90.097436511254,29.926760846961],[-90.09653150466,29.926827755845],[-90.096408855983,29.926840647649],[-90.096118210944,29.926867222431],[-90.095706406737,29.926902064278],[-90.095572212401,29.926919838713],[-90.095180328288,29.926985733414],[-90.094998675697,29.927016274619],[-90.094835189234,29.927046029341],[-90.094759655107,29.927064032215],[-90.094589906779,29.927104494879],[-90.094531897284,29.927118320218],[-90.094338564117,29.927167506058],[-90.094179027541,29.927211125639],[-90.093960343582,29.927274598016],[-90.09382684872,29.927315300207],[-90.093650161849,29.927364513773],[-90.093043543363,29.927586643802],[-90.092739050112,29.927691174844],[-90.092562463646,29.927751793889],[-90.092504385773,29.927771732102],[-90.092490639637,29.927777728578],[-90.091464028906,29.928146991752],[-90.091463598653,29.92814718979],[-90.091325691058,29.928210036329],[-90.09126903414,29.928235856419],[-90.090616467329,29.928476733711],[-90.090556416695,29.928498898083],[-90.090339936629,29.928573289645],[-90.09025585612,29.928602183914],[-90.090115907081,29.928650104171],[-90.090059553555,29.928669400785],[-90.089660064452,29.928838262609],[-90.089314280462,29.928987067496],[-90.089313835161,29.928987308691],[-90.088910890533,29.929207308233],[-90.088851772604,29.929239586528],[-90.088575002535,29.929400953583],[-90.088536805927,29.929423182176],[-90.088110984187,29.92966547434],[-90.088051759943,29.929699174088],[-90.08760905472,29.929950530115],[-90.08729975055,29.930118689679],[-90.087248903514,29.930146335962],[-90.087117147728,29.930218698076],[-90.086629809298,29.930491999692],[-90.086591415445,29.930513531139],[-90.085941953585,29.930879546869],[-90.085881980831,29.930913345916],[-90.085096222061,29.931357028127],[-90.085046767664,29.931384951133],[-90.084286077651,29.931807822815],[-90.084225011207,29.931841766815],[-90.083934308237,29.932006807427],[-90.083482153503,29.932260925424],[-90.083427971002,29.93229137787],[-90.082673541491,29.932708695139],[-90.082615621971,29.932740733034],[-90.082588035273,29.932756830888],[-90.082213016115,29.932972038439],[-90.082074672805,29.933051612086],[-90.081643029753,29.933330032799],[-90.081550236881,29.933390256996],[-90.081376255734,29.933503180063],[-90.081334415199,29.933530335972],[-90.080940666204,29.93379316],[-90.08093725134,29.933795439905],[-90.080860729908,29.933846514729],[-90.080616265556,29.934008126734],[-90.080572999724,29.934036729541],[-90.080529752681,29.934065318979],[-90.080476209579,29.934100715115],[-90.079921660368,29.934459876736],[-90.079583348426,29.934678985877],[-90.079529955813,29.93471356384],[-90.078743931347,29.935222252158],[-90.078701793425,29.935259764704],[-90.078663294835,29.935294039559],[-90.078118703575,29.935733029479],[-90.078080511902,29.935763709001],[-90.077707904445,29.936063013737],[-90.077606446851,29.936141738411],[-90.077525722991,29.93620437207],[-90.077480711039,29.936256257282],[-90.07729938252,29.936491196388],[-90.077002771062,29.936886677862],[-90.076966491088,29.936935936889],[-90.076517845441,29.937545036988],[-90.076454228847,29.937630616522],[-90.076404690376,29.937697261004],[-90.076376333998,29.937735129134],[-90.07597676507,29.93827465709],[-90.075939928225,29.938324293057],[-90.075575928693,29.938814786136],[-90.075462554927,29.938968516682],[-90.075429162691,29.939013578657],[-90.07540305883,29.939048806538],[-90.075382184215,29.93907697304],[-90.075114698276,29.939437928857],[-90.074909858152,29.939713708405],[-90.074876934652,29.939757705582],[-90.074774164156,29.939895043303],[-90.074452563761,29.94032974441],[-90.074364697089,29.940448694432],[-90.074327605788,29.940498911256],[-90.074219424628,29.940646305346],[-90.074168764362,29.94071532916],[-90.074003193752,29.940940616337],[-90.073893443213,29.941103031693],[-90.073785751796,29.941252723582],[-90.073753268941,29.941296365609],[-90.073648881703,29.941436625536],[-90.073508365702,29.941626591507],[-90.073381307513,29.941794298289],[-90.073373367794,29.941804651123],[-90.073366733196,29.941813295001],[-90.073245457676,29.941971367088],[-90.073214192901,29.942012116372],[-90.073185187365,29.942049924367],[-90.073148996261,29.94209709724],[-90.073076412872,29.942191697263],[-90.073023127697,29.942261153826],[-90.073018978776,29.942266560841],[-90.072942056458,29.942369452216],[-90.072610247293,29.942817595296],[-90.072555348287,29.942891739527],[-90.072495048735,29.942884515102],[-90.072434318033,29.942884414572],[-90.072373994894,29.942891439325],[-90.072314912402,29.942905492346],[-90.072257886507,29.942926379558],[-90.072203704758,29.942953812501],[-90.072153115425,29.942987412316],[-90.072106817163,29.943026714978],[-90.072065449369,29.943071177703],[-90.072029583347,29.943120186444],[-90.071999714419,29.943173064373],[-90.071976255087,29.943229081228],[-90.071967589042,29.943283599454],[-90.071965740798,29.943338771197],[-90.071970738805,29.943393747167],[-90.071982506127,29.943447681084],[-90.072000861622,29.943499742712],[-90.072025522733,29.943549130635],[-90.072056109836,29.943595084595],[-90.072092152086,29.943636897195],[-90.072133094664,29.943673924788],[-90.072178307314,29.943705597387],[-90.072227094053,29.943731427436],[-90.072278703875,29.943751017319],[-90.072332342322,29.943764065475],[-90.072225730658,29.944117689171],[-90.07221274105,29.944160768809],[-90.072161307865,29.944331356493],[-90.072142754779,29.944392896536],[-90.072115482339,29.944484233018],[-90.071683688084,29.945930313629],[-90.071603007582,29.946201791158],[-90.071313215828,29.947169993319],[-90.071271912944,29.94730870189],[-90.071263296186,29.947337638526],[-90.071256241793,29.947361327447],[-90.071239299146,29.947416843276],[-90.071099291111,29.947883486298],[-90.071022633899,29.948141247548],[-90.070965093642,29.94833474867],[-90.070956744554,29.948362822615],[-90.070906222686,29.948532034477],[-90.070782420123,29.948946685592],[-90.070711826249,29.949182908173],[-90.070698280506,29.949228241488],[-90.070649820213,29.949394610252],[-90.070638179416,29.949439145325],[-90.070623623876,29.94949484457],[-90.070573116728,29.949676065996],[-90.07054820311,29.94978340232],[-90.070342328918,29.950478219264],[-90.070290159855,29.950653229914],[-90.070195063835,29.950972226516],[-90.070172090262,29.951056790187],[-90.070133622708,29.951179723045],[-90.070038975879,29.951494911918],[-90.069841368341,29.952158409805],[-90.06980653898,29.952220193777],[-90.069645760499,29.952448562827],[-90.069588419272,29.952532192728],[-90.069452110522,29.952723926089],[-90.069442398469,29.952737583664],[-90.06938819968,29.952813821932],[-90.069230349189,29.953033365935],[-90.06917339384,29.953096624341],[-90.069166527498,29.953103681465],[-90.068800684779,29.952853203681],[-90.068532966552,29.952669906999],[-90.068439359217,29.952605818712],[-90.068307482525,29.952515527128],[-90.068212168359,29.95245027012],[-90.068131926868,29.952396867995],[-90.067821670022,29.952186726403],[-90.067382098486,29.951888989476],[-90.067262381063,29.951807901952],[-90.067187787855,29.951757379365],[-90.067097016291,29.951697174414],[-90.066730134694,29.951443239627],[-90.066453859125,29.951252014961],[-90.06623326928,29.951090884783],[-90.066154844301,29.951036728412],[-90.066188513699,29.950955967552],[-90.066216580481,29.950901121583],[-90.066339100286,29.95064434425],[-90.066519452459,29.9501780739],[-90.066584796304,29.950027110504],[-90.066815449268,29.949295758303],[-90.066921103889,29.948959658296],[-90.066949566888,29.94885808683]]]},"properties":{":id":"row-zp37-f5u2_qj33",":version":"rv-e9m8_6735-y5be",":created_at":"2026-02-06T12:19:24.581Z",":updated_at":"2026-02-06T12:19:24.581Z","objectid":"26","parade":"Bacchus","location":"Uptown","day":"2nd Sunday","date":"2026-02-15T17:15:00.000Z","time":"5:15pm","formation":"Napoleon and Tchoupitoulas","disband":"Poydras and Tchoupitoulas","numfloats":null,"shape_stlength":"20942.555150512853"}},
{"type":"Feature","geometry":{"type":"MultiLineString","coordinates":[[[-90.100983686233,29.917155278351],[-90.101000946269,29.917253917547],[-90.101074970071,29.91796488244],[-90.101158132804,29.918790220064],[-90.10123981586,29.91961983468],[-90.101284994507,29.920043281705],[-90.101285011233,29.920043437045],[-90.101314874115,29.920314819571],[-90.101316877417,29.920336536051],[-90.101320703692,29.920377964373],[-90.10135079857,29.92066002062],[-90.101360316366,29.920741212068],[-90.101367845655,29.920819795492],[-90.101347883302,29.920635156744],[-90.10135079857,29.92066002062],[-90.101360316366,29.920741212068],[-90.101367845655,29.920819795492],[-90.10141909824,29.921330911166],[-90.101422119933,29.921360498303],[-90.101458741502,29.92171909849],[-90.101466750922,29.921806123139],[-90.101515106881,29.922289344421],[-90.101569130281,29.922829187588],[-90.101654497654,29.923661603092],[-90.101648182042,29.923591564364],[-90.101673779545,29.92384549461],[-90.10167378233,29.923845520801],[-90.101677588329,29.923878794554],[-90.101689251253,29.923998051218],[-90.101724441938,29.924338715918],[-90.101732094246,29.924410060946],[-90.101765489107,29.92473276888],[-90.101794232157,29.925036114715],[-90.1018613597,29.925655325688],[-90.101865183553,29.925692787741],[-90.101869007419,29.925730248891],[-90.101898611354,29.926020283114],[-90.101932560809,29.926352864698],[-90.101936988066,29.926413036077],[-90.101851083807,29.926419920699],[-90.101465838269,29.926449639254],[-90.10123398793,29.926467521726],[-90.101149306099,29.926476899372],[-90.100903997165,29.926494817599],[-90.100800077689,29.926502673172],[-90.100716912037,29.926508959274],[-90.09980080073,29.92658069468],[-90.099699932091,29.926585567256],[-90.098677418136,29.926668051214],[-90.098566702474,29.92667975601],[-90.097535947037,29.926754940432],[-90.097436511254,29.926760846961],[-90.09653150466,29.926827755845],[-90.096408855983,29.926840647649],[-90.096118210944,29.926867222431],[-90.095706406737,29.926902064278],[-90.095572212401,29.926919838713],[-90.095180328288,29.926985733414],[-90.094998675697,29.927016274619],[-90.094835189234,29.927046029341],[-90.094759655107,29.927064032215],[-90.094589906779,29.927104494879],[-90.094531897284,29.927118320218],[-90.094338564117,29.927167506058],[-90.094179027541,29.927211125639],[-90.093960343582,29.927274598016],[-90.09382684872,29.927315300207],[-90.093650161849,29.927364513773],[-90.093043543363,29.927586643802],[-90.092739050112,29.927691174844],[-90.092562463646,29.927751793889],[-90.092504385773,29.927771732102],[-90.092490639637,29.927777728578],[-90.091464028906,29.928146991752],[-90.091463598653,29.92814718979],[-90.091325691058,29.928210036329],[-90.09126903414,29.928235856419],[-90.090616467329,29.928476733711],[-90.090556416695,29.928498898083],[-90.090339936629,29.928573289645],[-90.09025585612,29.928602183914],[-90.090115907081,29.928650104171],[-90.090059553555,29.928669400785],[-90.089660064452,29.928838262609],[-90.089314280462,29.928987067496],[-90.089313835161,29.928987308691],[-90.088910890533,29.929207308233],[-90.088851772604,29.929239586528],[-90.088575002535,29.929400953583],[-90.088536805927,29.929423182176],[-90.088110984187,29.92966547434],[-90.088051759943,29.929699174088],[-90.08760905472,29.929950530115],[-90.08729975055,29.930118689679],[-90.087248903514,29.930146335962],[-90.087117147728,29.930218698076],[-90.086629809298,29.930491999692],[-90.086591415445,29.930513531139],[-90.085941953585,29.930879546869],[-90.085881980831,29.930913345916],[-90.085096222061,29.931357028127],[-90.085046767664,29.931384951133],[-90.084286077651,29.931807822815],[-90.084225011207,29.931841766815],[-90.083934308237,29.932006807427],[-90.083482153503,29.932260925424],[-90.083427971002,29.93229137787],[-90.082673541491,29.932708695139],[-90.082615621971,29.932740733034],[-90.082588035273,29.932756830888],[-90.082213016115,29.932972038439],[-90.082074672805,29.933051612086],[-90.081643029753,29.933330032799],[-90.081550236881,29.933390256996],[-90.081376255734,29.933503180063],[-90.081334415199,29.933530335972],[-90.080940666204,29.93379316],[-90.08093725134,29.933795439905],[-90.080860729908,29.933846514729],[-90.080616265556,29.934008126734],[-90.080572999724,29.934036729541],[-90.080529752681,29.934065318979],[-90.080476209579,29.934100715115],[-90.079921660368,29.934459876736],[-90.079583348426,29.934678985877],[-90.079529955813,29.93471356384],[-90.078743931347,29.935222252158],[-90.078701793425,29.935259764704],[-90.078663294835,29.935294039559],[-90.078118703575,29.935733029479],[-90.078080511902,29.935763709001],[-90.077707904445,29.936063013737],[-90.077606446851,29.936141738411],[-90.077525722991,29.93620437207],[-90.077480711039,29.936256257282],[-90.07729938252,29.936491196388],[-90.077002771062,29.936886677862],[-90.076966491088,29.936935936889],[-90.076517845441,29.937545036988],[-90.076454228847,29.937630616522],[-90.076404690376,29.937697261004],[-90.076376333998,29.937735129134],[-90.07597676507,29.93827465709],[-90.075939928225,29.938324293057],[-90.075575928693,29.938814786136],[-90.075462554927,29.938968516682],[-90.075429162691,29.939013578657],[-90.07540305883,29.939048806538],[-90.075382184215,29.93907697304],[-90.075114698276,29.939437928857],[-90.074909858152,29.939713708405],[-90.074876934652,29.939757705582],[-90.074774164156,29.939895043303],[-90.074452563761,29.94032974441],[-90.074364697089,29.940448694432],[-90.074327605788,29.940498911256],[-90.074219424628,29.940646305346],[-90.074168764362,29.94071532916],[-90.074003193752,29.940940616337],[-90.073893443213,29.941103031693],[-90.073785751796,29.941252723582],[-90.073753268941,29.941296365609],[-90.073648881703,29.941436625536],[-90.073508365702,29.941626591507],[-90.073381307513,29.941794298289],[-90.073373367794,29.941804651123],[-90.073366733196,29.941813295001],[-90.073245457676,29.941971367088],[-90.073214192901,29.942012116372],[-90.073185187365,29.942049924367],[-90.073148996261,29.94209709724],[-90.073076412872,29.942191697263],[-90.073023127697,29.942261153826],[-90.073018978776,29.942266560841],[-90.072942056458,29.942369452216],[-90.072610247293,29.942817595296],[-90.072555348287,29.942891739527],[-90.072495048735,29.942884515102],[-90.072434318033,29.942884414572],[-90.072373994894,29.942891439325],[-90.072314912402,29.942905492346],[-90.072257886507,29.942926379558],[-90.072203704758,29.942953812501],[-90.072153115425,29.942987412316],[-90.072106817163,29.943026714978],[-90.072065449369,29.943071177703],[-90.072029583347,29.943120186444],[-90.071999714419,29.943173064373],[-90.071976255087,29.943229081228],[-90.071967589042,29.943283599454],[-90.071965740798,29.943338771198],[-90.071970738805,29.943393747167],[-90.071982506127,29.943447681084],[-90.072000861622,29.943499742712],[-90.072025522733,29.943549130635],[-90.072056109836,29.943595084595],[-90.072092152086,29.943636897195],[-90.072133094664,29.943673924788],[-90.072178307314,29.943705597387],[-90.072227094053,29.943731427436],[-90.072278703875,29.943751017319],[-90.072332342322,29.943764065475],[-90.072225730658,29.944117689171],[-90.07221274105,29.944160768809],[-90.072161307865,29.944331356493],[-90.072142754779,29.944392896536],[-90.072115482339,29.944484233018],[-90.071683688084,29.945930313629],[-90.071603007582,29.946201791158],[-90.071313215828,29.947169993319],[-90.071271912944,29.94730870189],[-90.071263296186,29.947337638526],[-90.071256241793,29.947361327447],[-90.071239299146,29.947416843276],[-90.071099291111,29.947883486298],[-90.071022633899,29.948141247548],[-90.070965093642,29.94833474867],[-90.070956744554,29.948362822615],[-90.070906222686,29.948532034477],[-90.070782420123,29.948946685592],[-90.070711826249,29.949182908173],[-90.070698280506,29.949228241488],[-90.070649820213,29.949394610252],[-90.070638179416,29.949439145325],[-90.070623623876,29.94949484457],[-90.070573116728,29.949676065996],[-90.07054820311,29.94978340232],[-90.070342328918,29.950478219264],[-90.070290159855,29.950653229914],[-90.070195063835,29.950972226516],[-90.070172090262,29.951056790187],[-90.070133622708,29.951179723045],[-90.070038975879,29.951494911918],[-90.069841368341,29.952158409805],[-90.06980653898,29.952220193777],[-90.069645760499,29.952448562827],[-90.069588419272,29.952532192728],[-90.069452110522,29.952723926089],[-90.069442398469,29.952737583664],[-90.06938819968,29.952813821932],[-90.069230349189,29.953033365935],[-90.06917339384,29.953096624341],[-90.069166527498,29.953103681465],[-90.068800684779,29.952853203681],[-90.068532966552,29.952669906999],[-90.068439359217,29.952605818712],[-90.068307482525,29.952515527128],[-90.068212168359,29.95245027012],[-90.068131926868,29.952396867995],[-90.067821670022,29.952186726403],[-90.067382098486,29.951888989476],[-90.067262381063,29.951807901952],[-90.067187787855,29.951757379365],[-90.067097016291,29.951697174414],[-90.066730134694,29.951443239627],[-90.066453859125,29.951252014961],[-90.06623326928,29.951090884783],[-90.066154844301,29.951036728412],[-90.066188513699,29.950955967552],[-90.066216580481,29.950901121583],[-90.066339100286,29.95064434425],[-90.066519452459,29.9501780739],[-90.066584796304,29.950027110504],[-90.066815449268,29.949295758303],[-90.066921103889,29.948959658296],[-90.066949566888,29.94885808683]]]},"properties":{":id":"row-ishz.vxru.htep",":version":"rv-kzz8.kzr7~ycnu",":created_at":"2026-02-06T12:19:24.581Z",":updated_at":"2026-02-06T12:19:24.581Z","objectid":"7","parade":"Freret","location":"Uptown","day":"1st Saturday","date":"2026-02-07T12:30:00.000Z","time":"12:30pm","formation":"Napoleon and Tchoupitoulas","disband":"Poydras and Tchoupitoulas","numfloats":null,"shape_stlength":"21281.640909080972"}},
{"type":"Feature","geometry":{"type":"MultiLineString","coordinates":[[[-90.114981889155,29.920867322675],[-90.113772776599,29.920672635417],[-90.11375795505,29.92067019912],[-90.113253346853,29.920585977368],[-90.112848136498,29.920519939213],[-90.112757115052,29.920495263174],[-90.112667229225,29.920470891736],[-90.11220151152,29.920444306606],[-90.112118499821,29.92044195885],[-90.112035421824,29.92043961223],[-90.111095589433,29.920402522146],[-90.111008185532,29.920401252542],[-90.110061677596,29.920365591632],[-90.109783705323,29.920355702732],[-90.109596405567,29.920349036904],[-90.109501564096,29.920345661676],[-90.109381192785,29.92034137667],[-90.109201717661,29.9203349906],[-90.109109443186,29.920332761351],[-90.108797394865,29.920321167392],[-90.108745690161,29.920319245185],[-90.108555976827,29.920312194514],[-90.108004957016,29.920291714901],[-90.107917243055,29.920308539066],[-90.10777325265,29.920319309991],[-90.107738825724,29.920322128983],[-90.107231472322,29.920363695067],[-90.10681571558,29.920394007205],[-90.106772567914,29.920397152436],[-90.106696246215,29.920402717542],[-90.106464852261,29.920419330394],[-90.106363850165,29.920426582346],[-90.106301937767,29.92043102663],[-90.106210341127,29.920437601111],[-90.106122332865,29.920445472127],[-90.106040201606,29.920452813274],[-90.104986399654,29.920534959938],[-90.104823587703,29.920548223378],[-90.103854268555,29.920622595055],[-90.102748565723,29.920708668647],[-90.102252842344,29.920747888347],[-90.102196148933,29.920752304661],[-90.101768657608,29.920785599225],[-90.101607824921,29.920801981795],[-90.101487835282,29.920810890051],[-90.101367845655,29.920819795492],[-90.101382363938,29.920971229924],[-90.101422119933,29.921360498303],[-90.101458741502,29.92171909849],[-90.101466750922,29.921806123139],[-90.101472915108,29.921873054101],[-90.101569130281,29.922829187588],[-90.101578112446,29.922902868334],[-90.101584025901,29.922955129393],[-90.101647401256,29.923582904676],[-90.101654497654,29.923661603092],[-90.101660984632,29.923733619306],[-90.101677588329,29.923878794554],[-90.101703147451,29.924140128116],[-90.101724441938,29.924338715918],[-90.101732094246,29.924410060946],[-90.101765489107,29.92473276888],[-90.101794232157,29.925036114715],[-90.101800948844,29.925106989933],[-90.1018613597,29.925655325688],[-90.101869007419,29.925730248891],[-90.101898611354,29.926020283114],[-90.101932560809,29.926352864698],[-90.101936988066,29.926413036077],[-90.101851083807,29.926419920699],[-90.101465838269,29.926449639254],[-90.10123398793,29.926467521726],[-90.101149306099,29.926476899372],[-90.100903997165,29.926494817599],[-90.100800077689,29.926502673172],[-90.100716912037,29.926508959274],[-90.09980080073,29.92658069468],[-90.099699932091,29.926585567256],[-90.098677418136,29.926668051214],[-90.098566702474,29.92667975601],[-90.097535947037,29.926754940432],[-90.097436511254,29.926760846961],[-90.09653150466,29.926827755845],[-90.096408855983,29.926840647649],[-90.096118210944,29.926867222431],[-90.095706406737,29.926902064278],[-90.095572212401,29.926919838713],[-90.095180328288,29.926985733414],[-90.094998675697,29.927016274619],[-90.094835189234,29.927046029341],[-90.094759655107,29.927064032215],[-90.094589906779,29.927104494879],[-90.094531897284,29.927118320218],[-90.094338564117,29.927167506058],[-90.094179027541,29.927211125639],[-90.093960343582,29.927274598016],[-90.09382684872,29.927315300207],[-90.093650161849,29.927364513773],[-90.093043543363,29.927586643802],[-90.092739050112,29.927691174844],[-90.092562463646,29.927751793889],[-90.092504385773,29.927771732102],[-90.092490639637,29.927777728578],[-90.091464028906,29.928146991752],[-90.091463598653,29.92814718979],[-90.091325691058,29.928210036329],[-90.09126903414,29.928235856419],[-90.090616467329,29.928476733711],[-90.090556416695,29.928498898083],[-90.090339936629,29.928573289645],[-90.09025585612,29.928602183914],[-90.090115907081,29.928650104171],[-90.090059553555,29.928669400785],[-90.089660064452,29.928838262609],[-90.089314280462,29.928987067496],[-90.089313835161,29.928987308691],[-90.088910890533,29.929207308233],[-90.088851772604,29.929239586528],[-90.088575002535,29.929400953583],[-90.088536805927,29.929423182176],[-90.088110984187,29.92966547434],[-90.088051759943,29.929699174088],[-90.08760905472,29.929950530115],[-90.08729975055,29.930118689679],[-90.087248903514,29.930146335962],[-90.087117147728,29.930218698076],[-90.086629809298,29.930491999692],[-90.086591415445,29.930513531139],[-90.085941953585,29.930879546869],[-90.085881980831,29.930913345916],[-90.085096222061,29.931357028127],[-90.085046767664,29.931384951133],[-90.084286077651,29.931807822815],[-90.084225011207,29.931841766815],[-90.083934308237,29.932006807427],[-90.083482153503,29.932260925424],[-90.083427971002,29.93229137787],[-90.082673541491,29.932708695139],[-90.082615621971,29.932740733034],[-90.082588035273,29.932756830888],[-90.082213016115,29.932972038439],[-90.082074672805,29.933051612086],[-90.081643029753,29.933330032799],[-90.081550236881,29.933390256996],[-90.081376255734,29.933503180063],[-90.081334415199,29.933530335972],[-90.080940666204,29.93379316],[-90.08093725134,29.933795439905],[-90.080860729908,29.933846514729],[-90.080616265556,29.934008126734],[-90.080572999724,29.934036729541],[-90.080529752681,29.934065318979],[-90.080476209579,29.934100715115],[-90.079921660368,29.934459876736],[-90.079583348426,29.934678985877],[-90.079529955813,29.93471356384],[-90.078743931347,29.935222252158],[-90.078701793425,29.935259764704],[-90.078663294835,29.935294039559],[-90.078118703575,29.935733029479],[-90.078080511902,29.935763709001],[-90.077707904445,29.936063013737],[-90.077606446851,29.936141738411],[-90.077525722991,29.93620437207],[-90.077480711039,29.936256257282],[-90.07729938252,29.936491196388],[-90.077002771062,29.936886677862],[-90.076966491088,29.936935936889],[-90.076517845441,29.937545036988],[-90.076454228847,29.937630616522],[-90.076404690376,29.937697261004],[-90.076376333998,29.937735129134],[-90.07597676507,29.93827465709],[-90.075939928225,29.938324293057],[-90.075575928693,29.938814786136],[-90.075462554927,29.938968516682],[-90.075429162691,29.939013578657],[-90.07540305883,29.939048806538],[-90.075382184215,29.93907697304],[-90.075114698276,29.939437928857],[-90.074909858152,29.939713708405],[-90.074876934652,29.939757705582],[-90.074774164156,29.939895043303],[-90.074452563761,29.94032974441],[-90.074364697089,29.940448694432],[-90.074327605788,29.940498911256],[-90.074219424628,29.940646305346],[-90.074168764362,29.94071532916],[-90.074003193752,29.940940616337],[-90.073893443213,29.941103031693],[-90.073785751796,29.941252723582],[-90.073753268941,29.941296365609],[-90.073648881703,29.941436625536],[-90.073508365702,29.941626591507],[-90.073381307513,29.941794298289],[-90.073373367794,29.941804651123],[-90.073366733196,29.941813295001],[-90.073245457676,29.941971367088],[-90.073214192901,29.942012116372],[-90.073185187365,29.942049924367],[-90.073148996261,29.94209709724],[-90.073076412872,29.942191697263],[-90.073023127697,29.942261153826],[-90.073018978776,29.942266560841],[-90.072942056458,29.942369452216],[-90.072610247293,29.942817595296],[-90.072555348287,29.942891739527],[-90.072495048735,29.942884515102],[-90.072434318033,29.942884414572],[-90.072373994894,29.942891439325],[-90.072314912402,29.942905492346],[-90.072257886507,29.942926379558],[-90.072203704758,29.942953812501],[-90.072153115425,29.942987412316],[-90.072106817163,29.943026714978],[-90.072065449369,29.943071177703],[-90.072029583347,29.943120186444],[-90.071999714419,29.943173064373],[-90.071976255087,29.943229081228],[-90.071967589042,29.943283599454],[-90.071965740798,29.943338771198],[-90.071970738805,29.943393747167],[-90.071982506127,29.943447681084],[-90.072000861622,29.943499742712],[-90.072025522733,29.943549130635],[-90.072056109836,29.943595084595],[-90.072092152086,29.943636897195],[-90.072133094664,29.943673924788],[-90.072178307314,29.943705597387],[-90.072227094053,29.943731427436],[-90.072278703875,29.943751017319],[-90.072332342322,29.943764065475],[-90.072225730658,29.944117689171],[-90.07221274105,29.944160768809],[-90.072161307865,29.944331356493],[-90.072142754779,29.944392896536],[-90.072115482339,29.944484233018],[-90.071683688084,29.945930313629],[-90.071603007582,29.946201791158],[-90.071313215828,29.947169993319],[-90.071271912944,29.94730870189],[-90.071263296186,29.947337638526],[-90.071256241793,29.947361327447],[-90.071239299146,29.947416843276],[-90.071099291111,29.947883486298],[-90.071022633899,29.948141247548],[-90.070965093642,29.94833474867],[-90.070956744554,29.948362822615],[-90.070906222686,29.948532034477],[-90.070782420123,29.948946685592],[-90.070711826249,29.949182908173],[-90.070698280506,29.949228241488],[-90.070649820213,29.949394610252],[-90.070638179416,29.949439145325],[-90.070623623876,29.94949484457],[-90.070573116728,29.949676065996],[-90.07054820311,29.94978340232],[-90.070342328918,29.950478219264],[-90.070290159855,29.950653229914],[-90.070195063835,29.950972226516],[-90.070172090262,29.951056790187],[-90.070133622708,29.951179723045],[-90.070038975879,29.951494911918],[-90.069841368341,29.952158409805],[-90.06980653898,29.952220193777],[-90.069645760499,29.952448562827],[-90.069588419272,29.952532192728],[-90.069452110522,29.952723926089],[-90.069442398469,29.952737583664],[-90.06938819968,29.952813821932],[-90.069230349189,29.953033365935],[-90.06917339384,29.953096624341],[-90.069166527498,29.953103681465],[-90.069057826294,29.953029258849],[-90.068307482525,29.952515527128],[-90.067382098486,29.951888989476],[-90.067097016291,29.951697174414],[-90.066730134694,29.951443239627],[-90.066540356766,29.951310052667],[-90.066343564637,29.951171449473],[-90.066286166271,29.95112952326],[-90.066277702546,29.951123340886],[-90.066246482742,29.951100536857],[-90.06623326928,29.951090884783],[-90.066154844301,29.951036728412],[-90.06616913255,29.951002455007],[-90.066188513699,29.950955967552],[-90.066209068173,29.950915801583],[-90.066222671907,29.950888354159],[-90.066277840457,29.950772733383],[-90.066339100286,29.95064434425],[-90.066519452459,29.9501780739],[-90.066584796304,29.950027110504],[-90.066815449268,29.949295758303],[-90.066894893003,29.949043038134],[-90.066928225893,29.948934242483],[-90.066949566888,29.94885808683]]]},"properties":{":id":"row-yhjc~4yxr-u8c9",":version":"rv-xft2~f28r.tnc7",":created_at":"2026-02-06T12:19:24.581Z",":updated_at":"2026-02-06T12:19:24.581Z","objectid":"19","parade":"D'etat","location":"Uptown","day":"2nd Friday","date":"2026-02-13T18:30:00.000Z","time":"6:30pm","formation":"Jefferson and Magazine","disband":"Poydras and Tchoupitoulas","numfloats":null,"shape_stlength":"24095.036634734795"}},
{"type":"Feature","geometry":{"type":"MultiLineString","coordinates":[[[-90.114981889155,29.920867322675],[-90.114869039197,29.920849152186],[-90.114442836131,29.920780528187],[-90.114279771439,29.920754271651],[-90.113772776599,29.920672635417],[-90.11375795505,29.92067019912],[-90.113434857697,29.920616272302],[-90.113253346853,29.920585977368],[-90.112848136498,29.920519939213],[-90.112757115052,29.920495263174],[-90.112667229225,29.920470891736],[-90.11220151152,29.920444306606],[-90.112118499821,29.92044195885],[-90.112035421824,29.92043961223],[-90.111095589433,29.920402522146],[-90.111008185532,29.920401252542],[-90.110061677596,29.920365591632],[-90.109783705323,29.920355702732],[-90.109596405567,29.920349036904],[-90.109501564096,29.920345661676],[-90.109381192785,29.92034137667],[-90.109201717661,29.9203349906],[-90.109109443186,29.920332761351],[-90.108797394865,29.920321167392],[-90.108745690161,29.920319245185],[-90.108555976827,29.920312194514],[-90.108004957016,29.920291714901],[-90.107917243055,29.920308539066],[-90.10777325265,29.920319309991],[-90.107738825724,29.920322128983],[-90.107231472322,29.920363695067],[-90.10681571558,29.920394007205],[-90.106772567914,29.920397152436],[-90.106696246215,29.920402717542],[-90.106464852261,29.920419330394],[-90.106363850165,29.920426582346],[-90.106301937767,29.92043102663],[-90.106210341127,29.920437601111],[-90.106122332865,29.920445472127],[-90.106040201606,29.920452813274],[-90.104986399654,29.920534959938],[-90.104823587703,29.920548223378],[-90.103854268555,29.920622595055],[-90.102748565723,29.920708668647],[-90.102252842344,29.920747888347],[-90.102196148933,29.920752304661],[-90.101768657608,29.920785599225],[-90.101607824921,29.920801981795],[-90.101487835282,29.920810890051],[-90.101367845655,29.920819795492],[-90.101454199765,29.921674621163],[-90.101458741502,29.92171909849],[-90.101459240182,29.921724513829],[-90.101564614191,29.922767600639],[-90.101515106881,29.922289344421],[-90.101569130281,29.922829187588],[-90.101654497654,29.923661603092],[-90.101660984632,29.923733619306],[-90.101670815057,29.923819569271],[-90.101670818743,29.923819606297],[-90.101674058046,29.923850960214],[-90.101674076465,29.923851146246],[-90.101699394885,29.924101767195],[-90.101703147451,29.924140128116],[-90.101705270851,29.924159931172],[-90.101705287556,29.924160088317],[-90.101800948844,29.925106989933],[-90.1018613597,29.925655325688],[-90.101869007419,29.925730248891],[-90.101898611354,29.926020283114],[-90.101932560809,29.926352864698],[-90.101936988066,29.926413036077],[-90.101851083807,29.926419920699],[-90.101465838269,29.926449639254],[-90.10123398793,29.926467521726],[-90.101149306099,29.926476899372],[-90.100903997165,29.926494817599],[-90.100800077689,29.926502673172],[-90.100716912037,29.926508959274],[-90.09980080073,29.92658069468],[-90.099699932091,29.926585567256],[-90.098677418136,29.926668051214],[-90.098566702474,29.92667975601],[-90.097535947037,29.926754940432],[-90.097436511254,29.926760846961],[-90.09653150466,29.926827755845],[-90.096408855983,29.926840647649],[-90.096118210944,29.926867222431],[-90.095706406737,29.926902064278],[-90.095572212401,29.926919838713],[-90.095180328288,29.926985733414],[-90.094998675697,29.927016274619],[-90.094835189234,29.927046029341],[-90.094759655107,29.927064032215],[-90.094589906779,29.927104494879],[-90.094531897284,29.927118320218],[-90.094338564117,29.927167506058],[-90.094179027541,29.927211125639],[-90.093960343582,29.927274598016],[-90.09382684872,29.927315300207],[-90.093650161849,29.927364513773],[-90.093043543363,29.927586643802],[-90.092739050112,29.927691174844],[-90.092562463646,29.927751793889],[-90.092504385773,29.927771732102],[-90.092490639637,29.927777728578],[-90.091464028906,29.928146991752],[-90.091463598653,29.92814718979],[-90.091325691058,29.928210036329],[-90.09126903414,29.928235856419],[-90.090616467329,29.928476733711],[-90.090556416695,29.928498898083],[-90.090339936629,29.928573289645],[-90.09025585612,29.928602183914],[-90.090115907081,29.928650104171],[-90.090059553555,29.928669400785],[-90.089660064452,29.928838262609],[-90.089314280462,29.928987067496],[-90.089313835161,29.928987308691],[-90.088910890533,29.929207308233],[-90.088851772604,29.929239586528],[-90.088575002535,29.929400953583],[-90.088536805927,29.929423182176],[-90.088110984187,29.92966547434],[-90.088051759943,29.929699174088],[-90.08760905472,29.929950530115],[-90.08729975055,29.930118689679],[-90.087248903514,29.930146335962],[-90.087117147728,29.930218698076],[-90.086629809298,29.930491999692],[-90.086591415445,29.930513531139],[-90.085941953585,29.930879546869],[-90.085881980831,29.930913345916],[-90.085096222061,29.931357028127],[-90.085046767664,29.931384951133],[-90.084286077651,29.931807822815],[-90.084225011207,29.931841766815],[-90.083934308237,29.932006807427],[-90.083482153503,29.932260925424],[-90.083427971002,29.93229137787],[-90.082673541491,29.932708695139],[-90.082615621971,29.932740733034],[-90.082588035273,29.932756830888],[-90.082213016115,29.932972038439],[-90.082074672805,29.933051612086],[-90.081643029753,29.933330032799],[-90.081550236881,29.933390256996],[-90.081376255734,29.933503180063],[-90.081334415199,29.933530335972],[-90.080940666204,29.93379316],[-90.08093725134,29.933795439905],[-90.080860729908,29.933846514729],[-90.080616265556,29.934008126734],[-90.080572999724,29.934036729541],[-90.080529752681,29.934065318979],[-90.080476209579,29.934100715115],[-90.079921660368,29.934459876736],[-90.079583348426,29.934678985877],[-90.079529955813,29.93471356384],[-90.078743931347,29.935222252158],[-90.078701793425,29.935259764704],[-90.078663294835,29.935294039559],[-90.078118703575,29.935733029479],[-90.078080511902,29.935763709001],[-90.077707904445,29.936063013737],[-90.077606446851,29.936141738411],[-90.077525722991,29.93620437207],[-90.077480711039,29.936256257282],[-90.07729938252,29.936491196388],[-90.077002771062,29.936886677862],[-90.076966491088,29.936935936889],[-90.076517845441,29.937545036988],[-90.076454228847,29.937630616522],[-90.076404690376,29.937697261004],[-90.076376333998,29.937735129134],[-90.07597676507,29.93827465709],[-90.075939928225,29.938324293057],[-90.075575928693,29.938814786136],[-90.075462554927,29.938968516682],[-90.075429162691,29.939013578657],[-90.07540305883,29.939048806538],[-90.075382184215,29.93907697304],[-90.075114698276,29.939437928857],[-90.074909858152,29.939713708405],[-90.074876934652,29.939757705582],[-90.074774164156,29.939895043303],[-90.074452563761,29.94032974441],[-90.074364697089,29.940448694432],[-90.074327605788,29.940498911256],[-90.074219424628,29.940646305346],[-90.074168764362,29.94071532916],[-90.074003193752,29.940940616337],[-90.073893443213,29.941103031693],[-90.073785751796,29.941252723582],[-90.073753268941,29.941296365609],[-90.073648881703,29.941436625536],[-90.073508365702,29.941626591507],[-90.073381307513,29.941794298289],[-90.073373367794,29.941804651123],[-90.073366733196,29.941813295001],[-90.073245457676,29.941971367088],[-90.073214192901,29.942012116372],[-90.073185187365,29.942049924367],[-90.073148996261,29.94209709724],[-90.073076412872,29.942191697263],[-90.073023127697,29.942261153826],[-90.073018978776,29.942266560841],[-90.072942056458,29.942369452216],[-90.072610247293,29.942817595296],[-90.072555348287,29.942891739527],[-90.072495048735,29.942884515102],[-90.072434318033,29.942884414572],[-90.072373994894,29.942891439325],[-90.072314912402,29.942905492346],[-90.072257886507,29.942926379558],[-90.072203704758,29.942953812501],[-90.072153115425,29.942987412316],[-90.072106817163,29.943026714978],[-90.072065449369,29.943071177703],[-90.072029583347,29.943120186444],[-90.071999714419,29.943173064373],[-90.071976255087,29.943229081228],[-90.071967589042,29.943283599454],[-90.071965740798,29.943338771198],[-90.071970738805,29.943393747167],[-90.071982506127,29.943447681084],[-90.072000861622,29.943499742712],[-90.072025522733,29.943549130635],[-90.072056109836,29.943595084595],[-90.072092152086,29.943636897195],[-90.072133094664,29.943673924788],[-90.072178307314,29.943705597387],[-90.072227094053,29.943731427436],[-90.072278703875,29.943751017319],[-90.072332342322,29.943764065475],[-90.072225730658,29.944117689171],[-90.07221274105,29.944160768809],[-90.072161307865,29.944331356493],[-90.072142754779,29.944392896536],[-90.072115482339,29.944484233018],[-90.071683688084,29.945930313629],[-90.071603007582,29.946201791158],[-90.071313215828,29.947169993319],[-90.071271912944,29.94730870189],[-90.071263296186,29.947337638526],[-90.071256241793,29.947361327447],[-90.071239299146,29.947416843276],[-90.071099291111,29.947883486298],[-90.071022633899,29.948141247548],[-90.070965093642,29.94833474867],[-90.070956744554,29.948362822615],[-90.070906222686,29.948532034477],[-90.070782420123,29.948946685592],[-90.070711826249,29.949182908173],[-90.070698280506,29.949228241488],[-90.070649820213,29.949394610252],[-90.070638179416,29.949439145325],[-90.070623623876,29.94949484457],[-90.070573116728,29.949676065996],[-90.07054820311,29.94978340232],[-90.070342328918,29.950478219264],[-90.070290159855,29.950653229914],[-90.070195063835,29.950972226516],[-90.070172090262,29.951056790187],[-90.070133622708,29.951179723045],[-90.070038975879,29.951494911918],[-90.069841368341,29.952158409805],[-90.06980653898,29.952220193777],[-90.069645760499,29.952448562827],[-90.069588419272,29.952532192728],[-90.069452110522,29.952723926089],[-90.069442398469,29.952737583664],[-90.06938819968,29.952813821932],[-90.069230349189,29.953033365935],[-90.06917339384,29.953096624341],[-90.069166527498,29.953103681465],[-90.068800684779,29.952853203681],[-90.068532966552,29.952669906999],[-90.068439359217,29.952605818712],[-90.068307482525,29.952515527128],[-90.068212168359,29.95245027012],[-90.068131926868,29.952396867995],[-90.067821670022,29.952186726403],[-90.067382098486,29.951888989476],[-90.067262381063,29.951807901952],[-90.067187787855,29.951757379365],[-90.067097016291,29.951697174414],[-90.066730134694,29.951443239627],[-90.066453859125,29.951252014961],[-90.06623326928,29.951090884783],[-90.066154844301,29.951036728412],[-90.066188513699,29.950955967552],[-90.066216580481,29.950901121583],[-90.066339100286,29.95064434425],[-90.066519452459,29.9501780739],[-90.066584796304,29.950027110504],[-90.066815449268,29.949295758303],[-90.066921103889,29.948959658296],[-90.066949566888,29.94885808683]]]},"properties":{":id":"row-znra~zb95.u2g5",":version":"rv-8knu.66fg_h8vv",":created_at":"2026-02-06T12:19:24.581Z",":updated_at":"2026-02-06T12:19:24.581Z","objectid":"3","parade":"Alla","location":"Uptown","day":"2nd Wednesday","date":"2026-02-11T18:45:00.000Z","time":"6:45pm","formation":"Jefferson and Magazine","disband":"Poydras and Tchoupitoulas","numfloats":null,"shape_stlength":"24444.294176298255"}}
] }
