OBJECTID,BF_ID,BF_Number,BF_Name,Status,GlobalID,CreationDate,Creator,EditDate,Editor,Address,City,County,BF_Mgr,BF_Acreage,Status_Date,x,y,GoogleNav,LURU_Link,x2,y2
1,804104049,08041-04-049,Hunt Manfacturing,No Further Interest,2c44ef04-6015-42f0-b28b-2eb2e403a975,8/28/2017 7:54:32 PM,jdpeacock_ncdenr,11/3/2023 8:57:55 PM,jdpeacock_ncdenr,2301 Speedball Rd,Statesville,Iredell,Tony Duque,18.38,4/28/2020 12:00:00 AM,-80.9285526723144,35.7944187854553,"https://www.google.com/maps/dir/?api=1&destination=35.7944187854553,-80.9285526723144&travelmode=driving",,1428118.11531055,749617.691245228
2,904205090,09042-05-090,Scott Aviation,Recorded,12a2763b-7993-4840-9bac-e4f2aa57a54e,8/28/2017 7:54:32 PM,jdpeacock_ncdenr,11/3/2023 8:57:55 PM,jdpeacock_ncdenr,309 W Crowell St,Monroe,Union,Carolyn Minnich,13.265,6/14/2017 12:00:00 AM,-80.5537016238776,34.9846344076308,"https://www.google.com/maps/dir/?api=1&destination=34.984634407630828,-80.5537016238776&travelmode=driving",https://edocs.deq.nc.gov/WasteManagement/edoc/763312/09042_Scott Aviation_LURU Model_20170928.docx?dbid=0&repo=WasteManagement,1534651.59253189,452976.151983559
3,1001606084,10016-06-084,Carolina Counters,No Further Interest,d9447c4d-bafe-4ba2-b9c0-841b6cdeccbf,8/28/2017 7:54:32 PM,jdpeacock_ncdenr,12/2/2025 3:42:34 PM,jdpeacock_ncdenr,605 Central Ave N,Locust,Stanly,Jordan Thompson,2.64,1/4/2018 12:00:00 AM,-80.4251003849491,35.2759804163197,"https://www.google.com/maps/dir/?api=1&destination=35.2759804163197,-80.4251003849491&travelmode=driving",,1574688.31560789,558419.830203399
4,1002706034,10027-06-034,TFI Finishing Building West,Active Eligible,24ac2571-b09e-4653-a78b-b31d10c52e59,8/28/2017 7:54:32 PM,jdpeacock_ncdenr,11/3/2023 8:57:55 PM,jdpeacock_ncdenr,1200 Patterson Ave,Winston-Salem,Forsyth,Bruce Nicholson,5.34,6/6/2006 12:00:00 AM,-80.2426472002216,36.1094716664158,"https://www.google.com/maps/dir/?api=1&destination=36.10947166641577,-80.24264720022158&travelmode=driving",,1632934.86282846,861044.261698723
5,1003706100,10037-06-100,Avondale Mills,Active Eligible,67725d4b-942d-4a75-af59-66a542701033,8/28/2017 7:54:32 PM,jdpeacock_ncdenr,5/11/2026 2:30:11 PM,cdobill_ncdenr,700 W Main St,Burnsville,Yancey,Kris Riddle,14.05,12/4/2015 12:00:00 AM,-82.3136575160556,35.9150551998853,"https://www.google.com/maps/dir/?api=1&destination=35.91505519988527,-82.3136575160556&travelmode=driving",,1019388.87502788,803841.062457055
6,1004706060,10047-06-060,Atherton Mill Property,Recorded,0c2a2c43-549f-49c8-a908-e44646ecd19a,8/28/2017 7:54:32 PM,jdpeacock_ncdenr,11/3/2023 8:57:56 PM,jdpeacock_ncdenr,2000-2140 South Boulevard,Charlotte,Mecklenburg,Carolyn Minnich,9.78,9/28/2016 12:00:00 AM,-80.8609489792219,35.2085062280354,"https://www.google.com/maps/dir/?api=1&destination=35.20850622803535,-80.86094897922187&travelmode=driving",https://edocs.deq.nc.gov/WasteManagement/edoc/662770/10047_Atherton Mill_LURUModel_2016_12_20.docx?dbid=0&repo=WasteManagement,1444165.09699605,536020.080383554
7,1005806011,10058-06-011,EDACO Junkyard,Active Eligible,091b92c5-7f8c-4987-bf59-b69cd5cbc52b,8/28/2017 7:54:32 PM,jdpeacock_ncdenr,11/3/2023 8:57:56 PM,jdpeacock_ncdenr,190 Amboy Rd,Asheville,Buncombe,Tracy Wahl,4.77,12/28/2006 12:00:00 AM,-82.5723869458641,35.5664003636263,"https://www.google.com/maps/dir/?api=1&destination=35.56640036362625,-82.572386945864125&travelmode=driving",,937840.250395805,680181.518109977
8,1102407053,11024-07-053,C. P. Properties,No Further Interest,da0203f7-a6c7-4e2e-a191-25994d9bdab5,8/28/2017 7:54:32 PM,jdpeacock_ncdenr,11/3/2023 8:57:56 PM,jdpeacock_ncdenr,2301 Brown Road,Sanford,Lee,Sharon Eckard,20.97,8/25/2020 12:00:00 AM,-79.196450377686,35.5521826597739,"https://www.google.com/maps/dir/?api=1&destination=35.552182659773926,-79.196450377686048&travelmode=driving",,1941568.35415605,655950.713225231
9,1104107031,11041-07-031,Stevcoknit Fabrics,No Further Interest,7fce5879-f8f7-43d5-af27-c4649b1f8de5,8/28/2017 7:54:32 PM,jdpeacock_ncdenr,11/3/2023 8:57:57 PM,jdpeacock_ncdenr,615 Old Wilmington Road,Wallace,Duplin,Sharon Eckard,54.36,8/25/2020 12:00:00 AM,-77.985654607662,34.727001422681,"https://www.google.com/maps/dir/?api=1&destination=34.727001422681,-77.985654607661985&travelmode=driving",,2304772.56606638,357130.790525064
10,1300609018,13006-09-018,Geltman Corp,No Further Interest,8c117718-69ce-470e-a534-5dfdcfa96cc0,8/28/2017 7:54:32 PM,jdpeacock_ncdenr,1/11/2024 4:56:56 PM,jdpeacock_ncdenr,"1703 Pineview Street, Se",Conover,Catawba,Carolyn Minnich,2.29,6/1/2023 12:00:00 AM,-81.1912955085595,35.700834506749,"https://www.google.com/maps/dir/?api=1&destination=35.700834506749,-81.19129550855946&travelmode=driving",,1349465.79197247,717178.984141141
11,1302109082,13021-09-082,Clinton Rail Disbribution,Active Eligible,10ae19d9-b576-45f0-92fd-4f76b662e351,8/28/2017 7:54:32 PM,jdpeacock_ncdenr,1/14/2026 10:31:27 PM,jdpeacock_ncdenr,100-A Fontana Street,Clinton,Sampson,Celeste Dobill,13.24,1/5/2026 12:00:00 AM,-78.3023997744801,34.9941170851048,"https://www.google.com/maps/dir/?api=1&destination=34.994117085104826,-78.302399774480136&travelmode=driving",,2208921.62423848,453519.568219557
12,1302309011,13023-09-011,Beacon Manufacturing Co,Recorded,ad29a2f7-c9fd-46f8-af48-97ff3175a320,8/28/2017 7:54:32 PM,jdpeacock_ncdenr,11/3/2023 8:57:58 PM,jdpeacock_ncdenr,202 Whitson Avenue,Swannanoa,Buncombe,Tracy Wahl,42.27,11/21/2017 12:00:00 AM,-82.3945904608077,35.599979193803,"https://www.google.com/maps/dir/?api=1&destination=35.59997919380297,-82.3945904608077&travelmode=driving",https://edocs.deq.nc.gov/WasteManagement/edoc/996454/13023_Beacon Manufacturing_LURU Model_20171218.docx?dbid=0&repo=WasteManagement,991100.322025061,690541.089582399
13,1402310091,14023-10-091,Idaho Timber of NC,No Further Interest,cd38efce-6145-4d32-8d82-5de53a0d68fb,8/28/2017 7:54:32 PM,jdpeacock_ncdenr,7/9/2024 9:24:40 PM,jdpeacock_ncdenr,1431 Nicholas Street,Henderson,Vance,Hayley Irick,17.94,6/9/2024 12:00:00 AM,-78.4036854848966,36.3099838792358,"https://www.google.com/maps/dir/?api=1&destination=36.30998387923577,-78.403685484896627&travelmode=driving",,2175711.3927588,932272.078232303
14,1404410041,14044-10-041,Biller Property,Recorded,5720f674-da43-4a9c-b246-8968eb4fcfbb,8/28/2017 7:54:32 PM,jdpeacock_ncdenr,1/14/2026 10:31:27 PM,jdpeacock_ncdenr,"107 West Bragg St.; 1201, 1015 South Eugene St.",Greensboro,Guilford,Lauren Fleming,5.16,1/7/2026 12:00:00 AM,-79.7924995106599,36.0627268649861,"https://www.google.com/maps/dir/?api=1&destination=36.06272686498614,-79.79249951065988&travelmode=driving",,1765764.6555673,842665.024179056
15,1404610001,14046-10-001,Town of Swepsonville,No Further Interest,6dcac164-452e-4fc5-badc-031634e04ce1,8/28/2017 7:54:32 PM,jdpeacock_ncdenr,4/8/2025 7:20:15 PM,jdpeacock_ncdenr,2703 Darrell Newton Drive,Graham,Alamance,,22.18,9/15/2017 12:00:00 AM,-79.3644449651363,36.0233005816134,"https://www.google.com/maps/dir/?api=1&destination=36.0233005816134,-79.36444496513627&travelmode=driving",,1892386.87017013,827808.708091229
16,1501211032,15012-11-032,Scott and Roberts Model Laundry,Recorded,ed21d040-93f9-4da6-964d-0dc17d73831b,8/28/2017 7:54:32 PM,jdpeacock_ncdenr,12/5/2025 4:31:28 PM,jdpeacock_ncdenr,733 Foster Street,Durham,Durham,Lourdes Barallobre,0.39,9/3/2025 12:00:00 AM,-78.9017259615924,36.0049151895087,"https://www.google.com/maps/dir/?api=1&destination=36.00491518950867,-78.90172596159236&travelmode=driving",,2029068.44260697,820699.380774483
17,1501511075,15015-11-075,Grover Mills Development Center,No Further Interest,f4a40077-b769-4db4-9514-a2edb509410d,8/28/2017 7:54:32 PM,jdpeacock_ncdenr,7/9/2024 9:24:40 PM,jdpeacock_ncdenr,Nc Hwy 108; Clarence Rhodes Rd,Lynn,Polk,Tracy Wahl,8,6/9/2024 12:00:00 AM,-82.2325078833406,35.2273200115602,"https://www.google.com/maps/dir/?api=1&destination=35.2273200115602,-82.2325078833406&travelmode=driving",,1034839.37562288,553372.704142809
18,1503111034,15031-11-034,"WPDA, Inc - Area 1",Recorded,d21500f0-de37-4ebb-aee2-db020610d9d3,8/28/2017 7:54:32 PM,jdpeacock_ncdenr,2/13/2025 5:41:14 PM,jdpeacock_ncdenr,"950, 951, 1001 Reynolds Blvd; 2901, 3291, 3221 Shorefair Dr; 95 W. 32Nd St.; Three Cherry St. Lots",Winston-Salem,Forsyth,Joshawa Billiot,56.106,9/27/2018 12:00:00 AM,-80.2607854449848,36.1362045333783,"https://www.google.com/maps/dir/?api=1&destination=36.13620453337832,-80.2607854449848&travelmode=driving",https://edocs.deq.nc.gov/WasteManagement/edoc/1257455/15031_RJR Whitaker WPDA_LURU Model_20181030.docx?dbid=0&repo=WasteManagement,1627700.88379514,870842.895972803
19,1600812032,16008-12-032,Southside East (RN),Recorded,06ef0fe3-a19d-4292-a6da-1b946ec87a05,8/28/2017 7:54:32 PM,jdpeacock_ncdenr,3/7/2025 10:11:47 PM,jdpeacock_ncdenr,S. Roxboro St & E. Piedmont Ave,Durham,Durham,Joshawa Billiot,19.32,11/28/2016 12:00:00 AM,-78.9012790231548,35.9860525906398,"https://www.google.com/maps/dir/?api=1&destination=35.986052590639837,-78.90127902315481&travelmode=driving",https://edocs.deq.nc.gov/WasteManagement/edoc/839501/16008_Southside East_LURU Model_20171129.docx?dbid=0&repo=WasteManagement,2029207.46693522,813833.1166199
20,1601312032,16013-12-032,Pifer Industries,No Further Interest,2c3c0ef8-b3b8-453d-876a-311db009f642,8/28/2017 7:54:32 PM,jdpeacock_ncdenr,1/14/2026 10:31:27 PM,jdpeacock_ncdenr,2210 E. Pettigrew St; 500 Scoggin St,Durham,Durham,,2.33,12/9/2025 12:00:00 AM,-78.8775438659193,35.9784392918363,"https://www.google.com/maps/dir/?api=1&destination=35.978439291836345,-78.8775438659193&travelmode=driving",,2036232.94205748,811069.548328146
21,1601812001,16018-12-001,Annedeen Hosiery,No Further Interest,2e83ab8a-f7cf-4bf6-affc-c150dcc3d7c8,8/28/2017 7:54:32 PM,jdpeacock_ncdenr,11/3/2023 8:58:01 PM,jdpeacock_ncdenr,717 North Park Avenue,Burlington,Alamance,Hayley Irick,3.85,5/1/2018 12:00:00 AM,-79.4433030610365,36.1021589652199,"https://www.google.com/maps/dir/?api=1&destination=36.1021589652199,-79.4433030610365&travelmode=driving",,1869038.50741814,856377.103710234
22,1601912042,16019-12-042,Quality Forest Products (QFP),No Further Interest,5c2f1fb5-81f4-421a-9ff6-f930b3e9cfc0,8/28/2017 7:54:32 PM,jdpeacock_ncdenr,7/9/2024 9:24:40 PM,jdpeacock_ncdenr,21144 Hwy 301 South,Enfield,Halifax,Sharon Eckard,58.78,6/9/2024 12:00:00 AM,-77.6945156340976,36.1537475290736,"https://www.google.com/maps/dir/?api=1&destination=36.1537475290736,-77.694515634097556&travelmode=driving",,2385415.24172297,877399.37203306
23,1602412034,16024-12-034,Overdale Road,Recorded,1cf44fc0-246f-448a-aea8-feb58fffbf28,8/28/2017 7:54:32 PM,jdpeacock_ncdenr,9/9/2024 7:42:08 PM,jdpeacock_ncdenr,"5060, 5066 Overdale Rd; Overdale Rd",Winston-Salem,Forsyth,BRS-Property Management,35.44,10/3/2017 12:00:00 AM,-80.234434730922,36.0286644015438,"https://www.google.com/maps/dir/?api=1&destination=36.028664401543757,-80.234434730922&travelmode=driving",https://edocs.deq.nc.gov/WasteManagement/edoc/830354/16024_Overdale Road_LURU Model_20171025.docx?dbid=0&repo=WasteManagement,1634994.83311798,831599.777936891
24,1603212034,16032-12-034,Wagon Works,No Further Interest,feaa5504-8ceb-4e3e-b9bb-a4734564222c,8/28/2017 7:54:32 PM,jdpeacock_ncdenr,3/7/2025 9:13:17 PM,jdpeacock_ncdenr,"1539, 1517 Waughtown Street",Winston-Salem,Forsyth,Caroline Goodwin,10.31,6/25/2024 12:00:00 AM,-80.2050967216543,36.0699863591891,"https://www.google.com/maps/dir/?api=1&destination=36.069986359189087,-80.205096721654286&travelmode=driving",,1643851.86625689,846534.501020148
25,1603712059,16037-12-059,Liberty Fabrics,Recorded,53338874-7716-4fee-8b6d-de1b4c5e2f6e,8/28/2017 7:54:32 PM,jdpeacock_ncdenr,11/3/2023 8:58:02 PM,jdpeacock_ncdenr,28333 US Hwy 64,Jamesville,Martin,Sharon Eckard,39.5,8/14/2018 12:00:00 AM,-76.8850606106803,35.8104224443423,"https://www.google.com/maps/dir/?api=1&destination=35.810422444342315,-76.88506061068028&travelmode=driving",https://edocs.deq.nc.gov/WasteManagement/edoc/1257527/16037_Liberty Fabrics_LURU Model_20181101.docx?dbid=0&repo=WasteManagement,2627021.52983488,756567.251821145
26,1604112060,16041-12-060,Fleming Laboratories-RFRU,Recorded,080d2e1d-c3a3-48be-b23b-8d432f4b4a29,8/28/2017 7:54:32 PM,jdpeacock_ncdenr,11/3/2023 8:58:02 PM,jdpeacock_ncdenr,2205 - 2215 Thrift Road,Charlotte,Mecklenburg,Carolyn Minnich,1.5,10/3/2018 12:00:00 AM,-80.8737152850203,35.2338233938421,"https://www.google.com/maps/dir/?api=1&destination=35.233823393842115,-80.8737152850203&travelmode=driving",https://edocs.deq.nc.gov/WasteManagement/edoc/1257632/16041_Fleming Labs_LURU Model_20181102.docx?dbid=0&repo=WasteManagement,1440526.36083522,545304.207484558
27,1604212098,16042-12-098,Rental Towel,No Further Interest,47f3afd6-7753-4afa-aafe-bc4a0d3ad191,8/28/2017 7:54:32 PM,jdpeacock_ncdenr,4/9/2026 4:08:37 PM,jdpeacock_ncdenr,800 N. Goldsboro St; 110 James St,Wilson,Wilson,Sharon Eckard,3.43,3/24/2026 12:00:00 AM,-77.8980916407803,35.7321403824789,"https://www.google.com/maps/dir/?api=1&destination=35.73214038247886,-77.898091640780336&travelmode=driving",,2327020.28403805,723208.603971645
28,1604812060,16048-12-060,77 Center Drive,Recorded,c533e6a2-0af0-4bb6-8ca1-cde28172bbf4,8/28/2017 7:54:32 PM,jdpeacock_ncdenr,11/3/2023 8:58:03 PM,jdpeacock_ncdenr,77 Center Drive; Minuet Lane,Charlotte,Mecklenburg,Jordan Thompson,57.93,5/26/2020 12:00:00 AM,-80.8870083614219,35.1680622570672,"https://www.google.com/maps/dir/?api=1&destination=35.16806225706723,-80.887008361422&travelmode=driving",https://edocs.deq.nc.gov/WasteManagement/ElectronicFile.aspx?docid=662776&dbid=0&repo=WasteManagement,1436102.72762214,521450.388066307
29,1605112034,16051-12-034,Tarheel Textile,No Further Interest,42c91174-e537-47a1-b36c-f8f9926f672c,8/28/2017 7:54:32 PM,jdpeacock_ncdenr,11/3/2023 8:58:03 PM,jdpeacock_ncdenr,107 E. 7Th Street,Winston-Salem,Forsyth,Carolyn Minnich,1.72,1/12/2021 12:00:00 AM,-80.2432621701791,36.1031647777824,"https://www.google.com/maps/dir/?api=1&destination=36.10316477778243,-80.243262170179136&travelmode=driving",,1632724.46233064,858750.766285732
30,1700213060,17002-13-060,Toomey Avenue,Recorded,c87b57ad-07ff-4999-af78-403466479888,8/28/2017 7:54:32 PM,jdpeacock_ncdenr,11/3/2023 8:58:03 PM,jdpeacock_ncdenr,2240-2250 Toomey Avenue,Charlotte,Mecklenburg,Carolyn Minnich,1.73,6/9/2017 12:00:00 AM,-80.8718147242711,35.2128472218273,"https://www.google.com/maps/dir/?api=1&destination=35.2128472218273,-80.871814724271&travelmode=driving",https://edocs.deq.nc.gov/WasteManagement/edoc/747921/17002_Toomey Avenue Property_LURU Model_20170927.docx?dbid=0&repo=WasteManagement,1440949.84424022,537660.694884479
31,1700813042,17008-13-042,Coastal Lumber - Weldon,Recorded,f75d1bc6-2fff-45d0-a1cd-813844de7927,8/28/2017 7:54:32 PM,jdpeacock_ncdenr,7/16/2025 9:17:16 PM,jdpeacock_ncdenr,1772 Trueblood Road,Weldon,Halifax,BRS-Property Management,117,9/12/2017 12:00:00 AM,-77.6128795094335,36.4038985060173,"https://www.google.com/maps/dir/?api=1&destination=36.40389850601734,-77.61287950943347&travelmode=driving",https://edocs.deq.nc.gov/WasteManagement/edoc/791745/17008_Coastal Lumber Weldon_LURU Model_20171017.docx?dbid=0&repo=WasteManagement,2408242.39980872,968789.128229558
32,1701013033,17010-13-033,Long Manufacturing,Recorded,7e810c06-994f-4a70-9abf-3f41859b48b2,8/28/2017 7:54:32 PM,jdpeacock_ncdenr,11/3/2023 8:58:04 PM,jdpeacock_ncdenr,111 Fairview Street,Tarboro,Edgecombe,Caroline Goodwin,6.53,8/14/2020 12:00:00 AM,-77.5441103785897,35.9086327346424,"https://www.google.com/maps/dir/?api=1&destination=35.9086327346424,-77.54411037858965&travelmode=driving",https://edocs.deq.nc.gov/WasteManagement/ElectronicFile.aspx?docid=1516947&dbid=0&repo=WasteManagement,2431124.50824389,788798.060062811
33,1701213011,17012-13-011,801 Biltmore Avenue,Recorded,5ddbbb74-8b1a-409e-9c01-ee938418615f,8/28/2017 7:54:32 PM,jdpeacock_ncdenr,11/3/2023 8:58:04 PM,jdpeacock_ncdenr,801 Biltmore Avenue,Asheville,Buncombe,Tracy Wahl,1.71,10/12/2017 12:00:00 AM,-82.5450919594126,35.568857186542,"https://www.google.com/maps/dir/?api=1&destination=35.56885718654198,-82.5450919594126&travelmode=driving",https://edocs.deq.nc.gov/WasteManagement/edoc/840147/17012_801 Biltmore Avenue_LURU Model_20171208.docx?dbid=0&repo=WasteManagement,945984.200315222,680784.226878315
34,1701313088,17013-13-088,Ecusta Gateway,Active Eligible,1d88462d-489d-4b98-9cac-94c9e2f839c5,8/28/2017 7:54:32 PM,jdpeacock_ncdenr,11/3/2023 8:58:05 PM,jdpeacock_ncdenr,Us 62 Hwy,Brevard,Transylvania,Tracy Wahl,5.9,4/3/2013 12:00:00 AM,-82.709073537646,35.2680637487766,"https://www.google.com/maps/dir/?api=1&destination=35.2680637487766,-82.709073537645978&travelmode=driving",,893162.396182135,573165.734110475
35,1701613023,17016-13-023,Grover Industries,Active Eligible,a47d6670-d499-4a0c-99eb-5c3ce0838a63,8/28/2017 7:54:32 PM,jdpeacock_ncdenr,11/3/2023 8:58:05 PM,jdpeacock_ncdenr,206 Laurel Avenue,Grover,Cleveland,Tracy Wahl,14,5/30/2013 12:00:00 AM,-81.452895247794,35.1723666449564,"https://www.google.com/maps/dir/?api=1&destination=35.17236664495643,-81.45289524779396&travelmode=driving",,1267066.88918531,526712.856543973
36,1702013036,17020-13-036,Chronicle Mill,Recorded,d57f923d-8ebd-4ed1-a537-2a802895f5f7,8/28/2017 7:54:32 PM,jdpeacock_ncdenr,9/10/2024 2:33:36 PM,jdpeacock_ncdenr,96 East Catawba Street,Belmont,Gaston,Joshawa Billiot,6.35,9/26/2016 12:00:00 AM,-81.0340805458243,35.2428593019533,"https://www.google.com/maps/dir/?api=1&destination=35.242859301953317,-81.03408054582432&travelmode=driving",https://edocs.deq.nc.gov/WasteManagement/edoc/662944/17020_Chronicle Mills_LURUModel_2016_12_20.docx?dbid=0&repo=WasteManagement,1392716.56045763,549534.565821722
37,1702213049,17022-13-049,"PSNC, Former",RFR PC Complete,f93fc323-e11c-41d3-bc62-138347c6bd87,8/28/2017 7:54:32 PM,jdpeacock_ncdenr,11/3/2023 8:58:05 PM,jdpeacock_ncdenr,443 Drake Street,Statesville,Iredell,Jordan Thompson,2.74,11/28/2021 12:00:00 AM,-80.9000033964502,35.7760773898042,"https://www.google.com/maps/dir/?api=1&destination=35.77607738980418,-80.9000033964502&travelmode=driving",,1436455.15112989,742779.500197232
38,1702513092,17025-13-092,Salvation Army,No Further Interest,e1bd566f-14f1-4ce0-bce0-800bd3e6cc9f,8/28/2017 7:54:32 PM,jdpeacock_ncdenr,10/14/2025 9:25:14 PM,jdpeacock_ncdenr,"Person, Hargett, Bloodworth, Martin Streets",Raleigh,Wake,Sharon Eckard,2.59,10/2/2025 12:00:00 AM,-78.6345392529449,35.7773071024392,"https://www.google.com/maps/dir/?api=1&destination=35.77730710243918,-78.63453925294492&travelmode=driving",,2108402.0864328,738033.416841641
39,1702913034,17029-13-034,Douglas Battery Mfg,Active Eligible,3d392847-1eae-4df3-8b0e-5ea6e4244674,8/28/2017 7:54:32 PM,jdpeacock_ncdenr,11/3/2023 8:58:06 PM,jdpeacock_ncdenr,"2955 Starlight Dr; 508, 589 Battery Dr",Winston-Salem,Forsyth,Peter Doorn,21.49,12/13/2013 12:00:00 AM,-80.2282864154871,36.0599772517198,"https://www.google.com/maps/dir/?api=1&destination=36.05997725171975,-80.228286415487077&travelmode=driving",,1636953.75111614,842975.141012892
40,1703113092,17031-13-092,Raleigh Union Station,Recorded,f29351aa-ff95-4a0d-a1c2-cd903f065fcd,8/28/2017 7:54:32 PM,jdpeacock_ncdenr,7/16/2025 9:17:16 PM,jdpeacock_ncdenr,510 W. Martin Street,Raleigh,Wake,Joselyn Harriger,4.76,3/27/2020 12:00:00 AM,-78.6473357188514,35.7768566350981,"https://www.google.com/maps/dir/?api=1&destination=35.7768566350981,-78.647335718851437&travelmode=driving",https://edocs.deq.nc.gov/WasteManagement/ElectronicFile.aspx?docid=1516842&dbid=0&repo=WasteManagement,2104607.0566213,737855.721987054
41,1703213032,17032-13-032,ATC Phase II,No Further Interest,6c679da8-aa4b-4d51-b0af-2bff63107c91,8/28/2017 7:54:32 PM,jdpeacock_ncdenr,7/16/2025 9:17:16 PM,jdpeacock_ncdenr,"300, 312 Blackwell Street",Durham,Durham,Sharon Eckard,1.99,6/4/2025 12:00:00 AM,-78.9036187285614,35.9944632249525,"https://www.google.com/maps/dir/?api=1&destination=35.99446322495247,-78.9036187285614&travelmode=driving",,2028512.2914883,816894.083595067
42,1703313060,17033-13-060,Southern Mechanical,No Further Interest,c5da94cd-5f53-4020-b919-7aa1ba9eef95,8/28/2017 7:54:32 PM,jdpeacock_ncdenr,11/3/2023 8:58:07 PM,jdpeacock_ncdenr,5205 Hovis Road,Charlotte,Mecklenburg,Carolyn Minnich,7.79,11/10/2016 12:00:00 AM,-80.898864253421,35.271765800876,"https://www.google.com/maps/dir/?api=1&destination=35.271765800876,-80.898864253421&travelmode=driving",,1433282.14205597,559253.367578313
43,1703513023,17035-13-023,Spectrum Mills II,Recorded,4a31d3ae-7ecc-482f-8e0d-f4d66dc5f636,8/28/2017 7:54:32 PM,jdpeacock_ncdenr,8/26/2026 7:01:56 PM,jdpeacock_ncdenr,136 Patterson Road,Kings Mountain,Cleveland,BRS-Property Management,9.22,10/6/2016 12:00:00 AM,-81.3654323196732,35.2574503929043,"https://www.google.com/maps/dir/?api=1&destination=35.2574503929043,-81.36543231967323&travelmode=driving",https://edocs.deq.nc.gov/WasteManagement/edoc/662945/17035_Spectrum Mills II_LURUModel_2016_12_20.docx?dbid=0&repo=WasteManagement,1293119.91745973,557118.675325394
44,1703813060,17038-13-060,Goodyear Service Center,Recorded,2f94333b-eb0b-49be-8e22-cf74712f778c,8/28/2017 7:54:32 PM,jdpeacock_ncdenr,11/3/2023 8:58:07 PM,jdpeacock_ncdenr,"100, 122 E. Stonewall St; 615 S. Tryon St",Charlotte,Mecklenburg,Carolyn Minnich,3,9/30/2016 12:00:00 AM,-80.8486147961923,35.2225945840039,"https://www.google.com/maps/dir/?api=1&destination=35.222594584003936,-80.84861479619232&travelmode=driving",https://edocs.deq.nc.gov/WasteManagement/edoc/662946/17038_Former Goodyear Service Center_LURUModel_2016_12_20.docx?dbid=0&repo=WasteManagement,1447944.16981848,541077.732669815
45,1703913041,17039-13-041,Lin Pac,Recorded,ec96f4aa-5b27-4396-9573-20ae3260e259,8/28/2017 7:54:32 PM,jdpeacock_ncdenr,9/9/2024 8:05:14 PM,jdpeacock_ncdenr,7205 Cessna Drive,Greensboro,Guilford,BRS-Property Management,6.69,10/15/2018 12:00:00 AM,-79.9486849191481,36.0829747077355,"https://www.google.com/maps/dir/?api=1&destination=36.08297470773546,-79.948684919148&travelmode=driving",https://edocs.deq.nc.gov/WasteManagement/edoc/1260738/17039_Lin Pac_LURU Model_20181127.docx?dbid=0&repo=WasteManagement,1719673.24020439,850440.423982561
46,1704113011,17041-13-011,"Ticar Chemical, Former",Active Eligible,905359a8-c0fb-41db-be8d-abe528d72d2a,8/28/2017 7:54:32 PM,jdpeacock_ncdenr,10/7/2024 10:08:38 PM,jdpeacock_ncdenr,32 Old Brevard Road,Asheville,Buncombe,Tracy Wahl,3.47,11/21/2014 12:00:00 AM,-82.604614171605,35.5212332622227,"https://www.google.com/maps/dir/?api=1&destination=35.5212332622227,-82.604614171605&travelmode=driving",,927665.674944475,664099.324880734
47,1704213060,17042-13-060,One Hour Martinizing,Recorded,e7cb73dc-ad6c-49ec-b0d8-5338164ed91f,8/28/2017 7:54:32 PM,jdpeacock_ncdenr,11/3/2023 8:58:09 PM,jdpeacock_ncdenr,911 East Morehead Street,Charlotte,Mecklenburg,Carolyn Minnich,1.64,7/3/2019 12:00:00 AM,-80.8435964234071,35.2135121591489,"https://www.google.com/maps/dir/?api=1&destination=35.21351215914888,-80.84359642340712&travelmode=driving",https://edocs.deq.nc.gov/WasteManagement/edoc/1360315/17042_One Hour Martinizing_LURU Model.docx?dbid=0&repo=WasteManagement,1449381.26241672,537744.936185807
48,1704513034,17045-13-034,Bowman Gray Stadium,No Further Interest,367cad2a-7199-42de-8d27-667b75a0791c,8/28/2017 7:54:32 PM,jdpeacock_ncdenr,7/9/2024 10:12:22 PM,jdpeacock_ncdenr,"1250 S. Martin Luther King, Jr. Drive",Winston-Salem,Forsyth,Hayley Irick,92.17,6/9/2024 12:00:00 AM,-80.2244859778138,36.0853188239609,"https://www.google.com/maps/dir/?api=1&destination=36.085318823960947,-80.22448597781384&travelmode=driving",,1638190.78571555,852185.737421066
49,1704613041,17046-13-041,West Lewis Street,Recorded,587b9ed5-82f1-4e4f-9f0b-51fd9b442325,8/28/2017 7:54:32 PM,jdpeacock_ncdenr,2/11/2026 7:45:40 PM,jdpeacock_ncdenr,117-B1 West Lewis Street,Greensboro,Guilford,Andrew Goodwin,1.38,4/25/2024 12:00:00 AM,-79.7917751143655,36.0658585623807,"https://www.google.com/maps/dir/?api=1&destination=36.06585856238067,-79.791775114365535&travelmode=driving",,1765987.85098705,843803.317506149
50,1704713060,17047-13-060,REEP-LRC,Recorded,5be83a14-09fc-4b76-9fdb-090e5b02aafa,8/28/2017 7:54:32 PM,jdpeacock_ncdenr,11/3/2023 8:58:09 PM,jdpeacock_ncdenr,"1800, 1900 Continental Blvd",Charlotte,Mecklenburg,Bill Schmithorst,130,9/25/2020 12:00:00 AM,-80.9247647522001,35.1305630557345,"https://www.google.com/maps/dir/?api=1&destination=35.1305630557345,-80.9247647522001&travelmode=driving",https://edocs.deq.nc.gov/WasteManagement/ElectronicFile.aspx?docid=1516989&dbid=0&repo=WasteManagement,1424556.72118664,508022.088151306
51,1705013041,17050-13-041,Surrett Drive,Recorded,09b56c48-96c5-4f1d-be26-1f64691400be,8/28/2017 7:54:32 PM,jdpeacock_ncdenr,9/9/2024 7:42:09 PM,jdpeacock_ncdenr,Timber Dr.; Davidson Ave; Surrett Drive,High Point,Guilford,BRS-Property Management,13.14,8/6/2020 12:00:00 AM,-80.0045533754024,35.9316412641532,"https://www.google.com/maps/dir/?api=1&destination=35.93164126415317,-80.004553375402438&travelmode=driving",https://edocs.deq.nc.gov/WasteManagement/ElectronicFile.aspx?docid=1516939&dbid=0&repo=WasteManagement,1702607.7208578,795516.697872221
52,1705113014,17051-13-014,Lenoir Broyhill Site,Active Eligible,02687695-7459-42ab-a6f4-5a863ed1864d,8/28/2017 7:54:32 PM,jdpeacock_ncdenr,11/3/2023 8:58:10 PM,jdpeacock_ncdenr,1429 College Avenue,Lenoir,Caldwell,Jordan Thompson,15.41,2/24/2020 12:00:00 AM,-81.5515345044551,35.9054937029752,"https://www.google.com/maps/dir/?api=1&destination=35.905493702975185,-81.5515345044551&travelmode=driving",,1244457.22508714,794204.347150475
53,1705413063,17054-13-063,Robbins Mill,Active Eligible,97baac1e-36e1-49ef-a05a-0e6cb34c1b74,8/28/2017 7:54:32 PM,jdpeacock_ncdenr,2/13/2025 4:49:03 PM,jdpeacock_ncdenr,200 S. Kennedy Street,Robbins,Moore,Jordan Thompson,12.19,12/14/2024 12:00:00 AM,-79.5782053032801,35.4300516390182,"https://www.google.com/maps/dir/?api=1&destination=35.43005163901822,-79.57820530328014&travelmode=driving",,1827760.62901606,611943.227093399
54,1705913011,17059-13-011,Minico II,No Further Interest,5323ea9b-55c3-4909-88a4-2b2f5ec5db09,8/28/2017 7:54:32 PM,jdpeacock_ncdenr,11/3/2023 8:58:10 PM,jdpeacock_ncdenr,81 Broadway Street,Asheville,Buncombe,Tracy Wahl,0.15,1/5/2018 12:00:00 AM,-82.5529499674971,35.5980130945027,"https://www.google.com/maps/dir/?api=1&destination=35.5980130945027,-82.552949967497057&travelmode=driving",,944028.604488894,691472.901038975
55,1706013060,17060-13-060,Perfecting Service Division,No Further Interest,ed4c463b-a3ca-402a-ac77-ff28101f2517,8/28/2017 7:54:32 PM,jdpeacock_ncdenr,11/3/2023 8:58:11 PM,jdpeacock_ncdenr,332 Atando Avenue,Charlotte,Mecklenburg,Carolyn Minnich,4.24,8/24/2020 12:00:00 AM,-80.8124397697311,35.2548378833108,"https://www.google.com/maps/dir/?api=1&destination=35.25483788331081,-80.812439769731085&travelmode=driving",,1458960.2376813,552611.372332141
56,1800314001,18003-14-001,Apollo Chemical,No Further Interest,5846d234-cc43-4689-bc87-756b6a977b13,8/28/2017 7:54:32 PM,jdpeacock_ncdenr,11/3/2023 8:58:11 PM,jdpeacock_ncdenr,1105 Southerland St,Graham,Alamance,James Rudder,12,2/19/2021 12:00:00 AM,-79.4055211121372,36.0832529389444,"https://www.google.com/maps/dir/?api=1&destination=36.083252938944355,-79.4055211121372&travelmode=driving",,1880172.01664713,849446.960418314
57,1800614092,18006-14-092,US Postal Service (RN),Recorded,a559d405-f2f4-4d8b-be9b-e96c43dd3b1d,8/28/2017 7:54:32 PM,jdpeacock_ncdenr,11/3/2023 8:58:11 PM,jdpeacock_ncdenr,119 S. Bloodworth Street,Raleigh,Wake,Sharon Eckard,1,9/21/2016 12:00:00 AM,-78.632813683197,35.7784435090151,"https://www.google.com/maps/dir/?api=1&destination=35.778443509015055,-78.632813683197028&travelmode=driving",https://edocs.deq.nc.gov/WasteManagement/edoc/663151/18006_US Postal Service_LURUModel_2016_12_20.docx?dbid=0&repo=WasteManagement,2108912.38462481,738448.947178557
58,1800814060,18008-14-060,Bridgeport Fabrics,Recorded,c84fd125-8848-4317-b558-8a9cdb71b811,8/28/2017 7:54:32 PM,jdpeacock_ncdenr,11/3/2023 8:58:11 PM,jdpeacock_ncdenr,210 Delburg Street,Davidson,Mecklenburg,Joselyn Harriger,1.58,10/14/2016 12:00:00 AM,-80.8484228936807,35.504318239999,"https://www.google.com/maps/dir/?api=1&destination=35.504318239999,-80.8484228936807&travelmode=driving",https://edocs.deq.nc.gov/WasteManagement/edoc/663152/18008_Bridgeport Fabrics_LURUModel_2016_12_20.docx?dbid=0&repo=WasteManagement,1449910.56713238,643593.349160478
59,1801014007,18010-14-007,Hamilton Beach II,Recorded,39698ee0-a5cc-49e1-9c0c-45d3a6a4cdbb,8/28/2017 7:54:32 PM,jdpeacock_ncdenr,7/16/2025 9:17:16 PM,jdpeacock_ncdenr,234 Springs Road,Washington,Beaufort,BRS-Property Management,28.55,10/16/2017 12:00:00 AM,-77.061782913908,35.5799394840345,"https://www.google.com/maps/dir/?api=1&destination=35.57993948403453,-77.06178291390796&travelmode=driving",https://edocs.deq.nc.gov/WasteManagement/edoc/840160/18010_Hamilton Beach II_LURU Model_20171208.docx?dbid=0&repo=WasteManagement,2576273.10311672,671621.496844232
60,1801814014,18018-14-014,Singer Furniture Plant (RN),Recorded,8925bce7-6b06-416e-8e97-7b98f182eb3a,8/28/2017 7:54:32 PM,jdpeacock_ncdenr,2/13/2025 4:59:32 PM,jdpeacock_ncdenr,"904, 914 Virginia Street",Lenoir,Caldwell,Joselyn Harriger,38,10/12/2016 12:00:00 AM,-81.5544707716404,35.8922431930714,"https://www.google.com/maps/dir/?api=1&destination=35.89224319307138,-81.554470771640368&travelmode=driving",https://edocs.deq.nc.gov/WasteManagement/edoc/663154/18018_Singer Furniture Plant_LURUModel_2016_12_20.docx?dbid=0&repo=WasteManagement,1243463.84682456,789405.005699307
61,1801914060,18019-14-060,Standard Uniform,Recorded,c7ef0e24-9e0d-4dc2-8915-c80408719610,8/28/2017 7:54:32 PM,jdpeacock_ncdenr,11/3/2023 8:58:12 PM,jdpeacock_ncdenr,600 Phillip Davis Drive,Charlotte,Mecklenburg,Caroline Goodwin,5.8,5/8/2017 12:00:00 AM,-80.8884475900222,35.1934941611384,"https://www.google.com/maps/dir/?api=1&destination=35.1934941611384,-80.8884475900222&travelmode=driving",https://edocs.deq.nc.gov/WasteManagement/edoc/765458/18019_Standard Uniform_LURU Model_20171003.docx?dbid=0&repo=WasteManagement,1435848.75667338,530712.635945976
62,1802114011,18021-14-011,Hyman Young Greenhouse,Pending,a73f2528-4af2-4ea5-acc2-3a44a3a0d117,8/28/2017 7:54:32 PM,jdpeacock_ncdenr,7/16/2025 9:17:16 PM,jdpeacock_ncdenr,80 Cowan Cove Road,Asheville,Buncombe,Tracy Wahl,27.16,7/1/2025 12:00:00 AM,-82.6330439054528,35.5894855170199,"https://www.google.com/maps/dir/?api=1&destination=35.589485517019888,-82.6330439054528&travelmode=driving",,920120.831438392,689232.755584896
63,1802314060,18023-14-060,Zion Avenue (RN),Recorded,d08d7257-0403-4456-872d-13f724852c72,8/28/2017 7:54:32 PM,jdpeacock_ncdenr,9/9/2024 6:13:04 PM,jdpeacock_ncdenr,"20030, 20036, 20042 Zion Ave",Cornelius,Mecklenburg,Andrew Goodwin,1.79,8/3/2016 12:00:00 AM,-80.8571291891466,35.4822312317106,"https://www.google.com/maps/dir/?api=1&destination=35.48223123171057,-80.8571291891466&travelmode=driving",https://edocs.deq.nc.gov/WasteManagement/edoc/663155/18023_Zion Avenue_LURUModel_2016_12_20.docx?dbid=0&repo=WasteManagement,1447169.49584289,635604.237514064
64,1802414065,18024-14-065,Allen's Farm Supply,Recorded,c43db3c3-4ac7-47a1-acb8-c473487b1f5d,8/28/2017 7:54:32 PM,jdpeacock_ncdenr,7/16/2025 9:17:16 PM,jdpeacock_ncdenr,511 N. 3Rd Street,Wilmington,New Hanover,BRS-Property Management,0.29,9/8/2016 12:00:00 AM,-77.9471318912206,34.2418034519541,"https://www.google.com/maps/dir/?api=1&destination=34.2418034519541,-77.94713189122055&travelmode=driving",https://edocs.deq.nc.gov/WasteManagement/edoc/663156/18024_Allen's Farm Supply_LURUModel_2016_12_20.docx?dbid=0&repo=WasteManagement,2318219.51817505,180681.351757973
65,1802714088,18027-14-088,Transylvania Tanning Co.,Recorded,c05eef04-1715-4664-a4b6-b6d5b951965d,8/28/2017 7:54:32 PM,jdpeacock_ncdenr,7/8/2026 8:24:00 PM,jdpeacock_ncdenr,Cashiers Valley Rd & Silversteen Dr,Brevard,Transylvania,Jordan Thompson,12.8,11/24/2021 4:00:00 PM,-82.7413305232453,35.2303459232017,"https://www.google.com/maps/dir/?api=1&destination=35.23034592320165,-82.741330523245267&travelmode=driving",https://edocs.deq.nc.gov/WasteManagement/ElectronicFile.aspx?docid=1626480&dbid=0&repo=WasteManagement,883023.772102475,559809.448159054
66,1803114078,18031-14-078,Cogentrix,No Further Interest,f1b67806-9150-4f1b-9f73-1a2a84e41585,8/28/2017 7:54:32 PM,jdpeacock_ncdenr,4/8/2025 7:20:15 PM,jdpeacock_ncdenr,1866 Hestertown Road,Lumberton,Robeson,,57.8,3/28/2023 12:00:00 AM,-78.9965093384046,34.5903875126131,"https://www.google.com/maps/dir/?api=1&destination=34.5903875126131,-78.99650933840462&travelmode=driving",,2001358.71128114,305854.544980645
67,1803214034,18032-14-034,Carter G. Woodson Charter School,Recorded,c8b653ee-2bf3-4f82-85fc-ab20c4e74017,8/28/2017 7:54:32 PM,jdpeacock_ncdenr,9/9/2024 6:13:04 PM,jdpeacock_ncdenr,"420, 437 Goldfloss St",Winston-Salem,Forsyth,Jordan Thompson,34.61,10/16/2017 12:00:00 AM,-80.2327859818451,36.0653793541468,"https://www.google.com/maps/dir/?api=1&destination=36.065379354146827,-80.232785981845055&travelmode=driving",https://edocs.deq.nc.gov/WasteManagement/edoc/839722/18032_Carter Woodson_LURU Model_20180108.docx?dbid=0&repo=WasteManagement,1635648.29440947,844958.012047142
68,1803314088,18033-14-088,North Caldwell,Active Eligible,b3377d81-3b29-4697-a517-aadb226ca93a,8/28/2017 7:54:32 PM,jdpeacock_ncdenr,11/3/2023 8:58:14 PM,jdpeacock_ncdenr,North Caldwell Street,Brevard,Transylvania,Tracy Wahl,0.68,8/25/2014 12:00:00 AM,-82.7354642976183,35.2349576758867,"https://www.google.com/maps/dir/?api=1&destination=35.2349576758867,-82.73546429761832&travelmode=driving",,884837.453842551,561420.730369568
69,1803514083,18035-14-083,"WestPoint Home, Former",No Further Interest,b5a60c95-5d71-4ccb-b59d-5e7a05f25ee3,8/28/2017 7:54:32 PM,jdpeacock_ncdenr,11/3/2023 8:58:14 PM,jdpeacock_ncdenr,19320 Airbase Road,Wagram,Scotland,James Rudder,1100,2/23/2023 12:00:00 AM,-79.3720628239432,34.8386085128972,"https://www.google.com/maps/dir/?api=1&destination=34.8386085128972,-79.37206282394315&travelmode=driving",,1888360.78865539,396400.105687067
70,1803714060,18037-14-060,City Center Inn (RN),Recorded,ed5aea73-c119-4d46-bfab-48506ed3caa4,8/28/2017 7:54:32 PM,jdpeacock_ncdenr,4/9/2026 4:08:37 PM,jdpeacock_ncdenr,601 N. Tryon St,Charlotte,Mecklenburg,Joselyn Harriger,1.71,10/11/2016 12:00:00 AM,-80.8378517867449,35.2317174688022,"https://www.google.com/maps/dir/?api=1&destination=35.2317174688022,-80.837851786745&travelmode=driving",https://edocs.deq.nc.gov/WasteManagement/edoc/663157/18037_City Center Inn_LURUModel_2016_12_20.docx?dbid=0&repo=WasteManagement,1451219.45296605,544337.709417567
71,1803914034,18039-14-034,Thomas & Howard Company,Recorded,a80ed543-460d-4faa-95bf-ea5311d07949,8/28/2017 7:54:32 PM,jdpeacock_ncdenr,11/3/2023 8:58:15 PM,jdpeacock_ncdenr,1650 Ivy Avenue,Winston-Salem,Forsyth,Joselyn Harriger,0.84,4/24/2019 12:00:00 AM,-80.239668518228,36.1151243361591,"https://www.google.com/maps/dir/?api=1&destination=36.11512433615914,-80.23966851822797&travelmode=driving",https://edocs.deq.nc.gov/WasteManagement/edoc/1377400/18039_Thomas & Howard Company_LURU Model.docx?dbid=0&repo=WasteManagement,1633840.38759223,863090.89474456
72,1804214060,18042-14-060,Quattlebaum Associates,Recorded,f9b1aa62-1c8f-4d32-944c-41ce67f0831d,8/28/2017 7:54:32 PM,jdpeacock_ncdenr,8/7/2026 5:05:12 PM,jdpeacock_ncdenr,10701 Monroe Road,Matthews,Mecklenburg,Sydney Janda,2.87,3/9/2017 12:00:00 AM,-80.7306524624067,35.129402889281,"https://www.google.com/maps/dir/?api=1&destination=35.129402889281,-80.7306524624067&travelmode=driving",https://edocs.deq.nc.gov/WasteManagement/edoc/745676/18042_Quattlebaum Associates_LURU Model_20170922.docx?dbid=0&repo=WasteManagement,1482576.61662956,506531.433652312
73,1804414060,18044-14-060,LRMF,Recorded,a2412353-266b-46a3-9255-b096899c4cb6,8/28/2017 7:54:32 PM,jdpeacock_ncdenr,11/3/2023 8:58:16 PM,jdpeacock_ncdenr,"1336, 1320 South Graham Street",Charlotte,Mecklenburg,Carolyn Minnich,2.52,11/4/2016 12:00:00 AM,-80.8593425117248,35.2219568133791,"https://www.google.com/maps/dir/?api=1&destination=35.2219568133791,-80.859342511724776&travelmode=driving",https://edocs.deq.nc.gov/WasteManagement/edoc/663142/18044_LRMF_LURUModel_2016_12_20.docx?dbid=0&repo=WasteManagement,1444736.55057755,540905.491872564
74,1805014060,18050-14-060,Cenco,Recorded,dc0269c4-bbdc-44e7-a626-71b9dac7c7b5,8/28/2017 7:54:32 PM,jdpeacock_ncdenr,11/3/2023 8:58:16 PM,jdpeacock_ncdenr,609 Melynda Road,Charlotte,Mecklenburg,Sharon Eckard,15.04,7/9/2020 12:00:00 AM,-80.9098947469038,35.2746036851226,"https://www.google.com/maps/dir/?api=1&destination=35.274603685122557,-80.909894746903788&travelmode=driving",https://edocs.deq.nc.gov/WasteManagement/ElectronicFile.aspx?docid=1516927&dbid=0&repo=WasteManagement,1430010.35102738,560349.171817139
75,1805114092,18051-14-092,Raleigh Residence Inn,Recorded,6dac4a63-c333-4e38-acc6-499c8e21a8c3,8/28/2017 7:54:32 PM,jdpeacock_ncdenr,9/9/2024 7:42:09 PM,jdpeacock_ncdenr,616 S. Salisbury Street,Raleigh,Wake,BRS-Property Management,0.52,1/30/2017 12:00:00 AM,-78.6407864563144,35.7726010062611,"https://www.google.com/maps/dir/?api=1&destination=35.772601006261077,-78.6407864563144&travelmode=driving",https://edocs.deq.nc.gov/WasteManagement/edoc/744488/18051_Raleigh Residence Inn_LURU Model_20170919.docx?dbid=0&repo=WasteManagement,2106555.27647814,736313.678483233
76,1805214060,18052-14-060,Gelco Trailer,Recorded,57504893-1303-46fa-969f-046374f81ef2,8/28/2017 7:54:32 PM,jdpeacock_ncdenr,11/3/2023 8:58:17 PM,jdpeacock_ncdenr,1906 Bancroft Street,Charlotte,Mecklenburg,Jordan Thompson,7.93,9/26/2017 12:00:00 AM,-80.8272751967753,35.2445536220869,"https://www.google.com/maps/dir/?api=1&destination=35.244553622086947,-80.827275196775346&travelmode=driving",https://edocs.deq.nc.gov/WasteManagement/edoc/827915/18052_Gelco Trailer_LURU Model_20171025.docx?dbid=0&repo=WasteManagement,1454463.24503489,548950.276307896
77,1805314060,18053-14-060,University Blvd,Recorded,775eda50-ce8f-4542-aec8-2b26024e1158,8/28/2017 7:54:32 PM,jdpeacock_ncdenr,9/9/2024 8:05:14 PM,jdpeacock_ncdenr,Nw Corner Of N. Tryon And University Center Blvd.,Charlotte,Mecklenburg,BRS-Property Management,3.54,10/13/2016 12:00:00 AM,-80.7587174438983,35.2913208079447,"https://www.google.com/maps/dir/?api=1&destination=35.29132080794472,-80.75871744389826&travelmode=driving",https://edocs.deq.nc.gov/WasteManagement/edoc/663144/18053_University Boulevard_LURUModel_2016_12_20.docx?dbid=0&repo=WasteManagement,1475230.68250255,565598.70167239
78,1805614092,18056-14-092,Dillon Station Redevelopment (RN),Recorded,46158e4e-f8a0-45bf-b13c-aee97bda83bd,8/28/2017 7:54:32 PM,jdpeacock_ncdenr,9/9/2024 8:05:14 PM,jdpeacock_ncdenr,West St; Hargett St; Harrington St; Martin St.,Raleigh,Wake,BRS-Property Management,2.03,9/19/2016 12:00:00 AM,-78.6456039694707,35.7778314014159,"https://www.google.com/maps/dir/?api=1&destination=35.777831401415888,-78.645603969470727&travelmode=driving",https://edocs.deq.nc.gov/WasteManagement/edoc/663146/18056_Dillon Station Redevelopment_LURUModel_2016_12_20.docx?dbid=0&repo=WasteManagement,2105119.45421855,738212.35742864
79,1805814011,18058-14-011,East West Capital,Recorded,07d6cc45-58cd-4df4-aa8b-8ba181144801,8/28/2017 7:54:32 PM,jdpeacock_ncdenr,9/9/2024 8:05:14 PM,jdpeacock_ncdenr,"207, 217 Coxe Avenue",Asheville,Buncombe,BRS-Property Management,1.44,10/4/2018 12:00:00 AM,-82.5550653045635,35.5869387644528,"https://www.google.com/maps/dir/?api=1&destination=35.586938764452817,-82.555065304563456&travelmode=driving",https://edocs.deq.nc.gov/WasteManagement/edoc/1259336/18058_East West Capital_LURU Model_20181121.docx?dbid=0&repo=WasteManagement,943255.855050132,687467.234181568
80,1806014096,18060-14-096,Cooper Bussmann Facility,Recorded,28e93a1c-8884-4242-af34-4e5d5a8f5300,8/28/2017 7:54:32 PM,jdpeacock_ncdenr,9/4/2025 8:11:06 PM,jdpeacock_ncdenr,210 Dixie Trail,Goldsboro,Wayne,BRS-Property Management,7.73,11/21/2018 12:00:00 AM,-78.004543194946,35.3570705989087,"https://www.google.com/maps/dir/?api=1&destination=35.3570705989087,-78.00454319494598&travelmode=driving",https://edocs.deq.nc.gov/WasteManagement/edoc/1389419/18060_Cooper%20Bussmann_LURU%20Model.docx?dbid=0&repo=WasteManagement,2296798.08201538,586367.842548728
81,1806114034,18061-14-034,Thomasville Furniture Plant H,No Further Interest,93000afb-7892-4d0e-b999-ae495439e5dd,8/28/2017 7:54:32 PM,jdpeacock_ncdenr,3/7/2025 9:13:17 PM,jdpeacock_ncdenr,1201 N. Patterson,Winston-Salem,Forsyth,Caroline Goodwin,8,6/25/2024 12:00:00 AM,-80.2404688821559,36.1092010046952,"https://www.google.com/maps/dir/?api=1&destination=36.109201004695187,-80.240468882155866&travelmode=driving",,1633577.05216089,860937.690389559
82,1806214060,18062-14-060,Golden Triangle #10,No Further Interest,b5a76eb0-c32f-401c-bf3b-d7160dfcbcb1,8/28/2017 7:54:32 PM,jdpeacock_ncdenr,11/3/2023 8:58:18 PM,jdpeacock_ncdenr,300 N. Brevard Street,Charlotte,Mecklenburg,Jordan Thompson,2.01,8/22/2017 12:00:00 AM,-80.8369688060965,35.2260357855537,"https://www.google.com/maps/dir/?api=1&destination=35.226035785553748,-80.8369688060965&travelmode=driving",,1451444.81800088,542265.363824725
83,2104117060,21041-17-060,Northend Square II,Recorded,aef7d791-9c70-4d34-a357-efa639e0b3fd,8/28/2017 7:54:32 PM,jdpeacock_ncdenr,2/13/2025 4:59:32 PM,jdpeacock_ncdenr,813 Oaklawn Ave,Charlotte,Mecklenburg,Joshawa Billiot,7,8/28/2019 12:00:00 AM,-80.8373561523406,35.2446650253065,"https://www.google.com/maps/dir/?api=1&destination=35.24466502530653,-80.837356152340618&travelmode=driving",https://edocs.deq.nc.gov/WasteManagement/edoc/1360827/21041_Northend Square II_LURU Model.docx?dbid=0&repo=WasteManagement,1451454.64376864,549046.366666898
84,1806414076,18064-14-076,Swaim Metals,Recorded,67a28dad-94c4-40c6-a427-8526d57af8f1,8/28/2017 7:54:32 PM,jdpeacock_ncdenr,9/9/2024 8:05:14 PM,jdpeacock_ncdenr,414 Berkley Street,High Point,Randolph,BRS-Property Management,4.8,11/28/2018 12:00:00 AM,-80.0408237204384,35.9200263727192,"https://www.google.com/maps/dir/?api=1&destination=35.920026372719235,-80.040823720438425&travelmode=driving",https://edocs.deq.nc.gov/WasteManagement/edoc/1323450/18064_Swaim Metals_LURU Model.docx?dbid=0&repo=WasteManagement,1691826.12168613,791399.588652387
85,1806514090,18065-14-090,Cooper Tools,Recorded,e7f95b4a-2a08-40ca-8ce8-8a56112cbb7f,8/28/2017 7:54:32 PM,jdpeacock_ncdenr,11/5/2024 5:21:49 PM,jdpeacock_ncdenr,3012 Mason St; 4029 Stitt St; Walkup Ave & Mason,Monroe,Union,Joselyn Harriger,84.79,11/27/2018 12:00:00 AM,-80.490357727306,34.9882202862362,"https://www.google.com/maps/dir/?api=1&destination=34.98822028623617,-80.490357727306&travelmode=driving",https://edocs.deq.nc.gov/WasteManagement/edoc/1261643/18065_Cooper Tools_LURU Model_20181218.docx?dbid=0&repo=WasteManagement,1553641.86065364,453990.143393889
86,1806614060,18066-14-060,Stonewall Street (RN),Recorded,b659e339-6bd0-40f8-bdf6-61038507b72f,8/28/2017 7:54:32 PM,jdpeacock_ncdenr,9/9/2024 8:05:14 PM,jdpeacock_ncdenr,"300, 306 E. Stonewall St; Unnumbered Lot",Charlotte,Mecklenburg,BRS-Property Management,5.37,8/12/2016 12:00:00 AM,-80.8463339784188,35.2206257739585,"https://www.google.com/maps/dir/?api=1&destination=35.220625773958517,-80.84633397841878&travelmode=driving",https://edocs.deq.nc.gov/WasteManagement/edoc/663148/18066_Stonewall St_LURUModel_2016_12_20.docx?dbid=0&repo=WasteManagement,1448611.89158013,540348.642920643
87,1806714092,18067-14-092,Wurst Property (RN),Recorded,6f46a7b2-b888-4a3d-83cb-db070ba166a1,8/28/2017 7:54:32 PM,jdpeacock_ncdenr,11/3/2023 8:58:20 PM,jdpeacock_ncdenr,810 Lufkin Road,Apex,Wake,Sharon Eckard,15.99,9/1/2016 12:00:00 AM,-78.834137641084,35.7123654311299,"https://www.google.com/maps/dir/?api=1&destination=35.71236543112993,-78.834137641084&travelmode=driving",https://edocs.deq.nc.gov/WasteManagement/edoc/663149/18067_Wurst Property_LURUModel_2016_12_20.docx?dbid=0&repo=WasteManagement,2049237.71788514,714236.925720811
88,1900215029,19002-15-029,Thomasville Furniture Plant L,Recorded,e3ae56db-e04b-4f88-8de0-016aacfcf266,8/28/2017 7:54:32 PM,jdpeacock_ncdenr,9/9/2024 8:05:14 PM,jdpeacock_ncdenr,14 East Guilford Street,Thomasville,Davidson,BRS-Property Management,5.92,9/28/2018 12:00:00 AM,-80.0813728934168,35.8858117231921,"https://www.google.com/maps/dir/?api=1&destination=35.885811723192148,-80.08137289341677&travelmode=driving",https://edocs.deq.nc.gov/WasteManagement/edoc/1257690/19002_Thomasville Plant L_LURU Model_20181105.docx?dbid=0&repo=WasteManagement,1679684.8257588,779074.21697773
89,1900315011,19003-15-011,Biltmore Station,Recorded,cf0627fc-90dc-4092-8168-a12d6b5040fb,8/28/2017 7:54:32 PM,jdpeacock_ncdenr,11/3/2023 8:58:20 PM,jdpeacock_ncdenr,Garfield St And Henderson Rd,Asheville,Buncombe,Tracy Wahl,8.99,2/24/2017 12:00:00 AM,-82.5418172406577,35.5683697741011,"https://www.google.com/maps/dir/?api=1&destination=35.568369774101058,-82.54181724065772&travelmode=driving",https://edocs.deq.nc.gov/WasteManagement/edoc/744591/19003_Biltmore Station_LURU Model_20170920.docx?dbid=0&repo=WasteManagement,946951.088801384,680572.182026803
90,1900415011,19004-15-011,Champion Finishing Co,Active Eligible,0b6ecfe9-d21f-426e-9e17-f47001205c46,8/28/2017 7:54:32 PM,jdpeacock_ncdenr,11/3/2023 8:58:20 PM,jdpeacock_ncdenr,200 Bingham Road,Asheville,Buncombe,Tracy Wahl,8.28,2/6/2015 12:00:00 AM,-82.5879473302263,35.6083789761384,"https://www.google.com/maps/dir/?api=1&destination=35.60837897613843,-82.587947330226328&travelmode=driving",,933767.882228225,695617.463615984
91,1900515032,19005-15-032,Nu Thread Tire II,Recorded,c948263e-49ab-44fc-ab5b-415177822db0,8/28/2017 7:54:32 PM,jdpeacock_ncdenr,9/9/2024 7:42:10 PM,jdpeacock_ncdenr,539 Foster Street,Durham,Durham,BRS-Property Management,0.91,10/4/2018 12:00:00 AM,-78.9018472562946,36.0015776376879,"https://www.google.com/maps/dir/?api=1&destination=36.001577637687866,-78.901847256294587&travelmode=driving",https://edocs.deq.nc.gov/WasteManagement/ElectronicFile.aspx?docid=1277426&dbid=0&repo=WasteManagement,2029033.76715139,819484.400264814
92,1900715060,19007-15-060,North Graham Street Property,Recorded,55eceb39-f7fa-4bb7-acbd-bbfbb53a75c3,8/28/2017 7:54:32 PM,jdpeacock_ncdenr,11/3/2023 8:58:21 PM,jdpeacock_ncdenr,"4800, 4810, 4816 North Graham Street",Charlotte,Mecklenburg,Jordan Thompson,4.47,12/31/2018 12:00:00 AM,-80.8053901180602,35.2789008287963,"https://www.google.com/maps/dir/?api=1&destination=35.27890082879628,-80.80539011806016&travelmode=driving",https://edocs.deq.nc.gov/WasteManagement/edoc/1387432/19007_North Graham St_LURU Model.docx?dbid=0&repo=WasteManagement,1461223.6957528,561329.217429221
93,1901015060,19010-15-060,DCC Apts (RN),Recorded,8c3ca0a1-46e0-4f53-afb1-cd1c0a2c76ac,8/28/2017 7:54:32 PM,jdpeacock_ncdenr,9/9/2024 8:05:14 PM,jdpeacock_ncdenr,"113,121, 125 West Worthington; 100 W Worthington And E Worthing Ave.",Charlotte,Mecklenburg,BRS-Property Management,1.92,5/3/2017 12:00:00 AM,-80.8598742681122,35.2126321064348,"https://www.google.com/maps/dir/?api=1&destination=35.2126321064348,-80.85987426811215&travelmode=driving",https://edocs.deq.nc.gov/WasteManagement/edoc/765457/19010_DCC Apartments_LURU Model_20171003.docx?dbid=0&repo=WasteManagement,1444514.1898018,537515.389072731
94,1901215029,19012-15-029,Thomasville Plant B,Active Eligible,09925eb0-aec9-42c1-8b52-ff2b56e7a40a,8/28/2017 7:54:32 PM,jdpeacock_ncdenr,11/3/2023 8:58:22 PM,jdpeacock_ncdenr,310 Fisher Ferry Street,Thomasville,Davidson,Jordan Thompson,11.53,4/15/2016 12:00:00 AM,-80.0853482393266,35.8764806174961,"https://www.google.com/maps/dir/?api=1&destination=35.876480617496078,-80.085348239326635&travelmode=driving",,1678470.19104896,775690.690280229
95,1901315065,19013-15-065,Carolina Beach,No Further Interest,a7b632a1-d2e4-4acf-9f1f-dc82545d91a1,8/28/2017 7:54:32 PM,jdpeacock_ncdenr,10/14/2025 9:25:14 PM,jdpeacock_ncdenr,1317 Bridge Barrier Road,Carolina Beach,New Hanover,James Rudder,0.31,10/2/2025 12:00:00 AM,-77.9018212845839,34.0487669578511,"https://www.google.com/maps/dir/?api=1&destination=34.04876695785112,-77.901821284583917&travelmode=driving",,2332690.82519038,110578.882383138
96,1901515011,19015-15-011,Asheville Foundry Inn,Recorded,34a8c1a4-bd99-452d-bb88-0bff4e467161,8/28/2017 7:54:32 PM,jdpeacock_ncdenr,9/9/2024 8:05:14 PM,jdpeacock_ncdenr,35 Eagle St And 51 South Market,Asheville,Buncombe,BRS-Property Management,1.01,3/14/2019 12:00:00 AM,-82.5497180250405,35.5936924699218,"https://www.google.com/maps/dir/?api=1&destination=35.5936924699218,-82.54971802504053&travelmode=driving",https://edocs.deq.nc.gov/WasteManagement/edoc/1360157/19015_Asheville Foundry Inn_LURU Model.docx?dbid=0&repo=WasteManagement,944932.539360806,689866.949526474
97,1901615095,19016-15-095,G & B Oil (RN),Recorded,7b7ae7aa-8dc4-4a76-b107-7cf71d4cfa5c,8/28/2017 7:54:32 PM,jdpeacock_ncdenr,11/3/2023 8:58:23 PM,jdpeacock_ncdenr,190/208 Poplar Grove Rd; 178 S. Water St,Boone,Watauga,Sharon Eckard,2.5,11/1/2017 12:00:00 AM,-81.6877921638099,36.2197337020526,"https://www.google.com/maps/dir/?api=1&destination=36.21973370205262,-81.687792163809888&travelmode=driving",https://edocs.deq.nc.gov/WasteManagement/edoc/839743/19016_G and B Oil Company_LURU Model_20171207.docx?dbid=0&repo=WasteManagement,1207216.00199756,909620.642236054
98,1901915092,19019-15-092,Hillsborough Square (RN),Recorded,4d2d5123-81f6-49f5-b4f7-ab171592bef5,8/28/2017 7:54:32 PM,jdpeacock_ncdenr,9/9/2024 8:05:14 PM,jdpeacock_ncdenr,"404, 406, 414, 504, 508 Hillsborough St.; 11, 15 N. Harrington St.; 11 N. West St.; And 409 W. Edenton St.",Raleigh,Wake,BRS-Property Management,1.22,11/23/2016 12:00:00 AM,-78.6454369608871,35.7810629676152,"https://www.google.com/maps/dir/?api=1&destination=35.781062967615185,-78.64543696088708&travelmode=driving",https://edocs.deq.nc.gov/WasteManagement/edoc/662986/19019_Hillsborough Sq_LURUModel_2016_12_20.docx?dbid=0&repo=WasteManagement,2105164.7897578,739388.796020642
99,1902215068,19022-15-068,Flynt Fabrics Mill - Parcel B ,Recorded,43bfca09-b8d5-4a72-8296-68425c2e75be,8/28/2017 7:54:32 PM,jdpeacock_ncdenr,9/9/2024 7:42:10 PM,jdpeacock_ncdenr,202 Nash Street,Hillsborough,Orange,BRS-Property Management,9.95,3/9/2017 12:00:00 AM,-79.1137385706618,36.0728171792397,"https://www.google.com/maps/dir/?api=1&destination=36.0728171792397,-79.113738570661766&travelmode=driving",https://edocs.deq.nc.gov/WasteManagement/edoc/744619/19022_Flynt Fabrics Parcel B_LURU Model_20170921.docx?dbid=0&repo=WasteManagement,1966387.37997723,845422.490776971
100,1902315086,19023-15-086,Spencer's Mill,Recorded,081c025c-1c2a-431d-96c5-8dae1ca66fe7,8/28/2017 7:54:32 PM,jdpeacock_ncdenr,11/3/2023 8:58:24 PM,jdpeacock_ncdenr,328 Willow Street And Others,Mount Airy,Surry,Bill Schmithorst,9.48,11/27/2018 12:00:00 AM,-80.6110364146528,36.500605492237,"https://www.google.com/maps/dir/?api=1&destination=36.500605492236978,-80.611036414652816&travelmode=driving",https://edocs.deq.nc.gov/WasteManagement/edoc/1261886/19023_Spencer's Mill_LURU Model_20190102.docx?dbid=0&repo=WasteManagement,1526435.61716597,1004990.5906034
101,1902415065,19024-15-065,Greyhound Bus Terminal,No Further Interest,ca42576c-5599-49e7-8a40-e1960721d3da,8/28/2017 7:54:32 PM,jdpeacock_ncdenr,9/4/2025 8:11:06 PM,jdpeacock_ncdenr,201 Harnett Street,Wilmington,New Hanover,Richard Kolb,1.2,3/7/2025 12:00:00 AM,-77.9481634624228,34.2470687044686,"https://www.google.com/maps/dir/?api=1&destination=34.24706870446862,-77.948163462422826&travelmode=driving",,2317887.44436413,182594.183890313
102,1902515001,19025-15-001,American Media International ,Recorded,0abb2dac-608e-46e9-9ada-18cd90dcc4da,8/28/2017 7:54:32 PM,jdpeacock_ncdenr,11/21/2023 8:44:48 PM,jdpeacock_ncdenr,2609 Tucker Street Extension,Burlington,Alamance,Sharon Eckard,17,3/27/2023 12:00:00 AM,-79.4541672250945,36.0612602254989,"https://www.google.com/maps/dir/?api=1&destination=36.061260225498948,-79.454167225094466&travelmode=driving",,1865760.88011514,841503.208917394
103,1902615032,19026-15-032,Carpenter Motor Company,No Further Interest,18291ebf-3cf3-41b4-99cf-052522cc070f,8/28/2017 7:54:32 PM,jdpeacock_ncdenr,11/3/2023 8:58:25 PM,jdpeacock_ncdenr,,Durham,Durham,Hayley Irick,4.6,9/26/2016 12:00:00 AM,-78.8946159240391,35.9904599944737,"https://www.google.com/maps/dir/?api=1&destination=35.99045999447368,-78.89461592403906&travelmode=driving",,2031177.04468897,815439.529089481
104,1902715060,19027-15-060,Carolina Sash & Door Co.,No Further Interest,3fca05c2-43c7-4c8d-870c-5db932c1b38f,8/28/2017 7:54:32 PM,jdpeacock_ncdenr,11/3/2023 8:58:25 PM,jdpeacock_ncdenr,,Charlotte,Mecklenburg,Carolyn Minnich,1.31,11/14/2017 12:00:00 AM,-80.8167386025539,35.2204567413433,"https://www.google.com/maps/dir/?api=1&destination=35.2204567413433,-80.81673860255391&travelmode=driving",,1457448.12981313,540124.066598147
105,1902915004,19029-15-004,B&H Recyclers (RN),Recorded,29201dbd-27fb-49a8-ba03-bbb51c8ebc12,8/28/2017 7:54:32 PM,jdpeacock_ncdenr,11/3/2023 8:58:25 PM,jdpeacock_ncdenr,7256 US Hwy 74 West,Polkton,Anson,Sharon Eckard,20.12,10/13/2016 12:00:00 AM,-80.1898545189749,35.0034545677337,"https://www.google.com/maps/dir/?api=1&destination=35.003454567733726,-80.18985451897491&travelmode=driving",https://edocs.deq.nc.gov/WasteManagement/edoc/662992/19029_B&H Recyclers_LURUModel_2016_12_20.docx?dbid=0&repo=WasteManagement,1643703.52534622,458319.051730812
106,1903315060,19033-15-060,Love's Grading,Recorded,f61bd67d-0ad6-4f71-8fdf-110ce4fb5437,8/28/2017 7:54:32 PM,jdpeacock_ncdenr,7/16/2025 9:17:16 PM,jdpeacock_ncdenr,6519 Brookshire Blvd/Aka 6203 Brookshire Blvd,Charlotte,Mecklenburg,Joselyn Harriger,4.7,3/26/2021 12:00:00 AM,-80.9140645182857,35.2902456701465,"https://www.google.com/maps/dir/?api=1&destination=35.29024567014653,-80.9140645182857&travelmode=driving",https://edocs.deq.nc.gov/WasteManagement/ElectronicFile.aspx?docid=1626498&dbid=0&repo=WasteManagement,1428875.83492371,566064.953036472
107,1903415095,19034-15-095,IRC (RFR),Active Eligible,b08bab7c-cfda-42c4-b386-00ab4e8b20b6,8/28/2017 7:54:32 PM,jdpeacock_ncdenr,11/3/2023 8:58:26 PM,jdpeacock_ncdenr,736 Greenway Drive,Boone,Watauga,Jordan Thompson,16.64,6/5/2015 12:00:00 AM,-81.6673852298052,36.1971420149897,"https://www.google.com/maps/dir/?api=1&destination=36.19714201498968,-81.66738522980523&travelmode=driving",,1213012.76008905,901236.641615644
108,1903515082,19035-15-082,Southwest Blvd Staging Site,No Further Interest,895ed05f-5fb3-4fd8-a8a7-cfa92e25da4c,8/28/2017 7:54:32 PM,jdpeacock_ncdenr,11/3/2023 8:58:26 PM,jdpeacock_ncdenr,"1018, 1105 Southwest Blvd",Clinton,Sampson,Hayley Irick,4.67,4/19/2018 12:00:00 AM,-78.3112382834147,34.9841719682621,"https://www.google.com/maps/dir/?api=1&destination=34.9841719682621,-78.311238283414667&travelmode=driving",,2206299.77777614,449881.803513482
109,1903615060,19036-15-060,Bancroft Street,No Further Interest,b4c7c7c3-3937-4bcc-bc1f-45b20c73c979,8/28/2017 7:54:32 PM,jdpeacock_ncdenr,11/3/2023 8:58:27 PM,jdpeacock_ncdenr,1900 Bancroft Street,Charlotte,Mecklenburg,Jordan Thompson,3.72,2/4/2019 12:00:00 AM,-80.8288995595249,35.2448845737571,"https://www.google.com/maps/dir/?api=1&destination=35.24488457375707,-80.82889955952491&travelmode=driving",,1453980.56128897,549079.634973064
110,1903715011,19037-15-011,South Market Street,Recorded,09717033-d2b2-4026-a0b1-acc13c7f8ece,8/28/2017 7:54:32 PM,jdpeacock_ncdenr,11/3/2023 8:58:27 PM,jdpeacock_ncdenr,55 South Market St; South Spruce St,Asheville,Buncombe,Tracy Wahl,1.12,10/27/2017 12:00:00 AM,-82.5497831041899,35.5930496425012,"https://www.google.com/maps/dir/?api=1&destination=35.593049642501185,-82.54978310418994&travelmode=driving",https://edocs.deq.nc.gov/WasteManagement/edoc/840138/19037_South Market Street_LURU Model_20171207.docx?dbid=0&repo=WasteManagement,944904.83961305,689633.818759143
111,1903915001,19039-15-001,Oneida Mill Lofts,Recorded,c49b3f91-8d07-4de9-a26e-8b34b444c6bc,8/28/2017 7:54:32 PM,jdpeacock_ncdenr,9/4/2025 8:11:06 PM,jdpeacock_ncdenr,219 Harden Street,Graham,Alamance,Andrew Goodwin,6.84,2/13/2017 12:00:00 AM,-79.4039891327609,36.0715634260302,"https://www.google.com/maps/dir/?api=1&destination=36.07156342603016,-79.403989132760856&travelmode=driving",https://edocs.deq.nc.gov/WasteManagement/edoc/744497/19039_Oneida Mills_LURU Model_20170919.docx?dbid=0&repo=WasteManagement,1880607.38618322,845189.769785732
112,1904015060,19040-15-060,Atando Ave,Recorded,5cd04747-3e65-4d6f-8cdb-a84914dac5c8,8/28/2017 7:54:32 PM,jdpeacock_ncdenr,11/3/2023 8:58:27 PM,jdpeacock_ncdenr,527 Atando Avenue,Charlotte,Mecklenburg,Carolyn Minnich,4,10/5/2017 12:00:00 AM,-80.8167575152976,35.2581571925464,"https://www.google.com/maps/dir/?api=1&destination=35.258157192546427,-80.8167575152976&travelmode=driving",https://edocs.deq.nc.gov/WasteManagement/edoc/838142/19040_Atando Ave_LURU Model_20171026.docx?dbid=0&repo=WasteManagement,1457693.57682881,553842.781614721
113,1904115060,19041-15-060,Davidson Depot St (RN),No Further Interest,2921cf47-ac03-4416-8ea4-daf0d3bad85a,8/28/2017 7:54:32 PM,jdpeacock_ncdenr,11/3/2023 8:58:27 PM,jdpeacock_ncdenr,301 Depot Street,Davidson,Mecklenburg,Carolyn Minnich,4.74,2/25/2021 12:00:00 AM,-80.8510944968812,35.5009250938882,"https://www.google.com/maps/dir/?api=1&destination=35.50092509388816,-80.8510944968812&travelmode=driving",,1449092.56319097,642373.392938972
114,1904215092,19042-15-092,Corning-AVX,No Further Interest,31e42125-966a-4fa5-b1d9-996f01c62fba,8/28/2017 7:54:32 PM,jdpeacock_ncdenr,4/8/2025 7:20:15 PM,jdpeacock_ncdenr,3900 Electronics Drive,Raleigh,Wake,,32,10/1/2020 12:00:00 AM,-78.6043885142248,35.8324226676482,"https://www.google.com/maps/dir/?api=1&destination=35.83242266764815,-78.60438851422475&travelmode=driving",,2117265.26358831,758129.418644309
115,1904315006,19043-15-006,C & E Manufacturing,No Further Interest,16c71291-6d23-42fa-a4c2-8885b9e45ef0,8/28/2017 7:54:32 PM,jdpeacock_ncdenr,11/3/2023 8:58:28 PM,jdpeacock_ncdenr,1600 Linville Falls Highway,Linville,Avery,Hayley Irick,5.71,10/6/2016 12:00:00 AM,-81.8865695498382,36.0458872558752,"https://www.google.com/maps/dir/?api=1&destination=36.045887255875186,-81.88656954983824&travelmode=driving",,1146761.03990246,848006.0049669
116,1904415092,19044-15-092,Dorothea Dix Park,Active Eligible,cab5840c-55a2-45e5-8b31-1dadf828520a,8/28/2017 7:54:32 PM,jdpeacock_ncdenr,12/5/2023 3:49:44 PM,jdpeacock_ncdenr,900 S. Boylan Avenue,Raleigh,Wake,Claire Sorrell,307.98,7/17/2015 12:00:00 AM,-78.6555399198537,35.7687327781189,"https://www.google.com/maps/dir/?api=1&destination=35.768732778118938,-78.6555399198537&travelmode=driving",,2102183.82098222,734890.170175388
117,1904515032,19045-15-032,Blackwell Street (RN),Recorded,3a157c48-ce1f-4326-83ed-adf3123fff8a,8/28/2017 7:54:32 PM,jdpeacock_ncdenr,7/8/2026 8:24:00 PM,jdpeacock_ncdenr,205 Blackwell Street,Durham,Durham,Sydney Janda,1.77,9/2/2016 12:00:00 AM,-78.9022842892066,35.9941314403277,"https://www.google.com/maps/dir/?api=1&destination=35.9941314403277,-78.90228428920662&travelmode=driving",https://edocs.deq.nc.gov/WasteManagement/edoc/663005/19045_Blackwell St._LURUModel_2016_12_20.docx?dbid=0&repo=WasteManagement,2028907.16373006,816773.692759722
118,1904615065,19046-15-065,Water Street Deck,Recorded,a2f9636d-ee04-4fea-ad70-20b91cbef216,8/28/2017 7:54:32 PM,jdpeacock_ncdenr,7/16/2025 9:17:16 PM,jdpeacock_ncdenr,"200, 210, 220 N. Water Street & 10 Grace Street",Wilmington,New Hanover,BRS-Property Management,1.23,11/4/2016 12:00:00 AM,-77.9499897016602,34.2380513923269,"https://www.google.com/maps/dir/?api=1&destination=34.238051392326945,-77.94998970166023&travelmode=driving",https://edocs.deq.nc.gov/WasteManagement/edoc/662995/19046_Water Street Deck_LURUModel_2016_12_20.docx?dbid=0&repo=WasteManagement,2317370.24953239,179306.747879893
119,1904715019,19047-15-019,Allied Chemical (RN),Recorded,498912d2-a476-4922-9b72-ff466b3894a9,8/28/2017 7:54:32 PM,jdpeacock_ncdenr,4/9/2026 4:08:37 PM,jdpeacock_ncdenr,338 Pea Ridge Rd,New Hill,Chatham,Joselyn Harriger,421.65,9/12/2017 12:00:00 AM,-79.0432031238309,35.6213553379946,"https://www.google.com/maps/dir/?api=1&destination=35.62135533799462,-79.043203123830935&travelmode=driving",https://edocs.deq.nc.gov/WasteManagement/edoc/820469/19047_Performance Fibers_LURU Model_20171024.docx?dbid=0&repo=WasteManagement,1987161.3643478,681072.654451057
120,1904915018,19049-15-018,Regal Manufacturing II,No Further Interest,f7749ae3-eeff-4614-9475-d3ae4de76727,8/28/2017 7:54:32 PM,jdpeacock_ncdenr,8/7/2026 5:05:12 PM,jdpeacock_ncdenr,212 12Th Ave Ne; 306 11Th Ave Ne; 11 Ave Ne,Hickory,Catawba,Bill Schmithorst,2.64,7/29/2026 12:00:00 AM,-81.3338397003817,35.7483785155198,"https://www.google.com/maps/dir/?api=1&destination=35.74837851551979,-81.333839700381745&travelmode=driving",,1307562.73601498,735444.106731564
121,1905015080,19050-15-080,Kesler Mill,Active Eligible,72784f36-1365-4281-958b-0708def39364,8/28/2017 7:54:32 PM,jdpeacock_ncdenr,11/3/2023 8:58:29 PM,jdpeacock_ncdenr,"423 N. Martin Luther King, Jr. Avenue",Salisbury,Rowan,Jordan Thompson,13.53,2/13/2019 12:00:00 AM,-80.4580494701212,35.6644730720445,"https://www.google.com/maps/dir/?api=1&destination=35.664473072044487,-80.45804947012124&travelmode=driving",,1566932.28256355,699944.233177647
122,1905215100,19052-15-100,Burnsville Hosiery Mill,Recorded,7f553547-f0ae-4023-9fe1-c69a0b1c993f,8/28/2017 7:54:32 PM,jdpeacock_ncdenr,11/3/2023 8:58:30 PM,jdpeacock_ncdenr,54 Ferguson Hill Road,Burnsville,Yancey,Tracy Wahl,3.62,1/7/2021 12:00:00 AM,-82.312058595796,35.9120574876687,"https://www.google.com/maps/dir/?api=1&destination=35.9120574876687,-82.31205859579596&travelmode=driving",https://edocs.deq.nc.gov/WasteManagement/ElectronicFile.aspx?docid=1628593&dbid=0&repo=WasteManagement,1019409.51310997,803243.040031061
123,1905315096,19053-15-096,Point Five Goldsboro,Recorded,3a4f3992-4b8f-4bbf-af9d-be35c34772e1,8/28/2017 7:54:32 PM,jdpeacock_ncdenr,9/9/2024 7:42:11 PM,jdpeacock_ncdenr,"501, 503 North Berkeley Blvd",Goldsboro,Wayne,BRS-Property Management,1.27,11/2/2018 12:00:00 AM,-77.9452456976299,35.3749453147722,"https://www.google.com/maps/dir/?api=1&destination=35.374945314772177,-77.94524569762994&travelmode=driving",https://edocs.deq.nc.gov/WasteManagement/edoc/1274612/19053_Point Five Goldsboro_LURU Model.docx?dbid=0&repo=WasteManagement,2314407.97232047,593055.613950059
124,1905415060,19054-15-060,HD Supply,Recorded,74b39fdf-1628-4a09-88f2-0e28fd171106,8/28/2017 7:54:32 PM,jdpeacock_ncdenr,11/3/2023 8:58:30 PM,jdpeacock_ncdenr,"1414, 1422 South Tryon Street",Charlotte,Mecklenburg,Carolyn Minnich,3.5,10/6/2017 12:00:00 AM,-80.8558217722322,35.2175382151102,"https://www.google.com/maps/dir/?api=1&destination=35.217538215110167,-80.8558217722322&travelmode=driving",https://edocs.deq.nc.gov/WasteManagement/edoc/835871/19054_HD Supply_LURU Model_20171026.docx?dbid=0&repo=WasteManagement,1445757.78147472,539277.974458307
125,1905615034,19056-15-034,North Point Police District One Office,Recorded,b552e440-c33e-497c-b8a0-6bca90ef9ca7,8/28/2017 7:54:32 PM,jdpeacock_ncdenr,9/9/2024 8:05:14 PM,jdpeacock_ncdenr,7836 North Point Blvd.,Winston-Salem,Forsyth,BRS-Property Management,1.64,4/2/2018 12:00:00 AM,-80.2765220313218,36.1513055559928,"https://www.google.com/maps/dir/?api=1&destination=36.15130555599284,-80.276522031321775&travelmode=driving",https://edocs.deq.nc.gov/WasteManagement/edoc/1256755/19056_North Point Police_LURU Model_20181017.docx?dbid=0&repo=WasteManagement,1623124.93953498,876399.270030648
126,1905715060,19057-15-060,Pepsi Bottling,Recorded,2e5e2113-8e8e-447f-9767-bdd1981ceed5,8/28/2017 7:54:32 PM,jdpeacock_ncdenr,11/3/2023 8:58:31 PM,jdpeacock_ncdenr,"2820, 2734 South Boulevard",Charlotte,Mecklenburg,Sharon Eckard,5.2,9/21/2016 12:00:00 AM,-80.8680430239434,35.1998955156825,"https://www.google.com/maps/dir/?api=1&destination=35.199895515682528,-80.868043023943386&travelmode=driving",https://edocs.deq.nc.gov/WasteManagement/edoc/663000/19057_Pepsi Bottling_LURUModel_2016_12_20.docx?dbid=0&repo=WasteManagement,1441987.50095755,532926.619378895
127,1905915060,19059-15-060,Stork Rotary RFRU (RN),Recorded,081d44ba-cd40-4902-b185-49d2e93c46cd,8/28/2017 7:54:32 PM,jdpeacock_ncdenr,11/3/2023 8:58:31 PM,jdpeacock_ncdenr,3201 Rotary Drive,Charlotte,Mecklenburg,Carolyn Minnich,6.9,5/13/2021 5:00:00 AM,-80.8306867971156,35.2745615109139,"https://www.google.com/maps/dir/?api=1&destination=35.2745615109139,-80.8306867971156&travelmode=driving",https://edocs.deq.nc.gov/WasteManagement/ElectronicFile.aspx?docid=1626502&dbid=0&repo=WasteManagement,1453646.21156397,559888.457515478
128,1906015092,19060-15-092,Nine One Nine Capital Blvd,No Further Interest,923c5c00-e3fc-4d4f-ae51-da1dbe783dc7,8/28/2017 7:54:32 PM,jdpeacock_ncdenr,7/9/2024 10:12:22 PM,jdpeacock_ncdenr,905 Capital Blvd,Raleigh,Wake,Sharon Eckard,0.76,6/9/2024 12:00:00 AM,-78.6422061358394,35.7941029123457,"https://www.google.com/maps/dir/?api=1&destination=35.79410291234568,-78.64220613583944&travelmode=driving",,2106105.94634005,744138.671691477
129,1906115016,19061-15-016,Front Street Village,No Further Interest,a2a5dd84-cfad-4e92-84fe-27c658b48eb7,8/28/2017 7:54:32 PM,jdpeacock_ncdenr,11/3/2023 8:58:31 PM,jdpeacock_ncdenr,2361 Lennoxville Road,Beaufort,Carteret,Sharon Eckard,5.17,12/3/2018 12:00:00 AM,-76.6314139923945,34.711856852351,"https://www.google.com/maps/dir/?api=1&destination=34.711856852351,-76.63141399239451&travelmode=driving",,2711746.11825939,358553.64988406
130,1906215060,19062-15-060,North Davidson,No Further Interest,3f907dc7-858e-4693-bf62-7e04ad99117a,8/28/2017 7:54:32 PM,jdpeacock_ncdenr,11/3/2023 8:58:32 PM,jdpeacock_ncdenr,2315 N. Davidson; 421 E. 26Th Streets,Charlotte,Mecklenburg,James Rudder,3.79,9/8/2016 12:00:00 AM,-80.8145556332325,35.2414439905091,"https://www.google.com/maps/dir/?api=1&destination=35.241443990509,-80.81455563323254&travelmode=driving",,1458239.59214097,547749.071361229
131,1906315033,19063-15-033,Polylok,No Further Interest,16154dbe-7062-44ea-b8a6-0205fa851a60,8/28/2017 7:54:32 PM,jdpeacock_ncdenr,4/8/2025 7:20:15 PM,jdpeacock_ncdenr,3006 Anaconda Road,Tarboro,Edgecombe,,30,1/16/2019 12:00:00 AM,-77.5888023295121,35.9139230741485,"https://www.google.com/maps/dir/?api=1&destination=35.9139230741485,-77.588802329512077&travelmode=driving",,2417863.68469997,790532.488024399
132,1906415060,19064-15-060,1200 S. Graham,Active Eligible,11a778b7-3278-48ab-9d43-221003be0526,8/28/2017 7:54:32 PM,jdpeacock_ncdenr,11/3/2023 8:58:32 PM,jdpeacock_ncdenr,1200 South Graham Street,Charlotte,Mecklenburg,Bill Schmithorst,0.73,10/9/2015 12:00:00 AM,-80.8575941900432,35.2227324022155,"https://www.google.com/maps/dir/?api=1&destination=35.22273240221555,-80.85759419004316&travelmode=driving",,1445263.88088772,541177.939162314
133,1906515092,19065-15-092,319 South West,No Further Interest,6d74db72-2e43-4b6d-abb7-5bf44367eaa9,8/28/2017 7:54:32 PM,jdpeacock_ncdenr,11/3/2023 8:58:33 PM,jdpeacock_ncdenr,319 South West Street,Raleigh,Wake,Sharon Eckard,0.28,12/18/2017 12:00:00 AM,-78.6457737207538,35.776589108008,"https://www.google.com/maps/dir/?api=1&destination=35.77658910800796,-78.645773720753766&travelmode=driving",,2105070.71743938,737759.994160146
134,1906615007,19066-15-007,Tillman Track,Active Eligible,3d6ac545-d73f-4e24-9c55-f00388a9fd99,8/28/2017 7:54:32 PM,jdpeacock_ncdenr,12/21/2023 1:37:12 AM,jdpeacock_ncdenr,West Main St (Hwy 264),Belhaven,Beaufort,Joselyn Harriger,7.46,6/6/2023 12:00:00 AM,-76.632556151833,35.5452110375054,"https://www.google.com/maps/dir/?api=1&destination=35.54521103750538,-76.632556151832986&travelmode=driving",,2705077.43343405,661466.005672306
135,1906715092,19067-15-092,Gateway Plaza,Recorded,e4d6aaa9-db71-4cbf-9778-86535950102b,8/28/2017 7:54:32 PM,jdpeacock_ncdenr,11/3/2023 8:58:33 PM,jdpeacock_ncdenr,2427 Crabtree Blvd,Raleigh,Wake,Sharon Eckard,6.77,3/25/2021 12:00:00 AM,-78.6138627433806,35.8054204810547,"https://www.google.com/maps/dir/?api=1&destination=35.805420481054675,-78.61386274338058&travelmode=driving",https://edocs.deq.nc.gov/WasteManagement/ElectronicFile.aspx?docid=1626579&dbid=0&repo=WasteManagement,2114495.22286855,748289.684714898
136,1906815011,19068-15-011,Radio Shack,Recorded,07640657-1ea7-4805-830d-26bf82e77e49,8/28/2017 7:54:32 PM,jdpeacock_ncdenr,4/9/2026 4:08:37 PM,jdpeacock_ncdenr,111 Old Bee Tree Road,Swannanoa,Buncombe,Joellen Meitl,10.33,4/15/2020 12:00:00 AM,-82.4335063686962,35.619619420249,"https://www.google.com/maps/dir/?api=1&destination=35.619619420249045,-82.43350636869617&travelmode=driving",https://edocs.deq.nc.gov/WasteManagement/ElectronicFile.aspx?docid=1516878&dbid=0&repo=WasteManagement,979785.978512049,698083.140115067
137,1906915060,19069-15-060,300 N. College,No Further Interest,3c77699b-4458-42a6-89ec-40bbd3050efc,8/28/2017 7:54:32 PM,jdpeacock_ncdenr,7/9/2024 10:12:22 PM,jdpeacock_ncdenr,300 And 314 N. College Street,Charlotte,Mecklenburg,Jordan Thompson,0.93,6/9/2024 12:00:00 AM,-80.8391229090143,35.2278406257652,"https://www.google.com/maps/dir/?api=1&destination=35.22784062576516,-80.83912290901435&travelmode=driving",,1450813.80154638,542934.023576647
138,1907015025,19070-15-025,Polo Enterprises,Recorded,964feb19-e83f-4b03-8586-36d6469d7b89,8/28/2017 7:54:32 PM,jdpeacock_ncdenr,9/9/2024 7:42:12 PM,jdpeacock_ncdenr,223 Craven Street,New Bern,Craven,BRS-Property Management,0.16,4/14/2021 12:00:00 AM,-77.0389201426543,35.1057369637894,"https://www.google.com/maps/dir/?api=1&destination=35.1057369637894,-77.038920142654277&travelmode=driving",https://edocs.deq.nc.gov/WasteManagement/ElectronicFile.aspx?docid=1626573&dbid=0&repo=WasteManagement,2586479.04005389,499201.141226307
139,1907115065,19071-15-065,Battleship Road (RN),Recorded,54e3ab5a-9b1d-496a-acdd-5e80f51e39f7,8/28/2017 7:54:32 PM,jdpeacock_ncdenr,7/16/2025 9:17:16 PM,jdpeacock_ncdenr,105 And 125 Battleship Road,Wilmington,New Hanover,BRS-Property Management,19,11/15/2016 12:00:00 AM,-77.9522871554277,34.2335215658072,"https://www.google.com/maps/dir/?api=1&destination=34.233521565807166,-77.95228715542768&travelmode=driving",https://edocs.deq.nc.gov/WasteManagement/ElectronicFile.aspx?docid=1516882&dbid=0&repo=WasteManagement,2316693.26072888,177650.908015728
140,1907215060,19072-15-060,Radio Center Property,Recorded,0e892f2d-18d9-48aa-a1e3-61a016e2e7af,8/28/2017 7:54:32 PM,jdpeacock_ncdenr,11/3/2023 8:58:34 PM,jdpeacock_ncdenr,3229 And 3235 South Boulevard,Charlotte,Mecklenburg,Joselyn Harriger,4.37,12/4/2017 12:00:00 AM,-80.8710380889137,35.1952275428512,"https://www.google.com/maps/dir/?api=1&destination=35.19522754285116,-80.87103808891375&travelmode=driving",https://edocs.deq.nc.gov/WasteManagement/edoc/996292/19072_Radio Center_LURU Model_20171215.docx?dbid=0&repo=WasteManagement,1441060.91619655,531244.89373973
141,1907315021,19073-15-021,Stevens Towing (RN),Recorded,aee7b131-5778-48b4-b34b-ec5ebac7ef07,8/28/2017 7:54:32 PM,jdpeacock_ncdenr,9/9/2024 8:05:14 PM,jdpeacock_ncdenr,125 Dye Plant Rd,Edenton,Chowan,BRS-Property Management,74.38,9/28/2016 12:00:00 AM,-76.7125400078064,36.2059310657297,"https://www.google.com/maps/dir/?api=1&destination=36.2059310657297,-76.71254000780635&travelmode=driving",https://edocs.deq.nc.gov/WasteManagement/edoc/839544/19073_Stevens Towing LURU Model_20170412.docx?dbid=0&repo=WasteManagement,2674843.0972493,901637.962991476
142,1907415060,19074-15-060,South Blvd I,Inactive Eligible,b468f30a-5f5b-4064-9db6-bab77d22befe,8/28/2017 7:54:32 PM,jdpeacock_ncdenr,8/6/2024 8:26:19 PM,jdpeacock_ncdenr,4900 South Blvd.,Charlotte,Mecklenburg,Carolyn Minnich,1.27,7/30/2024 12:00:00 AM,-80.8769898116614,35.1716272049113,"https://www.google.com/maps/dir/?api=1&destination=35.1716272049113,-80.876989811661417&travelmode=driving",,1439120.76128422,522690.830467314
143,1907515031,19075-15-031,Duplin BioEnergy,No Further Interest,9368c014-f976-42de-bb04-a768d03f4a9e,8/28/2017 7:54:32 PM,jdpeacock_ncdenr,4/8/2025 7:20:15 PM,jdpeacock_ncdenr,1838 N. Nc 11 And Hwy 903,Kenansville,Duplin,,15,3/28/2023 12:00:00 AM,-77.8577993230639,35.0216048657714,"https://www.google.com/maps/dir/?api=1&destination=35.0216048657714,-77.857799323063915&travelmode=driving",,2341952.96808338,464756.519826979
144,1907615011,19076-15-011,Phil Mechanic Property,No Further Interest,1323fc81-8fc9-4993-8025-e827d2b537c9,8/28/2017 7:54:32 PM,jdpeacock_ncdenr,11/3/2023 8:58:35 PM,jdpeacock_ncdenr,109 Roberts Street,Asheville,Buncombe,Cody Cannon,0.16,1/15/2019 12:00:00 AM,-82.5668690891123,35.5869597348285,"https://www.google.com/maps/dir/?api=1&destination=35.586959734828476,-82.566869089112316&travelmode=driving",,939748.955895975,687600.723415896
145,1907715032,19077-15-032,Blacknall Church,No Further Interest,9a9cec51-3875-4780-8f70-895e0d67b233,8/28/2017 7:54:32 PM,jdpeacock_ncdenr,11/3/2023 8:58:36 PM,jdpeacock_ncdenr,"714, 715, 716 Iredell Street",Durham,Durham,Hayley Irick,0.62,4/19/2018 12:00:00 AM,-78.9205376306868,36.0087648459955,"https://www.google.com/maps/dir/?api=1&destination=36.00876484599548,-78.92053763068682&travelmode=driving",,2023503.18044356,822095.764792725
146,1907815092,19078-15-092,Glenwood Land,Recorded,624b1e91-5b7e-4c7f-a762-45cdfb05fab6,8/28/2017 7:54:32 PM,jdpeacock_ncdenr,9/9/2024 8:05:14 PM,jdpeacock_ncdenr,"605, 609 Hillsboro St; 606, 607, 608, 615 W. Morgan",Raleigh,Wake,BRS-Property Management,2.95,2/9/2017 12:00:00 AM,-78.6481380849515,35.7795792201885,"https://www.google.com/maps/dir/?api=1&destination=35.77957922018852,-78.648138084951526&travelmode=driving",https://edocs.deq.nc.gov/WasteManagement/edoc/744535/19078_Glenwood Properties_LURU Model_20170920.docx?dbid=0&repo=WasteManagement,2104365.54955839,738845.87420623
147,1907915060,19079-15-060,Matheson Avenue,No Further Interest,a9600e73-0ae8-4430-a3d2-34696d7dee5e,8/28/2017 7:54:32 PM,jdpeacock_ncdenr,11/3/2023 8:58:36 PM,jdpeacock_ncdenr,2710 Chick Godley And East 31St Street,Charlotte,Mecklenburg,Carolyn Minnich,15.5,7/19/2018 12:00:00 AM,-80.8132872910952,35.246662992488,"https://www.google.com/maps/dir/?api=1&destination=35.246662992488,-80.8132872910952&travelmode=driving",,1458652.92497572,549641.268692315
148,1908015060,19080-15-060,General Steel Drum,Recorded,0ca775a2-6498-4760-b585-3df3c0212290,8/28/2017 7:54:32 PM,jdpeacock_ncdenr,11/3/2023 8:58:36 PM,jdpeacock_ncdenr,4500 South Boulevard,Charlotte,Mecklenburg,Jordan Thompson,5.8,10/31/2018 12:00:00 AM,-80.8777343626877,35.1804754301065,"https://www.google.com/maps/dir/?api=1&destination=35.1804754301065,-80.877734362687718&travelmode=driving",https://edocs.deq.nc.gov/WasteManagement/edoc/1260895/19080_General Steel Drum_LURU Model_20181130.docx?dbid=0&repo=WasteManagement,1438959.21042623,525914.702628478
149,1908115094,19081-15-094,Roanoke River Barge,Recorded,51633a85-15d9-4d74-9df2-6d8c95a75f22,8/28/2017 7:54:32 PM,jdpeacock_ncdenr,7/16/2025 9:17:16 PM,jdpeacock_ncdenr,188 Plymouth Road,Plymouth,Washington,BRS-Property Management,24,10/11/2018 12:00:00 AM,-76.7404408806895,35.873844640955,"https://www.google.com/maps/dir/?api=1&destination=35.87384464095505,-76.7404408806895&travelmode=driving",https://edocs.deq.nc.gov/WasteManagement/edoc/1260746/19081_Roanoke River Barge_LURU Model_20181127.docx?dbid=0&repo=WasteManagement,2669364.66496472,780591.717879727
150,1908215090,19082-15-090,Reliable Buff,Recorded,bf3d1b17-7a3a-4799-9790-bd9616142ea6,8/28/2017 7:54:32 PM,jdpeacock_ncdenr,9/9/2024 8:05:14 PM,jdpeacock_ncdenr,226 N. Bivens Rd,Monroe,Union,BRS-Property Management,2.39,10/24/2017 12:00:00 AM,-80.4848517711878,34.9857193926509,"https://www.google.com/maps/dir/?api=1&destination=34.985719392650857,-80.484851771187778&travelmode=driving",https://edocs.deq.nc.gov/WasteManagement/edoc/838665/19082_Reliable Buff_LURU Model_20171113.docx?dbid=0&repo=WasteManagement,1555277.14609697,453055.373281807
151,1908315086,19083-15-086,True Textile-Elkin (RN),No Further Interest,64667462-49e9-4bf2-9b03-7960d71f11bb,8/28/2017 7:54:32 PM,jdpeacock_ncdenr,11/3/2023 8:58:37 PM,jdpeacock_ncdenr,304 East Main Street,Elkin,Surry,Joselyn Harriger,77,9/29/2016 12:00:00 AM,-80.8448441240358,36.2454373594048,"https://www.google.com/maps/dir/?api=1&destination=36.24543735940476,-80.84484412403583&travelmode=driving",,1455988.68752205,913300.223459557
152,1908415060,19084-15-060,West Stonewall Street (RN),Recorded,a9ad9b3c-9ea0-4d3a-adb6-3e8458e0e78e,8/28/2017 7:54:32 PM,jdpeacock_ncdenr,5/6/2025 8:32:11 PM,jdpeacock_ncdenr,600 S Tryon St,Charlotte,Mecklenburg,Andrew Goodwin,10.1,12/22/2017 12:00:00 AM,-80.8503796394681,35.2240614160803,"https://www.google.com/maps/dir/?api=1&destination=35.22406141608029,-80.8503796394681&travelmode=driving",https://edocs.deq.nc.gov/WasteManagement/edoc/745830/19084_West Stonewall St_LURU Model_20170925.docx?dbid=0&repo=WasteManagement,1447427.14132497,541621.304745391
153,1908515060,19085-15-060,ReVenture North,Recorded,cfc12446-a1d1-464a-bd9c-e0a91ddffd8b,8/28/2017 7:54:32 PM,jdpeacock_ncdenr,11/3/2023 8:58:38 PM,jdpeacock_ncdenr,11920 Mount Holly Road,Charlotte,Mecklenburg,Jordan Thompson,28.97,12/15/2022 12:00:00 AM,-80.9991362342708,35.3009922278892,"https://www.google.com/maps/dir/?api=1&destination=35.300992227889246,-80.99913623427075&travelmode=driving",,1403573.97017322,570475.672233388
154,2000116001,20001-16-001,North Graham Hopedale,No Further Interest,a4b03bd6-400a-47b8-b213-275fe1e98c48,8/28/2017 7:54:32 PM,jdpeacock_ncdenr,11/3/2023 8:58:38 PM,jdpeacock_ncdenr,North Graham Hopedale Rd; North Church St,Burlington,Alamance,Sharon Eckard,10.24,1/12/2018 12:00:00 AM,-79.4047950135517,36.09612768509,"https://www.google.com/maps/dir/?api=1&destination=36.09612768509004,-79.40479501355173&travelmode=driving",,1880405.68448688,854132.91528523
155,2000216063,20002-16-063,Aberdeen Tire,No Further Interest,3ffff5b2-ef1e-475e-9bbf-4dda6bee9fa2,8/28/2017 7:54:32 PM,jdpeacock_ncdenr,11/3/2023 8:58:38 PM,jdpeacock_ncdenr,201 South Pinehurst Street,Aberdeen,Moore,Sharon Eckard,0.07,1/2/2019 12:00:00 AM,-79.4309439955818,35.131734015407,"https://www.google.com/maps/dir/?api=1&destination=35.13173401540701,-79.43094399558181&travelmode=driving",,1871156.29517731,503149.043435484
156,2000316018,20003-16-018,CommScope Industrial -(RN),Recorded,64ccffae-ffe9-4bca-ba5c-beb185a74877,8/28/2017 7:54:32 PM,jdpeacock_ncdenr,9/4/2025 8:11:06 PM,jdpeacock_ncdenr,1545 St. James Church Rd,Newton,Catawba,Joselyn Harriger,90.77,9/18/2019 12:00:00 AM,-81.2094555844799,35.6386219545984,"https://www.google.com/maps/dir/?api=1&destination=35.63862195459844,-81.209455584479926&travelmode=driving",https://edocs.deq.nc.gov/WasteManagement/edoc/1376886/20003_CommScope Industrial_LURU Model.docx?dbid=0&repo=WasteManagement,1343571.5038923,694659.894993067
157,2000416001,20004-16-001,Alamance Foods Facility,No Further Interest,aba8a54d-6bff-4004-bab5-7c3346976bc4,8/28/2017 7:54:32 PM,jdpeacock_ncdenr,11/3/2023 8:58:39 PM,jdpeacock_ncdenr,1136 Cedar Crest Drive,Burlington,Alamance,Sharon Eckard,52.28,2/19/2021 12:00:00 AM,-79.424139983447,36.0597100938788,"https://www.google.com/maps/dir/?api=1&destination=36.05971009387885,-79.424139983447&travelmode=driving",,1874633.67897056,840899.654678315
158,2000516060,20005-16-060,Highland Park Mill,Recorded,4ed7151e-5f69-481e-a6ee-cb24eb292fde,8/28/2017 7:54:32 PM,jdpeacock_ncdenr,9/9/2024 8:05:14 PM,jdpeacock_ncdenr,E. 16Th St; N. Brevard; N. Davidson;Belmont Av,Charlotte,Mecklenburg,BRS-Property Management,15.3,8/8/2017 12:00:00 AM,-80.8278660397321,35.2341655278863,"https://www.google.com/maps/dir/?api=1&destination=35.2341655278863,-80.82786603973213&travelmode=driving",https://edocs.deq.nc.gov/WasteManagement/edoc/765793/20005_Highland Mill Park_LURU Model_20171010.docx?dbid=0&repo=WasteManagement,1454217.2570098,545173.464635804
159,2000616060,20006-16-060,Southern Wipers,No Further Interest,79288c7b-6789-4890-988d-ff8a8c844fe0,8/28/2017 7:54:32 PM,jdpeacock_ncdenr,12/5/2023 3:49:44 PM,jdpeacock_ncdenr,"411, 417, 425, 511 E. 25Th St. And 2200, 2202, 2214, 2218 N. Brevard St.",Charlotte,Mecklenburg,Carolyn Minnich,5.2,11/13/2023 12:00:00 AM,-80.8160915495742,35.2408954193612,"https://www.google.com/maps/dir/?api=1&destination=35.24089541936115,-80.8160915495742&travelmode=driving",,1457777.42147739,547557.840444475
160,2000716032,20007-16-032,RTP 8 (RN),Recorded,5c0648fa-f809-4f52-82a7-f16da7b095ae,8/28/2017 7:54:32 PM,jdpeacock_ncdenr,11/3/2023 8:58:40 PM,jdpeacock_ncdenr,3751 Louis Stephens Drive,Durham,Durham,Sharon Eckard,46.85,11/21/2016 12:00:00 AM,-78.8811691759125,35.8688512005421,"https://www.google.com/maps/dir/?api=1&destination=35.86885120054205,-78.8811691759125&travelmode=driving",https://edocs.deq.nc.gov/WasteManagement/edoc/662960/20007_RTP 8_LURUModel_2016_12_20.docx?dbid=0&repo=WasteManagement,2035208.04253247,771176.900751397
161,2000916060,20009-16-060,Harding Place (RN),Recorded,e2b6e462-fb59-4eb2-b05f-f26e73d94419,8/28/2017 7:54:32 PM,jdpeacock_ncdenr,11/3/2023 8:58:40 PM,jdpeacock_ncdenr,Harding Place And Greenwood Cliff,Charlotte,Mecklenburg,Joselyn Harriger,1.67,11/17/2016 12:00:00 AM,-80.8376600928142,35.208747186884,"https://www.google.com/maps/dir/?api=1&destination=35.20874718688397,-80.837660092814176&travelmode=driving",https://edocs.deq.nc.gov/WasteManagement/edoc/662959/20009_Harding Place_LURUModel_2016_12_20.docx?dbid=0&repo=WasteManagement,1451121.93872538,535978.176924065
162,2001016042,20010-16-042,Sonrise Industrial Center,Recorded,5e5bb002-2c02-4bf0-ad04-cddbcba438d6,8/28/2017 7:54:32 PM,jdpeacock_ncdenr,1/4/2024 10:09:11 PM,jdpeacock_ncdenr,1200 Henry Street,Roanoke Rapids,Halifax,Stephanie Graham,55.878,11/29/2023 12:00:00 AM,-77.6632538969344,36.4535234772196,"https://www.google.com/maps/dir/?api=1&destination=36.453523477219576,-77.6632538969344&travelmode=driving",https://edocs.deq.nc.gov/WasteManagement/ElectronicFile.aspx?docid=1825672&dbid=0&repo=WasteManagement,2393174.40008913,986652.270980895
163,1903215060,19032-15-060,Central Avenue Apts (RN),Recorded,1fc32241-d9d3-4ef1-bbf7-2002bc65564a,8/28/2017 7:54:32 PM,jdpeacock_ncdenr,9/9/2024 8:05:14 PM,jdpeacock_ncdenr,"2007, 2013, 2027 Central Ave",Charlotte,Mecklenburg,BRS-Property Management,1.84,1/25/2017 12:00:00 AM,-80.806461843038,35.2203290200328,"https://www.google.com/maps/dir/?api=1&destination=35.22032902003276,-80.806461843038&travelmode=driving",https://edocs.deq.nc.gov/WasteManagement/ElectronicFile.aspx?docid=744456&dbid=0&repo=WasteManagement,1460516.00622331,540021.58287923
164,2001216064,20012-16-064,Rocky Mount Downtown Event Center,Recorded,52639a90-46fe-44f9-b8d5-e89146c8c629,8/28/2017 7:54:32 PM,jdpeacock_ncdenr,9/9/2024 8:05:14 PM,jdpeacock_ncdenr,"Albemarle Ave, Atlanic Ave, Goldleaf St., Ivy St. And Ne Main St.",Rocky Mount,Nash,BRS-Property Management,7.93,10/5/2018 12:00:00 AM,-77.7930917014155,35.9450667591648,"https://www.google.com/maps/dir/?api=1&destination=35.945066759164838,-77.79309170141546&travelmode=driving",https://edocs.deq.nc.gov/WasteManagement/edoc/1389383/20012_Rocky%20Mount%20Downtown%20Events%20Center_LURU%20Model.docx?dbid=0&repo=WasteManagement,2357237.95982306,801070.660845637
165,2001316054,20013-16-054,Kinston Shirt Factory,Recorded,79a6bde9-5b90-4f55-8114-679d6fb67f9c,8/28/2017 7:54:32 PM,jdpeacock_ncdenr,11/3/2023 8:58:41 PM,jdpeacock_ncdenr,E. King; E. Caswell; Mlk Jr. Blvd,Kinston,Lenoir,Sharon Eckard,7.54,10/4/2018 12:00:00 AM,-77.5734937950663,35.2595160505298,"https://www.google.com/maps/dir/?api=1&destination=35.25951605052975,-77.573493795066327&travelmode=driving",https://edocs.deq.nc.gov/WasteManagement/edoc/1259304/20013_Kinston Shirt Factory_LURU Model_20181121.docx?dbid=0&repo=WasteManagement,2425818.92896006,552434.301820144
166,2001416054,20014-16-054,"Salt Wood, Former",No Further Interest,ff6d721f-2479-452d-b28b-59969c0a7337,8/28/2017 7:54:32 PM,jdpeacock_ncdenr,7/9/2024 10:12:22 PM,jdpeacock_ncdenr,514 E. Vernon Ave; Mlk Jr. Blvd,Kinston,Lenoir,Claire Sorrell,2.31,6/9/2024 12:00:00 AM,-77.5726479492842,35.2690350480284,"https://www.google.com/maps/dir/?api=1&destination=35.26903504802841,-77.572647949284175&travelmode=driving",,2426021.5889878,555901.983533055
167,2001516060,20015-16-060,Camden Grandview,Recorded,6550260a-88e5-4fa3-a807-a9abad2d8ef1,8/28/2017 7:54:32 PM,jdpeacock_ncdenr,11/3/2023 8:58:41 PM,jdpeacock_ncdenr,900 Block South Boulevard,Charlotte,Mecklenburg,Carolyn Minnich,2.04,4/17/2018 12:00:00 AM,-80.8482564973767,35.2195196777145,"https://www.google.com/maps/dir/?api=1&destination=35.21951967771454,-80.84825649737668&travelmode=driving",https://edocs.deq.nc.gov/WasteManagement/edoc/1257014/20015_Camden Grandview II_LURU Model_20181023.docx?dbid=0&repo=WasteManagement,1448030.32253331,539956.839242309
168,2001716011,20017-16-011,Asheville Tannery,Recorded,b58b36e8-f493-416c-a786-3b31b7680ccd,8/28/2017 7:54:32 PM,jdpeacock_ncdenr,11/3/2023 8:58:42 PM,jdpeacock_ncdenr,339 Old Lyman Street,Asheville,Buncombe,Caroline Goodwin,13,8/1/2018 12:00:00 AM,-82.5659217800449,35.5765193213421,"https://www.google.com/maps/dir/?api=1&destination=35.576519321342126,-82.56592178004486&travelmode=driving",https://edocs.deq.nc.gov/WasteManagement/edoc/1257846/20017_Asheville Tannery_LURU Model_20181106.docx?dbid=0&repo=WasteManagement,939893.949700475,683793.038445979
169,2001916060,20019-16-060,Sinclair Refining Company (RN),Recorded,cb54f076-b95f-46f4-8ee8-9ef4772c2533,8/28/2017 7:54:32 PM,jdpeacock_ncdenr,11/3/2023 8:58:42 PM,jdpeacock_ncdenr,409 E. 35Th Street And 436 E 36Th Street,Charlotte,Mecklenburg,Joselyn Harriger,1.54,10/21/2016 12:00:00 AM,-80.8060294187894,35.2476648267478,"https://www.google.com/maps/dir/?api=1&destination=35.24766482674782,-80.80602941878942&travelmode=driving",https://edocs.deq.nc.gov/WasteManagement/edoc/662961/20019_Sinclair Refining Company_LURUModel_2016_12_20.docx?dbid=0&repo=WasteManagement,1460826.12010439,549966.321847975
170,2002016092,20020-16-092,Above The Fold,No Further Interest,af14e6db-3323-4252-96aa-75abe5aa8a96,8/28/2017 7:54:32 PM,jdpeacock_ncdenr,11/3/2023 8:58:42 PM,jdpeacock_ncdenr,"215 S. Mcdowell; 123, 111 W. Hargett Streets",Raleigh,Wake,Lebeed Kady,3.3,6/5/2017 12:00:00 AM,-78.6410346179192,35.7776136145115,"https://www.google.com/maps/dir/?api=1&destination=35.7776136145115,-78.641034617919217&travelmode=driving",,2106475.06633672,738137.954690307
171,2002116054,20021-16-054,Glen Raven Mills II,Recorded,4bd9af54-d127-46c6-bfe6-9942c3b2442d,8/28/2017 7:54:32 PM,jdpeacock_ncdenr,9/9/2024 7:42:12 PM,jdpeacock_ncdenr,800 Manning Street,Kinston,Lenoir,BRS-Property Management,11.7,9/18/2017 12:00:00 AM,-77.59130012567,35.265382795043,"https://www.google.com/maps/dir/?api=1&destination=35.26538279504298,-77.59130012567&travelmode=driving",https://edocs.deq.nc.gov/WasteManagement/edoc/820475/20021_Glen Raven Mills_LURU Model_20171024.docx?dbid=0&repo=WasteManagement,2420473.72475547,554493.366927728
172,2002216060,20022-16-060,Mount Hope II,Recorded,e1900841-c3b8-4819-a2a9-f66374f90a69,8/28/2017 7:54:32 PM,jdpeacock_ncdenr,11/3/2023 8:58:43 PM,jdpeacock_ncdenr,2000 Donald Ross Road,Charlotte,Mecklenburg,Jordan Thompson,2.95,7/14/2017 12:00:00 AM,-80.894525259542,35.2181154750682,"https://www.google.com/maps/dir/?api=1&destination=35.21811547506823,-80.894525259542&travelmode=driving",https://edocs.deq.nc.gov/WasteManagement/edoc/765720/20022_Mount Hope II_LURU Model_20171010.docx?dbid=0&repo=WasteManagement,1434204.34460789,539706.368286565
173,2002316018,20023-16-018,"Sealtest Dairy (RN), Former",Recorded,5618e722-7cd8-48e7-97b2-5429565fd6b8,8/28/2017 7:54:32 PM,jdpeacock_ncdenr,11/3/2023 8:58:44 PM,jdpeacock_ncdenr,2115 Us Hwy 70 Se,Hickory,Catawba,Joselyn Harriger,1.51,2/24/2017 12:00:00 AM,-81.2997642855192,35.7051826761001,"https://www.google.com/maps/dir/?api=1&destination=35.70518267610005,-81.299764285519245&travelmode=driving",https://edocs.deq.nc.gov/WasteManagement/edoc/744603/20023_Sealtest Dairy_LURU Model_20170921.docx?dbid=0&repo=WasteManagement,1317306.69979472,719489.632078901
174,2002416092,20024-16-092,Smokey Hollow (RN),Recorded,6fb68e20-13d4-45c0-95a6-ab8905ab4073,8/28/2017 7:54:32 PM,jdpeacock_ncdenr,11/3/2023 8:58:45 PM,jdpeacock_ncdenr,"413, 417, 421, 435 W. Pease Street; 600, 620 N. West Street; 512 N. Harrington Street",Raleigh,Wake,Sharon Eckard,4.12,10/4/2017 12:00:00 AM,-78.6447090937634,35.788132367225,"https://www.google.com/maps/dir/?api=1&destination=35.78813236722498,-78.644709093763367&travelmode=driving",https://edocs.deq.nc.gov/WasteManagement/edoc/838143/20024_Smokey Hollow_LURU Model_20171026.docx?dbid=0&repo=WasteManagement,2105371.46585363,741962.771515727
175,2002516064,20025-16-064,Rocky Mount Mills,Recorded,392720ac-2e22-4805-ae3c-08ffeeb38ea6,8/28/2017 7:54:32 PM,jdpeacock_ncdenr,10/7/2024 10:16:51 PM,jdpeacock_ncdenr,Falls Road,Rocky Mount,Nash,Joshawa Billiot,94.79,11/3/2022 12:00:00 AM,-77.8014829271147,35.9576838871263,"https://www.google.com/maps/dir/?api=1&destination=35.957683887126265,-77.80148292711466&travelmode=driving",https://edocs.deq.nc.gov/WasteManagement/ElectronicFile.aspx?docid=1755945&dbid=0&repo=WasteManagement,2354698.88255213,805633.066418975
176,2002616060,20026-16-060,Kaiser Fluids Tech II,Recorded,2ec29a38-4f8f-4d51-9366-dc905d20b313,8/28/2017 7:54:32 PM,jdpeacock_ncdenr,11/3/2023 8:58:45 PM,jdpeacock_ncdenr,530 East Sugar Creek Road,Charlotte,Mecklenburg,Carolyn Minnich,4.43,7/15/2021 12:00:00 AM,-80.7931376518114,35.2531665878797,"https://www.google.com/maps/dir/?api=1&destination=35.253166587879747,-80.7931376518114&travelmode=driving",https://edocs.deq.nc.gov/WasteManagement/ElectronicFile.aspx?docid=1626529&dbid=0&repo=WasteManagement,1464710.59396271,551898.569623888
177,2002716080,20027-16-080,Klumac Rd II (RFRU),RFR PC Complete,8fa48833-ab77-4590-a12a-fa7819850ebb,8/28/2017 7:54:32 PM,jdpeacock_ncdenr,11/3/2023 8:58:45 PM,jdpeacock_ncdenr,"1207, 1215 Klumac Road",Salisbury,Rowan,Hayley Irick,14,8/17/2018 12:00:00 AM,-80.4863630638536,35.6400005490341,"https://www.google.com/maps/dir/?api=1&destination=35.64000054903411,-80.486363063853645&travelmode=driving",,1558389.86100014,691162.458090305
178,2002816092,20028-16-092,Alcatel - (RN),Recorded,9da63c9d-bb44-4762-90b4-0c79a1ea5429,8/28/2017 7:54:32 PM,jdpeacock_ncdenr,7/16/2025 9:17:16 PM,jdpeacock_ncdenr,2912 Wake Forest Road,Raleigh,Wake,Joselyn Harriger,23.12,8/28/2017 12:00:00 AM,-78.6201046098775,35.8214506765552,"https://www.google.com/maps/dir/?api=1&destination=35.82145067655522,-78.620104609877487&travelmode=driving",https://edocs.deq.nc.gov/WasteManagement/edoc/826075/20028_Alcatel Facility_LURU Model_20171024.docx?dbid=0&repo=WasteManagement,2112622.11276963,754117.454555392
179,2003116092,20031-16-092,Harrington Street Redev - (RN),Recorded,235f49d6-668f-4f61-8190-8908451880e9,8/28/2017 7:54:32 PM,jdpeacock_ncdenr,11/3/2023 8:58:46 PM,jdpeacock_ncdenr,"413, 437, 441 Harrington Street",Raleigh,Wake,Sharon Eckard,2.18,1/6/2017 12:00:00 AM,-78.6449108249697,35.7858161031712,"https://www.google.com/maps/dir/?api=1&destination=35.78581610317117,-78.64491082496967&travelmode=driving",https://edocs.deq.nc.gov/WasteManagement/edoc/765435/20031_Harrington Street_LURU Model_20171003.docx?dbid=0&repo=WasteManagement,2105314.65330322,741119.455617055
180,2003216065,20032-16-065,Fountain Tire,No Further Interest,351eca56-1a68-4a1c-8686-d7a02f2c51d5,8/28/2017 7:54:32 PM,jdpeacock_ncdenr,10/14/2025 9:25:14 PM,jdpeacock_ncdenr,4400 Oleander Drive,Wilmington,New Hanover,James Rudder,1.9,10/2/2025 12:00:00 AM,-77.8895193786031,34.2099502520021,"https://www.google.com/maps/dir/?api=1&destination=34.20995025200208,-77.8895193786031&travelmode=driving",,2335761.28755338,169279.07305339
181,2003416060,20034-16-060,Metrolina Expo - (RN),Recorded,b063dc8e-8acf-422b-b018-a9f1157bbd73,8/28/2017 7:54:32 PM,jdpeacock_ncdenr,11/3/2023 8:58:47 PM,jdpeacock_ncdenr,"7000, 7100, 7320 Statesville Rd",Charlotte,Mecklenburg,Joselyn Harriger,101.35,6/26/2017 12:00:00 AM,-80.8389184079255,35.3211235140902,"https://www.google.com/maps/dir/?api=1&destination=35.32112351409024,-80.838918407925547&travelmode=driving",https://edocs.deq.nc.gov/WasteManagement/edoc/765372/20034_Metrolina Expo_LURU Model_20171002.docx?dbid=0&repo=WasteManagement,1451503.73028463,576877.157133818
182,2003516036,20035-16-036,Gastonia Investments,Recorded,7db8650e-4ec4-496a-ab8b-202e7d76721d,8/28/2017 7:54:32 PM,jdpeacock_ncdenr,11/5/2024 5:21:49 PM,jdpeacock_ncdenr,1228 Isley Drive,Gastonia,Gaston,Joselyn Harriger,22,12/10/2020 12:00:00 AM,-81.2367299492126,35.2864028787676,"https://www.google.com/maps/dir/?api=1&destination=35.286402878767568,-81.23672994921256&travelmode=driving",https://edocs.deq.nc.gov/WasteManagement/ElectronicFile.aspx?docid=1517402&dbid=0&repo=WasteManagement,1332581.45270972,566679.549576312
183,2003616060,20036-16-060,Morehead Street Redevelopment (RN),Recorded,8ac7648b-2e59-4b9b-8e21-af9c923a219c,8/28/2017 7:54:32 PM,jdpeacock_ncdenr,11/3/2023 8:58:48 PM,jdpeacock_ncdenr,"800, 822 W. Morehead, Etc",Charlotte,Mecklenburg,Joselyn Harriger,2.27,3/22/2018 12:00:00 AM,-80.8573508886406,35.2277756825578,"https://www.google.com/maps/dir/?api=1&destination=35.227775682557848,-80.85735088864062&travelmode=driving",https://edocs.deq.nc.gov/WasteManagement/edoc/1256759/20036_Morehead St Redevelopment_LURU Model_20181017.docx?dbid=0&repo=WasteManagement,1445370.86984697,543011.73339498
184,2003716060,20037-16-060,Highland Mill #3 - North Brevard Street,Recorded,e665a567-8f23-4ad5-a4a3-d94180f8f688,8/28/2017 7:54:32 PM,jdpeacock_ncdenr,4/9/2026 4:08:37 PM,jdpeacock_ncdenr,2767 North Brevard Street,Charlotte,Mecklenburg,Sydney Janda,0.58,12/6/2016 12:00:00 AM,-80.8106889996938,35.2454493092979,"https://www.google.com/maps/dir/?api=1&destination=35.24544930929793,-80.81068899969375&travelmode=driving",https://edocs.deq.nc.gov/WasteManagement/ElectronicFile.aspx?docid=662963&dbid=0&repo=WasteManagement,1459420.48938547,549185.468094721
185,2003916034,20039-16-034,Warehouse District II,No Further Interest,dba472cb-766c-4e59-8ba5-8d059eeb096f,8/28/2017 7:54:32 PM,jdpeacock_ncdenr,7/9/2024 10:12:22 PM,jdpeacock_ncdenr,N. Trade St; North Chestnut St,Winston-Salem,Forsyth,Hayley Irick,9.31,6/9/2024 12:00:00 AM,-80.2459748712966,36.1066116918689,"https://www.google.com/maps/dir/?api=1&destination=36.1066116918689,-80.24597487129655&travelmode=driving",,1631938.88516164,860015.523270637
186,2004516060,20045-16-060,Powers Site (RN),Recorded,1a0de255-6c1e-4417-afc6-32e79c4321ab,8/28/2017 7:54:32 PM,jdpeacock_ncdenr,4/9/2026 4:08:37 PM,jdpeacock_ncdenr,436 W. Tremont Avenue,Charlotte,Mecklenburg,Andrew Goodwin,3.46,10/6/2017 12:00:00 AM,-80.8696013794195,35.2117758685964,"https://www.google.com/maps/dir/?api=1&destination=35.211775868596376,-80.869601379419535&travelmode=driving",https://edocs.deq.nc.gov/WasteManagement/edoc/838600/20045_Powers Site_LURU Model_20171009.docx?dbid=0&repo=WasteManagement,1441603.47810355,537258.394179896
187,2005016060,20050-16-060,Rite Aid (RN),Recorded,6ebe7c76-02af-495b-8c13-bef2e90f503d,8/28/2017 7:54:32 PM,jdpeacock_ncdenr,11/3/2023 8:58:49 PM,jdpeacock_ncdenr,"1776 Statesville Avenue, 1701-1795 N Graham St",Charlotte,Mecklenburg,Carolyn Minnich,47.87,10/6/2017 12:00:00 AM,-80.8339693745928,35.2462170746504,"https://www.google.com/maps/dir/?api=1&destination=35.246217074650438,-80.833969374592826&travelmode=driving",https://edocs.deq.nc.gov/WasteManagement/edoc/837799/20050_Rite Aid_LURU Model_20171026.docx?dbid=0&repo=WasteManagement,1452476.09251314,549592.434800476
188,1901115011,19011-15-011,Asheville Industries II,Complete,6d11d780-68e8-4b74-a636-4d7676c0b0c5,8/28/2017 7:54:32 PM,jdpeacock_ncdenr,11/3/2023 8:58:49 PM,jdpeacock_ncdenr,Hendersonville Road,Asheville,Buncombe,Tracy Wahl,10.59,5/31/2016 12:00:00 AM,-82.5213447136541,35.4699137109406,"https://www.google.com/maps/dir/?api=1&destination=35.469913710940617,-82.5213447136541&travelmode=driving",,951764.526024893,644543.485711649
189,1905115060,19051-15-060,Stork Boxmeer -RFRU (RN),Recorded,a756206b-c178-4150-896f-71689c4bc6b6,8/28/2017 7:54:32 PM,jdpeacock_ncdenr,11/3/2023 8:58:49 PM,jdpeacock_ncdenr,3001 Boxmeer Drive,Charlotte,Mecklenburg,Carolyn Minnich,6.98,7/28/2016 12:00:00 AM,-80.83272434311,35.2740733537169,"https://www.google.com/maps/dir/?api=1&destination=35.274073353716886,-80.83272434311&travelmode=driving",https://edocs.deq.nc.gov/WasteManagement/edoc/662998/19051_Stork Boxmeer_LURUModel_2016_12_20.docx?dbid=0&repo=WasteManagement,1453034.91062123,559722.044462472
190,500901080,05009-01-080,8th Street Landfill,No Further Interest,88baefff-42a4-4767-8d11-eb37b3aea4e3,8/28/2017 7:54:32 PM,jdpeacock_ncdenr,2/12/2026 9:32:25 PM,jdpeacock_ncdenr,W 8Th St,Kannapolis,Rowan,Tony Duque,5.57,2/26/2018 12:00:00 AM,-80.626672175674,35.5072890242657,"https://www.google.com/maps/dir/?api=1&destination=35.5072890242657,-80.62667217567397&travelmode=driving",,1515914.93906039,643519.368009225
191,905905065,09059-05-065,Wilmington Scrap Iron & Metal,No Further Interest,81916f2c-acb6-4844-87c1-0958e33fadb1,8/28/2017 7:54:32 PM,jdpeacock_ncdenr,11/3/2023 8:58:50 PM,jdpeacock_ncdenr,"710, 716, 720 N. 6Th St",Wilmington,New Hanover,Lisa Taber,1.35,2/23/2023 12:00:00 AM,-77.9423518851548,34.2446128476249,"https://www.google.com/maps/dir/?api=1&destination=34.24461284762494,-77.942351885154778&travelmode=driving",,2319653.27875897,181719.107556477
192,906405065,09064-05-065,Heatcraft Facility,No Further Interest,367f1f51-2eac-4ea5-93a2-9c78f6b4a814,8/28/2017 7:54:32 PM,jdpeacock_ncdenr,9/8/2026 9:10:27 PM,jdpeacock_ncdenr,602 Sunnyvale Dr,Wilmington,New Hanover,Sam Watson,17.15,2/23/2023 12:00:00 AM,-77.9351243818625,34.176758018769,"https://www.google.com/maps/dir/?api=1&destination=34.176758018768957,-77.9351243818625&travelmode=driving",,2322102.46250889,157048.557488233
193,906705080,09067-05-080,Cannon Mills Village WWTP,No Further Interest,c15dd021-b5bb-418e-abed-f0b901c41b1b,8/28/2017 7:54:32 PM,jdpeacock_ncdenr,8/1/2025 4:20:42 PM,cdobill_ncdenr,West C Street; Glenn Avenue,Kannapolis,Rowan,Joselyn Harriger,118.96,9/4/2018 12:00:00 AM,-80.6395044227555,35.5104837838826,"https://www.google.com/maps/dir/?api=1&destination=35.51048378388261,-80.639504422755465&travelmode=driving",,1512735.53925122,644550.533597812
194,1000506009,10005-06-009,Southern Furniture,No Further Interest,9cca40f2-2df1-4e21-bf46-28746b1513d5,8/28/2017 7:54:32 PM,jdpeacock_ncdenr,10/14/2025 9:25:14 PM,jdpeacock_ncdenr,415 Peanut Road,Elizabethtown,Bladen,Sharon Eckard,6.31,10/2/2025 12:00:00 AM,-78.6209915606114,34.6266418389331,"https://www.google.com/maps/dir/?api=1&destination=34.626641838933125,-78.62099156061143&travelmode=driving",,2114019.40689105,319267.496829227
195,1103407011,11034-07-011,B & H Sheet Metal,No Further Interest,9be0088e-8361-4745-addc-b6a0c9897da6,8/28/2017 7:54:32 PM,jdpeacock_ncdenr,6/3/2025 10:34:37 PM,jdpeacock_ncdenr,115-119 1/2 Riverside Drive,Asheville,Buncombe,Tracy Wahl,1.84,1/8/2018 12:00:00 AM,-82.5697677331847,35.588088581449,"https://www.google.com/maps/dir/?api=1&destination=35.58808858144901,-82.56976773318473&travelmode=driving",,938902.476945892,688042.298648223
196,1202408007,12024-08-007,City of Washington Future Development,No Further Interest,85708a1c-8aa0-400f-8f82-6c7e51a22661,8/28/2017 7:54:32 PM,jdpeacock_ncdenr,9/8/2026 7:54:54 PM,jdpeacock_ncdenr,234 Springs Road,Washington,Beaufort,Sharon Eckard,7.69,8/19/2026 12:00:00 AM,-77.0586686940599,35.5794968529551,"https://www.google.com/maps/dir/?api=1&destination=35.5794968529551,-77.058668694059875&travelmode=driving",,2577202.05795172,671478.515174806
197,1203808023,12038-08-023,Cleveland Ridge Apts (RN),No Further Interest,b2cdee83-941c-4518-8fed-29d9e746ab70,8/28/2017 7:54:32 PM,jdpeacock_ncdenr,11/3/2023 8:58:51 PM,jdpeacock_ncdenr,East Gold Street,Kings Mountain,Cleveland,Brad Atkinson,16.26,1/1/2011 12:00:00 AM,-81.336117462275,35.2353576111239,"https://www.google.com/maps/dir/?api=1&destination=35.23535761112392,-81.33611746227501&travelmode=driving",,1302493.35507764,548789.983649477
198,1301409083,13014-09-083,Natures Earth Pellets,No Further Interest,d7a70b38-9bd1-4e77-a46b-c4fc3f7e9a13,8/28/2017 7:54:32 PM,jdpeacock_ncdenr,11/6/2025 7:43:40 PM,jdpeacock_ncdenr,16900 Aberdeen Road,Laurinburg,Scotland,Sam Watson,28.2,8/31/2014 12:00:00 AM,-79.4603863870387,34.7970148873418,"https://www.google.com/maps/dir/?api=1&destination=34.7970148873418,-79.4603863870387&travelmode=driving",,1861788.66463439,381374.197746813
199,1501711011,15017-11-011,RiverLink Outdoor Adventure,No Further Interest,e4b3605c-8dc7-4279-9624-21a06a721a30,8/28/2017 7:54:32 PM,jdpeacock_ncdenr,7/9/2024 10:12:22 PM,jdpeacock_ncdenr,704 Riverside Dr & Riverside Dr.,Asheville,Buncombe,Tracy Wahl,1.42,6/9/2024 12:00:00 AM,-82.5771890957373,35.6093527030883,"https://www.google.com/maps/dir/?api=1&destination=35.60935270308831,-82.57718909573725&travelmode=driving",,936976.297071219,695856.267600313
200,1600612075,16006-12-075,Polk County Industrial Park,No Further Interest,94257dbc-9f80-45af-bf15-8f4bedf4f587,8/28/2017 7:54:32 PM,jdpeacock_ncdenr,11/3/2023 8:58:52 PM,jdpeacock_ncdenr,4021 Highway 108 East,Mill Springs,Polk,Tracy Wahl,37.98,3/5/2018 12:00:00 AM,-82.1589205396105,35.3003181515361,"https://www.google.com/maps/dir/?api=1&destination=35.30031815153606,-82.158920539610477&travelmode=driving",,1057648.83656555,579219.389654055
201,1701513096,17015-13-096,Mt. Olive Industrial Park,No Further Interest,b007ee99-82b4-47a1-b951-a73ae1b161cb,8/28/2017 7:54:32 PM,jdpeacock_ncdenr,9/8/2026 7:54:54 PM,jdpeacock_ncdenr,311 Northeast Church Rd,Mount Olive,Wayne,Sharon Eckard,39.44,8/11/2026 12:00:00 AM,-78.0501355214749,35.217645412593,"https://www.google.com/maps/dir/?api=1&destination=35.21764541259298,-78.0501355214749&travelmode=driving",,2283690.60166872,535493.383274227
202,1705613036,17056-13-036,Yorkshire Americas II,No Further Interest,a00dbc0e-0611-4bfd-a927-1b75c2f98a17,8/28/2017 7:54:32 PM,jdpeacock_ncdenr,11/3/2023 8:58:53 PM,jdpeacock_ncdenr,1602 N. Main Street,Lowell,Gaston,Jordan Thompson,43.84,1/18/2022 12:00:00 AM,-81.1058478853491,35.2853117655051,"https://www.google.com/maps/dir/?api=1&destination=35.28531176550507,-81.1058478853491&travelmode=driving",,1371620.97600847,565428.316186398
203,1800714034,18007-14-034,TXMO,No Further Interest,9592aab2-d581-4897-88bb-bc38c330b234,8/28/2017 7:54:32 PM,jdpeacock_ncdenr,11/3/2023 8:58:53 PM,jdpeacock_ncdenr,"854, 870, 800 Northwest Blvd.",Winston-Salem,Forsyth,Joselyn Harriger,3.8,1/15/2019 12:00:00 AM,-80.2562200939827,36.1054527483233,"https://www.google.com/maps/dir/?api=1&destination=36.10545274832327,-80.256220093982748&travelmode=driving",,1628907.26064748,859631.799300566
204,1801114011,18011-14-011,French Broad River Academy,Recorded,22f1c11f-fba7-4d08-aead-f87529089977,8/28/2017 7:54:32 PM,jdpeacock_ncdenr,11/3/2023 8:58:53 PM,jdpeacock_ncdenr,1990 Riverside Drive,Asheville,Buncombe,Tracy Wahl,3.15,9/28/2018 12:00:00 AM,-82.5992191319425,35.6347597986429,"https://www.google.com/maps/dir/?api=1&destination=35.6347597986429,-82.5992191319425&travelmode=driving",https://edocs.deq.nc.gov/WasteManagement/edoc/1257831/18011_French Broad River Academy_LURU Model_20181106.docx?dbid=0&repo=WasteManagement,930767.759619549,705334.400218815
205,1802914060,18029-14-060,R & S Textile Machinery,No Further Interest,b633aa9d-dbb1-4205-9a74-8b12ebfc86e7,8/28/2017 7:54:32 PM,jdpeacock_ncdenr,11/3/2023 8:58:53 PM,jdpeacock_ncdenr,"2115, 2135 Dunavant Street",Charlotte,Mecklenburg,Carolyn Minnich,3.04,6/17/2015 12:00:00 AM,-80.8661746553346,35.2078017681966,"https://www.google.com/maps/dir/?api=1&destination=35.20780176819664,-80.86617465533456&travelmode=driving",,1442599.63523197,535793.042779893
206,1900615080,19006-15-080,Klumac Rd Property,No Further Interest,e486ce59-ccf6-4247-b167-17243950c70d,8/28/2017 7:54:32 PM,jdpeacock_ncdenr,11/3/2023 8:58:53 PM,jdpeacock_ncdenr,1207 And 1251 Klumac Road,Salisbury,Rowan,Tracy Wahl,14,12/7/2016 12:00:00 AM,-80.4847377869492,35.6395517389456,"https://www.google.com/maps/dir/?api=1&destination=35.63955173894556,-80.48473778694915&travelmode=driving",,1558870.26522306,690991.89314273
207,1900915041,19009-15-041,Dixie Machine and Tool Co,No Further Interest,8859d732-d17a-45b7-b665-e3721f4b13bc,8/28/2017 7:54:32 PM,jdpeacock_ncdenr,11/3/2023 8:58:54 PM,jdpeacock_ncdenr,2204 Patterson Court,Greensboro,Guilford,Joselyn Harriger,1.21,3/24/2023 12:00:00 AM,-79.8301702644359,36.0596944640905,"https://www.google.com/maps/dir/?api=1&destination=36.059694464090455,-79.83017026443592&travelmode=driving",,1754621.47214505,841652.173186391
208,1700313060,17003-13-060,Consolidated Warehouse -RFRU,Recorded,3c2272b5-2e03-48fd-bbe1-d8c9a57995e9,8/28/2017 7:54:32 PM,jdpeacock_ncdenr,11/3/2023 8:58:54 PM,jdpeacock_ncdenr,8300 Moores Chapel Road,Charlotte,Mecklenburg,Carolyn Minnich,15.76,9/18/2017 12:00:00 AM,-80.9441728036852,35.2770777098525,"https://www.google.com/maps/dir/?api=1&destination=35.2770777098525,-80.944172803685177&travelmode=driving",https://edocs.deq.nc.gov/WasteManagement/edoc/838588/17003_Moores Chapel (Consolidated Warehouse)_LURU Model_20171109.docx?dbid=0&repo=WasteManagement,1419799.31108205,561447.999015808
209,1705213011,17052-13-011,Alliance Carolina Tool - RFRU,Recorded,4c3908f1-5cb3-4f3c-8bf3-35ae20a39652,8/28/2017 7:54:32 PM,jdpeacock_ncdenr,11/3/2023 8:58:54 PM,jdpeacock_ncdenr,125 Glen Bridge Road,Arden,Buncombe,Tracy Wahl,7.51,7/27/2017 12:00:00 AM,-82.5242490185957,35.4619905400249,"https://www.google.com/maps/dir/?api=1&destination=35.461990540024878,-82.5242490185957&travelmode=driving",https://edocs.deq.nc.gov/WasteManagement/edoc/765722/17052_Alliance Carolina_LURU Model_20171010.docx?dbid=0&repo=WasteManagement,950797.978089213,641692.252568975
210,1300809086,13008-09-086,Pilot Center,Recorded,3c939e2b-bbe3-4e21-ae33-a0ba3aa25f36,8/28/2017 7:54:32 PM,jdpeacock_ncdenr,11/3/2023 8:58:55 PM,jdpeacock_ncdenr,612 East Main Street,Pilot Mountain,Surry,Jordan Thompson,8,8/7/2018 12:00:00 AM,-80.4564346963459,36.3820921314064,"https://www.google.com/maps/dir/?api=1&destination=36.38209213140636,-80.45643469634585&travelmode=driving",https://edocs.deq.nc.gov/WasteManagement/edoc/1257039/13008_Pilot Center_LURU Model_20181024.docx?dbid=0&repo=WasteManagement,1571244.40320438,961142.735057816
211,1402810041,14028-10-041,High Point South Center,No Further Interest,443cd41f-1a2e-4ad5-9fbf-55449c4b8183,8/28/2017 7:54:32 PM,jdpeacock_ncdenr,11/3/2023 8:58:55 PM,jdpeacock_ncdenr,"2601, 2607, 2619 S. Main Street",High Point,Guilford,Will Service,10.03,8/5/2020 12:00:00 AM,-79.9858954660458,35.9277106593317,"https://www.google.com/maps/dir/?api=1&destination=35.92771065933174,-79.985895466045818&travelmode=driving",,1708116.91029872,794030.602091148
212,1503711034,15037-11-034,WSECU Wet Pond,Pending,b9b1ad4a-3a3d-46d7-b4be-b62d3379b722,8/28/2017 7:54:32 PM,jdpeacock_ncdenr,11/3/2023 8:58:55 PM,jdpeacock_ncdenr,711 Salem Avenue,Winston-Salem,Forsyth,Aditi Posek,4.26,12/6/2011 12:00:00 AM,-80.236466482134,36.0859333595286,"https://www.google.com/maps/dir/?api=1&destination=36.0859333595286,-80.23646648213396&travelmode=driving",,1634653.76555863,852453.311689064
213,1600212034,16002-12-034,Winston-Salem Police Firing Range,No Further Interest,55fb95ba-d087-4d95-ad8c-d523ac6bbef1,8/28/2017 7:54:32 PM,jdpeacock_ncdenr,7/8/2026 8:24:00 PM,jdpeacock_ncdenr,6020 Gun Club Road,Clemmons,Forsyth,Aditi Posek,22.38,6/29/2026 12:00:00 AM,-80.3672354752112,36.0442220736243,"https://www.google.com/maps/dir/?api=1&destination=36.044222073624255,-80.36723547521116&travelmode=driving",,1595807.77599356,837777.225555733
214,1701113053,17011-13-053,Static Control,No Further Interest,8341be19-c0a8-48d3-9500-d698316bf98b,8/28/2017 7:54:32 PM,jdpeacock_ncdenr,11/3/2023 8:58:56 PM,jdpeacock_ncdenr,2980 Lee Avenue,Sanford,Lee,Sharon Eckard,7.03,2/19/2021 12:00:00 AM,-79.1445865746827,35.4486262863166,"https://www.google.com/maps/dir/?api=1&destination=35.4486262863166,-79.144586574682677&travelmode=driving",,1956939.88049956,618233.390037984
215,1705813092,17058-13-092,Midway Park,No Further Interest,dfc6b4c5-ec62-4278-b04e-98038c36a050,8/28/2017 7:54:32 PM,jdpeacock_ncdenr,11/3/2023 8:58:56 PM,jdpeacock_ncdenr,Hinton Oaks Blvd.,Knightdale,Wake,Tony Duque,50,10/28/2019 12:00:00 AM,-78.5117663648214,35.8033175768308,"https://www.google.com/maps/dir/?api=1&destination=35.8033175768308,-78.5117663648214&travelmode=driving",,2144771.59243381,747657.564916149
216,2002916080,20029-16-080,Shops on Innes,Recorded,f64fa121-4d60-460b-afb1-5fa01efdd658,8/28/2017 7:54:32 PM,jdpeacock_ncdenr,7/8/2026 8:24:00 PM,jdpeacock_ncdenr,"1517, 1539, 1541 East Innes Street",Salisbury,Rowan,Andrew Goodwin,3.44,8/4/2017 12:00:00 AM,-80.4570305053634,35.6523820740381,"https://www.google.com/maps/dir/?api=1&destination=35.652382074038087,-80.45703050536343&travelmode=driving",https://edocs.deq.nc.gov/WasteManagement/edoc/765725/20029_Shoppes on Innes_LURU Model_20171010.docx?dbid=0&repo=WasteManagement,1567170.32145755,695539.382735401
217,2003016034,20030-16-034,Marshall Street,No Further Interest,56247887-2f3e-46f7-a0c9-763fa5a4df16,8/28/2017 7:54:32 PM,jdpeacock_ncdenr,7/9/2024 10:12:22 PM,jdpeacock_ncdenr,1001 S. Marshall Street,Winston-Salem,Forsyth,Hayley Irick,2.53,6/9/2024 12:00:00 AM,-80.2427719539265,36.0827275460972,"https://www.google.com/maps/dir/?api=1&destination=36.08272754609718,-80.24277195392655&travelmode=driving",,1632776.13283098,851309.640091896
218,2003316065,20033-16-065,Old Dominion Freight Line-Wilmington Terminal,No Further Interest,c6e1e81c-bbdc-4132-a05d-6dae0090966f,8/28/2017 7:54:32 PM,jdpeacock_ncdenr,11/6/2025 5:44:08 PM,jdpeacock_ncdenr,720 Sunnyvale Drive,Wilmington,New Hanover,Sharon Eckard,5.16,10/20/2025 12:00:00 AM,-77.9403130596489,34.1729965159453,"https://www.google.com/maps/dir/?api=1&destination=34.1729965159453,-77.940313059648858&travelmode=driving",,2320547.67362373,155662.858816057
219,2003816060,20038-16-060,"Auto Top Manufacturing, Former",No Further Interest,1bdd3b91-f0f3-4d79-ba96-287383846e34,8/28/2017 7:54:32 PM,jdpeacock_ncdenr,7/23/2026 8:37:22 PM,cdobill_ncdenr,"1524, 1532, 1538, 1544, 1546, 1550 South Tryon St",Charlotte,Mecklenburg,Jordan Thompson,2.76,3/7/2022 12:00:00 AM,-80.8578307796452,35.2160899537622,"https://www.google.com/maps/dir/?api=1&destination=35.216089953762157,-80.85783077964521&travelmode=driving",,1445357.99585697,538678.815879732
220,2004016011,20040-16-011,Swannanoa Mini Storage,Recorded,5ae91655-bbaa-4247-b68c-e718a5e25eba,8/28/2017 7:54:32 PM,jdpeacock_ncdenr,11/3/2023 8:58:58 PM,jdpeacock_ncdenr,110 Lytle Cove Road,Swannanoa,Buncombe,Caroline Goodwin,4.95,9/27/2018 12:00:00 AM,-82.3659050791469,35.6020701981549,"https://www.google.com/maps/dir/?api=1&destination=35.6020701981549,-82.36590507914691&travelmode=driving",https://edocs.deq.nc.gov/WasteManagement/edoc/1258455/20040_Swannanoa Mini Storage_LURU Model_20181116.docx?dbid=0&repo=WasteManagement,999648.3748108,691011.420006558
221,2004116014,20041-16-014,Paxar Facility -(RFR/RN),Active Eligible,3cf760a5-f4eb-44c7-a0ac-534458b27926,8/28/2017 7:54:32 PM,jdpeacock_ncdenr,11/3/2023 8:58:58 PM,jdpeacock_ncdenr,"950 German Street, Nw",Lenoir,Caldwell,Bill Schmithorst,27.13,8/22/2016 12:00:00 AM,-81.5602297852441,35.9208821932988,"https://www.google.com/maps/dir/?api=1&destination=35.9208821932988,-81.5602297852441&travelmode=driving",,1242027.45730889,799870.348285645
222,2004216074,20042-16-074,Pugh Tire & Service Center,Recorded,8f8320b7-49fc-4281-95f7-e52ff44b5df6,8/28/2017 7:54:32 PM,jdpeacock_ncdenr,9/9/2024 7:42:12 PM,jdpeacock_ncdenr,"408 Green Street; 301, W. 4Th St; 311 W. 4Th St; 313 W. 4Th St; 315 W. 4Th St; 405 & 409 S. Pitt St; 310 W 5Th St",Greenville,Pitt,BRS-Property Management,2.04,7/24/2020 12:00:00 AM,-77.375531968449,35.6121502613144,"https://www.google.com/maps/dir/?api=1&destination=35.6121502613144,-77.37553196844895&travelmode=driving",https://edocs.deq.nc.gov/WasteManagement/ElectronicFile.aspx?docid=1516930&dbid=0&repo=WasteManagement,2482806.26577255,681669.857981056
223,2004316041,20043-16-041,War Memorial Stadium,Recorded,fd244a5a-33e7-4213-92f6-6454e98f34fa,8/28/2017 7:54:32 PM,jdpeacock_ncdenr,9/9/2024 8:05:14 PM,jdpeacock_ncdenr,420 Yanceyville Street,Greensboro,Guilford,BRS-Property Management,14.08,10/30/2019 12:00:00 AM,-79.7770265573439,36.0798895334277,"https://www.google.com/maps/dir/?api=1&destination=36.0798895334277,-79.77702655734387&travelmode=driving",https://edocs.deq.nc.gov/WasteManagement/edoc/1387512/20043_War Memorial Stadium_LURU Model.docx?dbid=0&repo=WasteManagement,1770386.74835722,848876.458278477
224,2004416092,20044-16-092,Stone's Warehouse,Recorded,a50275e5-f3e3-4469-916e-aad983391972,8/28/2017 7:54:32 PM,jdpeacock_ncdenr,11/3/2023 8:58:59 PM,jdpeacock_ncdenr,500/510 E. Davie St; 400 Chavis Way; 419 S. East S,Raleigh,Wake,Sharon Eckard,2.02,6/13/2018 12:00:00 AM,-78.6319895396243,35.7748152481361,"https://www.google.com/maps/dir/?api=1&destination=35.774815248136058,-78.631989539624257&travelmode=driving",https://edocs.deq.nc.gov/WasteManagement/edoc/1257069/20044_Stone's Warehouse_LURU Model_20181024.docx?dbid=0&repo=WasteManagement,2109161.72959855,737129.199161887
225,2004616074,20046-16-074,Sidewalk Development,Recorded,cd57baa6-5b84-4df5-a9d3-f8c97aa05743,8/28/2017 7:54:32 PM,jdpeacock_ncdenr,9/9/2024 7:42:13 PM,jdpeacock_ncdenr,"513, 519, 523 S. Pitt Street",Greenville,Pitt,BRS-Property Management,2.39,9/7/2018 12:00:00 AM,-77.3761115842955,35.6102009040123,"https://www.google.com/maps/dir/?api=1&destination=35.610200904012288,-77.37611158429547&travelmode=driving",https://edocs.deq.nc.gov/WasteManagement/edoc/1257338/20046_Harris & Rogers Tobacco_LURU Model_20181029.docx?dbid=0&repo=WasteManagement,2482645.62042455,680957.616951481
226,2004716034,20047-16-034,Goler - Little Island,No Further Interest,98560639-531a-4b6c-973d-6792fd592937,8/28/2017 7:54:32 PM,jdpeacock_ncdenr,11/3/2023 8:58:59 PM,jdpeacock_ncdenr,855 & 863 North Liberty Street,Winston-Salem,Forsyth,Jordan Thompson,0.4,7/20/2017 12:00:00 AM,-80.2426800771301,36.1046611416207,"https://www.google.com/maps/dir/?api=1&destination=36.10466114162067,-80.242680077130075&travelmode=driving",,1632903.2303458,859293.303914562
227,2004816064,20048-16-064,Masonite Facility II,No Further Interest,0494210d-6e02-498d-ac0a-2b62ebbacf63,8/28/2017 7:54:32 PM,jdpeacock_ncdenr,11/3/2023 8:58:59 PM,jdpeacock_ncdenr,518 Old Franklin Road,Spring Hope,Nash,Geoffrey Little,214,11/3/2016 12:00:00 AM,-78.0732031132538,35.9508631711462,"https://www.google.com/maps/dir/?api=1&destination=35.95086317114616,-78.07320311325375&travelmode=driving",,2274309.84483972,802289.504536554
228,2004916032,20049-16-032,West Chapel Hill Street BP,No Further Interest,58c780ec-9065-493f-bb1d-fceddcb6e908,8/28/2017 7:54:32 PM,jdpeacock_ncdenr,10/14/2025 9:25:14 PM,jdpeacock_ncdenr,"1114, 1118 W. Chapel Hill St",Durham,Durham,Sharon Eckard,0.31,10/2/2025 12:00:00 AM,-78.9171357723715,35.9969324568988,"https://www.google.com/maps/dir/?api=1&destination=35.996932456898826,-78.917135772371466&travelmode=driving",,2024512.93400148,817789.327867568
229,2005116036,20051-16-036,Travis Knits - RN/RFRU,Active Eligible,e5804f77-164b-4b55-a38d-423621c3a351,8/28/2017 7:54:32 PM,jdpeacock_ncdenr,10/7/2024 10:08:38 PM,jdpeacock_ncdenr,1515 W. Academy Street,Cherryville,Gaston,Tracy Wahl,12.13,8/22/2016 12:00:00 AM,-81.4012560416407,35.3693902349878,"https://www.google.com/maps/dir/?api=1&destination=35.36939023498776,-81.40125604164066&travelmode=driving",,1284228.16949522,598020.88715598
230,2005216010,20052-16-010,B&K Coastal Malmo,No Further Interest,26671e0e-0f6b-453f-981e-07accf28b224,8/28/2017 7:54:32 PM,jdpeacock_ncdenr,11/3/2023 8:59:00 PM,jdpeacock_ncdenr,1520 Malmo Loop Road,Leland,Brunswick,Sharon Eckard,26.39,6/23/2020 12:00:00 AM,-78.1040661503047,34.264640982249,"https://www.google.com/maps/dir/?api=1&destination=34.26464098224896,-78.10406615030473&travelmode=driving",,2270714.11712305,188526.958113983
231,2005416060,20054-16-060,Carolina Foundry,Recorded,55e79979-e26d-4103-b44a-03ac344f5aa9,8/28/2017 7:54:32 PM,jdpeacock_ncdenr,11/3/2023 8:59:00 PM,jdpeacock_ncdenr,224-232 W. Tremont Avenue,Charlotte,Mecklenburg,Jordan Thompson,0.74,11/13/2018 12:00:00 AM,-80.8632630458214,35.2111069718099,"https://www.google.com/maps/dir/?api=1&destination=35.21110697180986,-80.86326304582144&travelmode=driving",https://edocs.deq.nc.gov/WasteManagement/edoc/1261272/20054_Carolina Foundry_LURU Model_20181210.docx?dbid=0&repo=WasteManagement,1443491.76829022,536979.403268054
232,2101617034,21016-17-034,500 West Fifth Street III (RN),Recorded,1dfacfb7-ac95-4263-8cef-e82d02f81747,8/28/2017 7:54:32 PM,jdpeacock_ncdenr,10/7/2024 10:16:51 PM,jdpeacock_ncdenr,500 W. Fifth St.; 501/601 W. Fourth St.; 418 N. Spruce St.; 2 Parcels On W. Fifth St.,Winston-Salem,Forsyth,Joshawa Billiot,4.31,8/31/2017 12:00:00 AM,-80.2493426955225,36.0986681965922,"https://www.google.com/maps/dir/?api=1&destination=36.09866819659215,-80.249342695522486&travelmode=driving",https://edocs.deq.nc.gov/WasteManagement/edoc/765958/21016_500 West Fifth Street III_LURU Model.docx?dbid=0&repo=WasteManagement,1630907.68742089,857136.522795066
233,2005616092,20056-16-092,Retreat @ Renaissance II (RN),Recorded,a7850560-b720-4e98-9449-d06267a2b83e,8/28/2017 7:54:32 PM,jdpeacock_ncdenr,11/3/2023 8:59:01 PM,jdpeacock_ncdenr,398 South Franklin Street,Wake Forest,Wake,Sharon Eckard,11.13,10/5/2017 12:00:00 AM,-78.510052040329,35.9728164281722,"https://www.google.com/maps/dir/?api=1&destination=35.97281642817218,-78.51005204032897&travelmode=driving",https://edocs.deq.nc.gov/WasteManagement/edoc/832043/20056_Retreat at Renaissance_LURU Model_20171025.docx?dbid=0&repo=WasteManagement,2144975.40665872,809358.131475389
234,2005716098,20057-16-098,Paul Berry Chevrolet,Recorded,0d6aa6b8-b730-4590-a77c-f967614f079e,8/28/2017 7:54:32 PM,jdpeacock_ncdenr,9/9/2024 7:42:13 PM,jdpeacock_ncdenr,1800 Sw Tarboro Street,Wilson,Wilson,BRS-Property Management,9.34,9/13/2019 12:00:00 AM,-77.9467585652783,35.7209302349648,"https://www.google.com/maps/dir/?api=1&destination=35.72093023496478,-77.94675856527827&travelmode=driving",https://edocs.deq.nc.gov/WasteManagement/edoc/1387306/20057_Paul Berry Chevrolet_LURU Model.docx?dbid=0&repo=WasteManagement,2312620.97556639,718971.701356232
235,2005816060,20058-16-060,Southern Loop,Recorded,9aca9177-649f-4282-9a24-e2881491cf0b,8/28/2017 7:54:32 PM,jdpeacock_ncdenr,11/3/2023 8:59:01 PM,jdpeacock_ncdenr,"10620, 10710 Southern Loop Blvd.",Pineville,Mecklenburg,Carolyn Minnich,5.88,9/19/2017 12:00:00 AM,-80.9068532753404,35.1140743403368,"https://www.google.com/maps/dir/?api=1&destination=35.11407434033682,-80.90685327534035&travelmode=driving",https://edocs.deq.nc.gov/WasteManagement/edoc/794851/20058_Southern Loop Prop_LURU Model_20171017.docx?dbid=0&repo=WasteManagement,1429795.76484239,501918.957312971
236,2005916092,20059-16-092,Capital Blvd Self Storage (RN),Recorded,bac1f83f-525b-4f99-907d-c6eb544a55fe,8/28/2017 7:54:32 PM,jdpeacock_ncdenr,9/9/2024 8:05:14 PM,jdpeacock_ncdenr,622-628 Capital Blvd,Raleigh,Wake,BRS-Property Management,2.11,11/30/2017 12:00:00 AM,-78.6418991608093,35.7903554075943,"https://www.google.com/maps/dir/?api=1&destination=35.79035540759428,-78.6418991608093&travelmode=driving",https://edocs.deq.nc.gov/WasteManagement/edoc/842901/20059_Capital Blvd_LURU Model_20171211.docx?dbid=0&repo=WasteManagement,2106201.90120064,742774.935573816
237,600902045,06009-02-045,Grey Hosiery Mill,Recorded,04cb62cf-acc9-4074-b551-1acd794877ab,8/28/2017 7:54:32 PM,jdpeacock_ncdenr,11/3/2023 8:59:02 PM,jdpeacock_ncdenr,Laurel St,Hendersonville,Henderson,Tracy Wahl,1.103,11/10/2014 12:00:00 AM,-82.4574035229485,35.3175893343532,"https://www.google.com/maps/dir/?api=1&destination=35.31758933435318,-82.457403522948525&travelmode=driving",https://edocs.deq.nc.gov/WasteManagement/edoc/838805/06009_Grey Hosiery Mill_LURUModel_20171002.docx?dbid=0&repo=WasteManagement,968860.349772811,588468.677913979
238,902705041,09027-05-041,South Elm Street,Recorded,b6da8d16-23aa-4876-85c8-288f2346de2a,8/28/2017 7:54:32 PM,jdpeacock_ncdenr,9/9/2024 7:42:14 PM,jdpeacock_ncdenr,700 S Elm St,Greensboro,Guilford,BRS-Property Management,6.97,10/8/2014 12:00:00 AM,-79.7906844645092,36.0639366326435,"https://www.google.com/maps/dir/?api=1&destination=36.06393663264345,-79.79068446450917&travelmode=driving",https://edocs.deq.nc.gov/WasteManagement/edoc/663801/09027_South Elm Street_LURUModel_20151113.docx?dbid=0&repo=WasteManagement,1766304.61839813,843101.12632522
239,1400710090,14007-10-090,Bloom Industrial,Recorded,5531c600-9755-479a-a1eb-ec13041596d1,8/28/2017 7:54:32 PM,jdpeacock_ncdenr,11/3/2023 8:59:02 PM,jdpeacock_ncdenr,3000 And 3100 Stitt Street,Monroe,Union,Carolyn Minnich,23.53,8/4/2014 12:00:00 AM,-80.4924811327858,34.9843195356494,"https://www.google.com/maps/dir/?api=1&destination=34.98431953564944,-80.492481132785827&travelmode=driving",https://edocs.deq.nc.gov/WasteManagement/edoc/663807/14007_Bloom Industrial_LURUModel_20141215.docx?dbid=0&repo=WasteManagement,1552984.6106558,452580.242014229
240,1401410060,14014-10-060,Hawkins Street,Recorded,0b430d6f-a4f1-45ee-b373-94fa058312e6,8/28/2017 7:54:32 PM,jdpeacock_ncdenr,11/3/2023 8:59:03 PM,jdpeacock_ncdenr,2171 Hawkins Street,Charlotte,Mecklenburg,Carolyn Minnich,1.66,10/22/2014 12:00:00 AM,-80.8630809803931,35.2081065853818,"https://www.google.com/maps/dir/?api=1&destination=35.208106585381756,-80.863080980393065&travelmode=driving",https://edocs.deq.nc.gov/WasteManagement/edoc/663808/14014_Hawkins Street_LURUModel_2014_12_15.docx?dbid=0&repo=WasteManagement,1443525.64748755,535886.602960229
241,1403410036,14034-10-036,Creative Dyeing,Recorded,0bedeaab-1d06-42f4-ba49-50cdfa8289a6,8/28/2017 7:54:32 PM,jdpeacock_ncdenr,11/3/2023 8:59:03 PM,jdpeacock_ncdenr,417 East Charlotte Avenue Plus Several Other Parce,Mount Holly,Gaston,Sharon Eckard,8.86,11/12/2014 12:00:00 AM,-81.0103691757385,35.2979029581437,"https://www.google.com/maps/dir/?api=1&destination=35.2979029581437,-81.010369175738546&travelmode=driving",https://edocs.deq.nc.gov/WasteManagement/edoc/663809/14034_Creative Dyeing_LURUModel.docx?dbid=0&repo=WasteManagement,1400200.39785214,569419.243900061
242,1501011041,15010-11-041,Pennston Site,Recorded,42521dac-b5b1-4d7c-8648-a436c5981b56,8/28/2017 7:54:32 PM,jdpeacock_ncdenr,9/9/2024 7:42:14 PM,jdpeacock_ncdenr,3600 Reed Fork Pkwy,Greensboro,Guilford,BRS-Property Management,78.07,11/10/2014 12:00:00 AM,-79.7082693221624,36.1725774876161,"https://www.google.com/maps/dir/?api=1&destination=36.1725774876161,-79.7082693221624&travelmode=driving",https://edocs.deq.nc.gov/WasteManagement/edoc/663523/15010_Pennston Site_LURUModel_2016_08_16.docx?dbid=0&repo=WasteManagement,1790945.13178106,882465.871086389
243,1504011011,15040-11-011,Highland Business Park,Recorded,c788d288-0b40-4b69-b375-50dbfb01af89,8/28/2017 7:54:32 PM,jdpeacock_ncdenr,11/3/2023 8:59:03 PM,jdpeacock_ncdenr,12 Old Charlotte Hwy,Asheville,Buncombe,Tracy Wahl,40.6,10/24/2014 12:00:00 AM,-82.4982347807477,35.5702407450276,"https://www.google.com/maps/dir/?api=1&destination=35.57024074502755,-82.49823478074772&travelmode=driving",https://edocs.deq.nc.gov/WasteManagement/edoc/663765/15040_Highland Business Park_LURUModel_2014_12_15.docx?dbid=0&repo=WasteManagement,959927.578924477,680793.262293309
244,1603912041,16039-12-041,Revolution Mill Studios,Recorded,f8c7b239-fd6e-49a6-9a48-58f0bd7e8541,8/28/2017 7:54:32 PM,jdpeacock_ncdenr,9/9/2024 8:05:14 PM,jdpeacock_ncdenr,1200 N. Revolution Mill Drive,Greensboro,Guilford,BRS-Property Management,25.47,9/11/2014 12:00:00 AM,-79.7780266807434,36.0995214527713,"https://www.google.com/maps/dir/?api=1&destination=36.09952145277134,-79.77802668074342&travelmode=driving",https://edocs.deq.nc.gov/WasteManagement/edoc/838830/16039_Revolution Mill Studio_LURUModel_2014_12_09.docx?dbid=0&repo=WasteManagement,1770147.22619846,856025.276657984
245,1604012051,16040-12-051,River Park,Recorded,01f0a2f9-2158-4df7-a117-73d41aea038d,8/28/2017 7:54:32 PM,jdpeacock_ncdenr,7/16/2025 9:17:16 PM,jdpeacock_ncdenr,1833 Loop Road,Clayton,Johnston,Stephanie Hempel,39.27,10/2/2014 12:00:00 AM,-78.4286250466094,35.6768338129617,"https://www.google.com/maps/dir/?api=1&destination=35.6768338129617,-78.4286250466094&travelmode=driving",https://edocs.deq.nc.gov/WasteManagement/edoc/663775/16040_River Park_LURUModel_2016_10_13.docx?dbid=0&repo=WasteManagement,2169689.3457478,701751.200364232
246,1604712032,16047-12-032,Stanley Environmental,Recorded,14c5ace4-6aa4-483c-8528-2f93172caf11,8/28/2017 7:54:32 PM,jdpeacock_ncdenr,9/9/2024 7:42:14 PM,jdpeacock_ncdenr,1404 Angier Avenue,Durham,Durham,BRS-Property Management,2.07,9/8/2014 12:00:00 AM,-78.8866644691447,35.9845542146845,"https://www.google.com/maps/dir/?api=1&destination=35.9845542146845,-78.8866644691447&travelmode=driving",https://edocs.deq.nc.gov/WasteManagement/edoc/838832/16047_Stanley Environmental_LURUModel_2014_12_01.docx?dbid=0&repo=WasteManagement,2033531.81196105,813292.295523062
247,1605012059,16050-12-059,Windsor Oil,Recorded,542af2e2-e6e0-4b2f-98ae-ca4165a139f8,8/28/2017 7:54:32 PM,jdpeacock_ncdenr,9/9/2024 6:13:04 PM,jdpeacock_ncdenr,"738 River Road, Formerly E. Main St",Williamston,Martin,Joselyn Harriger,2,10/7/2014 12:00:00 AM,-77.044167792316,35.8603685878475,"https://www.google.com/maps/dir/?api=1&destination=35.86036858784754,-77.044167792316046&travelmode=driving",https://edocs.deq.nc.gov/WasteManagement/edoc/838833/16050_Windsor Oil_LURUModel_2014_12_15.docx?dbid=0&repo=WasteManagement,2579498.85749197,773776.966745481
248,1605212060,16052-12-060,Centro,Recorded,888ee4e9-88ec-4009-8207-366da9886ffc,8/28/2017 7:54:32 PM,jdpeacock_ncdenr,9/9/2024 8:05:14 PM,jdpeacock_ncdenr,"W. Boulevard, Camden Rd, W. Kingston, Hawkins St",Charlotte,Mecklenburg,BRS-Property Management,3.5,10/9/2014 12:00:00 AM,-80.8591409608548,35.2134724248321,"https://www.google.com/maps/dir/?api=1&destination=35.2134724248321,-80.859140960854816&travelmode=driving",https://edocs.deq.nc.gov/WasteManagement/edoc/663836/16052_Centro_LURUModel_2014_12_02.docx?dbid=0&repo=WasteManagement,1444738.90752822,537817.061697721
249,1605412011,16054-12-011,Asheville Hardware,Recorded,a52a69ae-ba80-442e-9b63-8611aba81a2c,8/28/2017 7:54:32 PM,jdpeacock_ncdenr,11/3/2023 8:59:05 PM,jdpeacock_ncdenr,91 Biltmore Avenue,Asheville,Buncombe,Tracy Wahl,0.38,10/3/2014 12:00:00 AM,-82.551098505217,35.5916858760894,"https://www.google.com/maps/dir/?api=1&destination=35.591685876089365,-82.551098505217&travelmode=driving",https://edocs.deq.nc.gov/WasteManagement/edoc/838834/16054_Asheville Hardware_LURUModel_2014_12_05.docx?dbid=0&repo=WasteManagement,944496.279406548,689151.745248228
250,1700413045,17004-13-045,Auto Undertakers,Recorded,d14ba04c-e7d9-46ef-8110-1a56f12d8967,8/28/2017 7:54:32 PM,jdpeacock_ncdenr,9/9/2024 8:05:14 PM,jdpeacock_ncdenr,510-520 South Main Street,Hendersonville,Henderson,BRS-Property Management,2.3,8/11/2014 12:00:00 AM,-82.4585113694569,35.3084226026448,"https://www.google.com/maps/dir/?api=1&destination=35.3084226026448,-82.458511369456858&travelmode=driving",https://edocs.deq.nc.gov/WasteManagement/edoc/838836/17004_Auto Undertakers_LURUModel_2014_10_21.docx?dbid=0&repo=WasteManagement,968413.869038478,585145.978522643
251,1702413060,17024-13-060,Herff Jones Yearbook,Recorded,ee2974c0-985f-42cb-b8ae-3c08cf972311,8/28/2017 7:54:32 PM,jdpeacock_ncdenr,11/3/2023 8:59:06 PM,jdpeacock_ncdenr,9601 Monroe Road,Charlotte,Mecklenburg,Carolyn Minnich,10.36,7/23/2014 12:00:00 AM,-80.739129915555,35.1421891751476,"https://www.google.com/maps/dir/?api=1&destination=35.1421891751476,-80.73912991555497&travelmode=driving",https://edocs.deq.nc.gov/WasteManagement/edoc/663846/17024_Herff Jones Yearbook_LURUModel_2014_10_22.docx?dbid=0&repo=WasteManagement,1480123.83741438,511228.455426231
252,1702613092,17026-13-092,Crabtree Holiday Inn,Recorded,37a6cb6c-b9f8-4bef-8b45-e9fe1a5a42f6,8/28/2017 7:54:32 PM,jdpeacock_ncdenr,2/13/2025 4:59:32 PM,jdpeacock_ncdenr,4100 Glenwood Avenue,Raleigh,Wake,Stephanie Hempel,4.5,10/14/2014 12:00:00 AM,-78.6707574190583,35.8371135839128,"https://www.google.com/maps/dir/?api=1&destination=35.837113583912846,-78.6707574190583&travelmode=driving",https://edocs.deq.nc.gov/WasteManagement/edoc/838838/17026_Crabtree Holiday Inn_LURUModel_2014_12_08.docx?dbid=0&repo=WasteManagement,2097587.06245922,759765.081383482
253,1703013060,17030-13-060,Carolina Sportsplex,Recorded,73dc0017-2ad6-4925-bd49-5957d270ea4b,8/28/2017 7:54:32 PM,jdpeacock_ncdenr,9/9/2024 8:05:14 PM,jdpeacock_ncdenr,"13317, 13333,13433 Dorman Rd",Pineville,Mecklenburg,BRS-Property Management,47.77,4/24/2014 12:00:00 AM,-80.8880678412635,35.0602256212043,"https://www.google.com/maps/dir/?api=1&destination=35.06022562120434,-80.88806784126355&travelmode=driving",https://edocs.deq.nc.gov/WasteManagement/edoc/663849/17030_Carolina Sportsplex_LURUModel_2015_04_17.docx?dbid=0&repo=WasteManagement,1435039.7658373,482217.544288054
254,1703413092,17034-13-092,City Market,Recorded,77c53bbe-a4f4-49c4-9836-d25b9419e631,8/28/2017 7:54:32 PM,jdpeacock_ncdenr,2/13/2025 4:59:32 PM,jdpeacock_ncdenr,228 & 230 E. Martin; 225 E. Davie Streets,Raleigh,Wake,Joshawa Billiot,0.98,8/26/2014 12:00:00 AM,-78.6353464318982,35.77613408605,"https://www.google.com/maps/dir/?api=1&destination=35.77613408604998,-78.63534643189821&travelmode=driving",https://edocs.deq.nc.gov/WasteManagement/edoc/663795/17034_City Market_LURUModel_2014_10_20.docx?dbid=0&repo=WasteManagement,2108164.23421822,737605.569272146
255,1704313064,17043-13-064,AmerLink,Recorded,bb3f7cd9-2c90-467a-8bf9-048808d00e8c,8/28/2017 7:54:32 PM,jdpeacock_ncdenr,7/16/2025 9:17:16 PM,jdpeacock_ncdenr,7991 Beasley Road,Gold Rock,Nash,BRS-Property Management,9.63,10/29/2014 12:00:00 AM,-77.8111096243212,36.0696413490498,"https://www.google.com/maps/dir/?api=1&destination=36.069641349049817,-77.811109624321247&travelmode=driving",https://edocs.deq.nc.gov/WasteManagement/edoc/663659/17043_AmerLink_LURUModel_2015_04_17.docx?dbid=0&repo=WasteManagement,2351361.93745439,846351.150993139
256,1704813060,17048-13-060,Carolina Auto Supply,Recorded,f8f50eb9-562e-4bc0-9af8-90418dd62e4d,8/28/2017 7:54:32 PM,jdpeacock_ncdenr,9/9/2024 8:05:14 PM,jdpeacock_ncdenr,430 W 4Th And 427 W. Trade Streets,Charlotte,Mecklenburg,BRS-Property Management,1.44,9/17/2014 12:00:00 AM,-80.8473432785911,35.2298649977983,"https://www.google.com/maps/dir/?api=1&destination=35.229864997798266,-80.847343278591055&travelmode=driving",https://edocs.deq.nc.gov/WasteManagement/edoc/663853/17048_Carolina Auto Supply_LURUModel_2014_12_15.docx?dbid=0&repo=WasteManagement,1448373.08037797,543716.234610647
257,1501911060,15019-11-060,Norfolk Southern Intermodal Facility,Recorded,dc07b9e3-d797-4f82-9caa-df9c332ef8c8,8/28/2017 7:54:32 PM,jdpeacock_ncdenr,11/3/2023 8:59:07 PM,jdpeacock_ncdenr,N. Brevard St; 401 Parkwood Ave,Charlotte,Mecklenburg,Carolyn Minnich,18.23,11/25/2014 12:00:00 AM,-80.8196660120428,35.2400350837566,"https://www.google.com/maps/dir/?api=1&destination=35.24003508375663,-80.81966601204277&travelmode=driving",https://edocs.deq.nc.gov/WasteManagement/edoc/663813/15019_Norfolk Southern Intermodal Facility_LURUModel_2014_12_15.docx?dbid=0&repo=WasteManagement,1456704.58832122,547264.321018398
258,1605912023,16059-12-023,Anvil Knitwear II,Recorded,29803040-ca2c-4827-9af9-adfd5ef4f7bf,8/28/2017 7:54:32 PM,jdpeacock_ncdenr,9/10/2024 2:33:36 PM,jdpeacock_ncdenr,304 Linwood Road,Kings Mountain,Cleveland,Joshawa Billiot,14.9,7/24/2014 12:00:00 AM,-81.3354163448562,35.2512637221536,"https://www.google.com/maps/dir/?api=1&destination=35.251263722153567,-81.3354163448562&travelmode=driving",https://edocs.deq.nc.gov/WasteManagement/edoc/838835/16059_Anvil Knitwear II_LURUModel_2017_01_30.docx?dbid=0&repo=WasteManagement,1302838.83076464,554572.417294562
259,1601512025,16015-12-025,Coastal Lumber,Recorded,befa6a5b-c724-49d4-95a9-b9345784db35,8/28/2017 7:54:32 PM,jdpeacock_ncdenr,9/9/2024 8:05:14 PM,jdpeacock_ncdenr,"912, 916-918, 934, 936, 1000 N. Craven St",New Bern,Craven,BRS-Property Management,24.77,6/3/2014 12:00:00 AM,-77.0414464286299,35.1168222527662,"https://www.google.com/maps/dir/?api=1&destination=35.11682225276622,-77.0414464286299&travelmode=driving",https://edocs.deq.nc.gov/WasteManagement/edoc/663818/16015_Coastal Lumber_LURUModel_2017_01_30.docx?dbid=0&repo=WasteManagement,2585644.03909922,503219.808057725
260,1701913032,17019-13-032,Erwin Square Renovation,Recorded,883ba9a9-83fe-4051-a71a-9f1ad6b2f855,8/28/2017 7:54:32 PM,jdpeacock_ncdenr,9/9/2024 8:05:14 PM,jdpeacock_ncdenr,2200 South Main Street,Durham,Durham,BRS-Property Management,7.42,6/5/2014 12:00:00 AM,-78.926504110498,36.0079544938405,"https://www.google.com/maps/dir/?api=1&destination=36.007954493840487,-78.926504110498016&travelmode=driving",https://edocs.deq.nc.gov/WasteManagement/edoc/838837/17019_Erwin Square Renovation_LURUModel_2017_01_30.docx?dbid=0&repo=WasteManagement,2021738.70956305,821799.417944476
261,1602712034,16027-12-034,Winston Mutual Bldg,Recorded,5049f4b7-a575-480e-afe3-e5be4721691b,8/28/2017 7:54:32 PM,jdpeacock_ncdenr,11/3/2023 8:59:08 PM,jdpeacock_ncdenr,1225 East Fifth Street,Winston-Salem,Forsyth,Sharon Eckard,1.57,3/28/2014 12:00:00 AM,-80.2299262949789,36.1008028291962,"https://www.google.com/maps/dir/?api=1&destination=36.10080282919623,-80.22992629497885&travelmode=driving",https://edocs.deq.nc.gov/WasteManagement/edoc/838829/16027_Winston Mutual_LURUModel_2014_09_26.docx?dbid=0&repo=WasteManagement,1636653.20348889,857841.918693975
262,1702713034,17027-13-034,Air Park,Recorded,f1dbf62a-237a-402b-9b71-b104eb0541c1,8/28/2017 7:54:32 PM,jdpeacock_ncdenr,9/9/2024 8:05:14 PM,jdpeacock_ncdenr,3800 N. Liberty Street,Winston-Salem,Forsyth,BRS-Property Management,3.47,5/20/2014 12:00:00 AM,-80.2308355223179,36.1379535922752,"https://www.google.com/maps/dir/?api=1&destination=36.13795359227523,-80.230835522317946&travelmode=driving",https://edocs.deq.nc.gov/WasteManagement/edoc/663848/17027_Air Park_LURUModel_2015_04_17.docx?dbid=0&repo=WasteManagement,1636552.2939138,871368.59078756
263,1602012036,16020-12-036,Witten Lumber,Recorded,7d668b3d-a0c2-4cb1-b1ec-0abd81d15df0,8/28/2017 7:54:32 PM,jdpeacock_ncdenr,11/3/2023 8:59:09 PM,jdpeacock_ncdenr,310 East Long Avenue,Gastonia,Gaston,Sharon Eckard,3.72,7/16/2014 12:00:00 AM,-81.1767438756926,35.2662342391573,"https://www.google.com/maps/dir/?api=1&destination=35.266234239157328,-81.176743875692637&travelmode=driving",https://edocs.deq.nc.gov/WasteManagement/edoc/663532/16020_Witten Lumber_LURUModel_2017_01_30.docx?dbid=0&repo=WasteManagement,1350316.88705505,558943.088015139
264,1404210041,14042-10-041,High Penn Oil Refinery,Recorded,133d7af5-9c00-4f6b-8236-390ee5c296f3,8/28/2017 7:54:32 PM,jdpeacock_ncdenr,7/16/2025 9:17:16 PM,jdpeacock_ncdenr,Ppg Road,Greensboro,Guilford,BRS-Property Management,6.7,6/24/2014 12:00:00 AM,-79.9225824651698,36.0805027799907,"https://www.google.com/maps/dir/?api=1&destination=36.080502779990717,-79.92258246516984&travelmode=driving",https://edocs.deq.nc.gov/WasteManagement/edoc/663810/14042_High Penn Oil_LURUModel_2017_01_30.docx?dbid=0&repo=WasteManagement,1727377.68444113,849467.899024725
265,1606312060,16063-12-060,Renaissance Place Apartment,Recorded,689eb4a8-7bfe-46cc-b996-ed2cd4db7496,8/28/2017 7:54:32 PM,jdpeacock_ncdenr,11/3/2023 8:59:09 PM,jdpeacock_ncdenr,631 N. Tryon Street,Charlotte,Mecklenburg,Sharon Eckard,2.17,5/27/2014 12:00:00 AM,-80.83738458289,35.2320796582034,"https://www.google.com/maps/dir/?api=1&destination=35.2320796582034,-80.83738458288995&travelmode=driving",https://edocs.deq.nc.gov/WasteManagement/edoc/663840/16063_Renaissance Place Apts_LURUModel_2014_09_23.docx?dbid=0&repo=WasteManagement,1451361.38345647,544466.92142947
266,1700613060,17006-13-060,Southern Apartments,Recorded,c8c14669-83fe-4cab-969d-64f4505767f8,8/28/2017 7:54:32 PM,jdpeacock_ncdenr,9/9/2024 8:05:14 PM,jdpeacock_ncdenr,"811, 1331 W. Morehead; 829 S. Summit Ave",Charlotte,Mecklenburg,BRS-Property Management,3,5/20/2014 12:00:00 AM,-80.8633342732252,35.2282863720209,"https://www.google.com/maps/dir/?api=1&destination=35.22828637202091,-80.86333427322525&travelmode=driving",https://edocs.deq.nc.gov/WasteManagement/edoc/663842/17006_Southern Apartments_LURUModel_2017_01_30.docx?dbid=0&repo=WasteManagement,1443587.84880672,543231.046932727
267,1700913060,17009-13-060,NAD Labs,Recorded,2e467920-4bc0-4672-b796-61d73bdc41eb,8/28/2017 7:54:32 PM,jdpeacock_ncdenr,9/9/2024 8:05:14 PM,jdpeacock_ncdenr,2101 Westinghouse Blvd.,Charlotte,Mecklenburg,BRS-Property Management,9.42,7/7/2014 12:00:00 AM,-80.9404692955752,35.1269271340382,"https://www.google.com/maps/dir/?api=1&destination=35.12692713403818,-80.94046929557518&travelmode=driving",https://edocs.deq.nc.gov/WasteManagement/edoc/663843/17009_NAD Labs_LURUModel_2017_01_30.docx?dbid=0&repo=WasteManagement,1419836.28804222,506790.491533145
268,1602912098,16029-12-098,Southern States Cooperative,Recorded,369d59c3-64aa-4cf1-8927-4c5785201ca1,8/28/2017 7:54:32 PM,jdpeacock_ncdenr,11/3/2023 8:59:10 PM,jdpeacock_ncdenr,6601 Ward Blvd,Wilson,Wilson,Sharon Eckard,2.09,6/13/2014 12:00:00 AM,-77.9087541616341,35.7071590693215,"https://www.google.com/maps/dir/?api=1&destination=35.70715906932147,-77.908754161634&travelmode=driving",https://edocs.deq.nc.gov/WasteManagement/edoc/663517/16029_Southern States_LURUModel_2016_10_13.docx?dbid=0&repo=WasteManagement,2323955.98931363,714081.334824637
269,802004010,08020-04-010,Carolina Creosoting Corp.,Recorded,726728b7-472d-4d14-8b04-49a5cd01acc5,8/28/2017 7:54:32 PM,jdpeacock_ncdenr,7/16/2025 9:17:16 PM,jdpeacock_ncdenr,Eastbrook Dr.,Leland,Brunswick,BRS-Property Management,91,4/2/2014 12:00:00 AM,-78.0372029178082,34.2695352794206,"https://www.google.com/maps/dir/?api=1&destination=34.2695352794206,-78.0372029178082&travelmode=driving",https://edocs.deq.nc.gov/WasteManagement/edoc/663800/08020_Carolina Creosoting_LURUModel_2017_01_30.docx?dbid=0&repo=WasteManagement,2290899.47110923,190497.249448985
270,1004906041,10049-06-041,Burlington Distribution,Recorded,05feb957-6da4-4773-b4ff-c909a967ecf1,8/28/2017 7:54:32 PM,jdpeacock_ncdenr,11/5/2024 5:21:49 PM,jdpeacock_ncdenr,6012 High Point Rd,Greensboro,Guilford,Joshawa Billiot,37.26,10/31/2013 12:00:00 AM,-79.9092049335477,36.0037324832152,"https://www.google.com/maps/dir/?api=1&destination=36.00373248321522,-79.90920493354771&travelmode=driving",https://edocs.deq.nc.gov/WasteManagement/edoc/745753/10049_Burlington Distribution_LURUModel_20170913.docx?dbid=0&repo=WasteManagement,1731074.67704713,821486.006825894
271,1201208011,12012-08-011,"BASF, Former",Recorded,d2839bb6-d1ec-4269-b26d-f1f9e2182899,8/28/2017 7:54:32 PM,jdpeacock_ncdenr,9/8/2026 7:54:54 PM,jdpeacock_ncdenr,Sand Hill Road,Asheville,Buncombe,Joshawa Billiot,56.64,2/14/2014 12:00:00 AM,-82.6505436656582,35.5456759916776,"https://www.google.com/maps/dir/?api=1&destination=35.545675991677577,-82.65054366565823&travelmode=driving",https://edocs.deq.nc.gov/WasteManagement/edoc/663806/12012_BASF Former (Asheville)_LURUModel_2017_01_30.docx?dbid=0&repo=WasteManagement,914335.329886049,673488.971127644
272,1400610060,14006-10-060,Classic Coffee,Recorded,2611d93a-bace-4ca5-9554-1121afa42ce4,8/28/2017 7:54:32 PM,jdpeacock_ncdenr,11/3/2023 8:59:11 PM,jdpeacock_ncdenr,"1016, 1024 Montana Drive",Charlotte,Mecklenburg,Carolyn Minnich,16.96,9/26/2013 12:00:00 AM,-80.8668817092401,35.2677150653454,"https://www.google.com/maps/dir/?api=1&destination=35.267715065345428,-80.8668817092401&travelmode=driving",https://edocs.deq.nc.gov/WasteManagement/edoc/839428/14006_Classic Coffee_LURU Model_20171127.docx?dbid=0&repo=WasteManagement,1442798.51836438,557598.327581316
273,1500511092,15005-11-092,Town of Cary Public Works Facility,Recorded,b2a3e5a2-7c4b-438f-abfc-8164466e1d00,8/28/2017 7:54:32 PM,jdpeacock_ncdenr,9/4/2025 8:11:06 PM,jdpeacock_ncdenr,0 Green Hope School Road,Cary,Wake,BRS-Property Management,13.91,1/10/2014 12:00:00 AM,-78.8954166472589,35.7988038611398,"https://www.google.com/maps/dir/?api=1&destination=35.798803861139838,-78.89541664725888&travelmode=driving",https://edocs.deq.nc.gov/WasteManagement/edoc/745760/15005_Town of Cary Public Works_LURUModel_20170915.docx?dbid=0&repo=WasteManagement,2031013.6605013,745674.91927515
274,1602112011,16021-12-011,Belgium Brewing,Recorded,a9d01e2a-287c-4517-9539-db42c8fc831a,8/28/2017 7:54:32 PM,jdpeacock_ncdenr,11/3/2023 8:59:11 PM,jdpeacock_ncdenr,"55, 157, 163 Craven Street; Unknown Nos Craven",Asheville,Buncombe,Tracy Wahl,17.18,3/7/2014 12:00:00 AM,-82.5716878568389,35.5872618718997,"https://www.google.com/maps/dir/?api=1&destination=35.58726187189973,-82.571687856838935&travelmode=driving",https://edocs.deq.nc.gov/WasteManagement/edoc/838827/16021_New Belgium Brewing_LURUModel_2017_01_30.docx?dbid=0&repo=WasteManagement,938321.150680721,687762.123355567
275,1603412054,16034-12-054,Family Dollar - LaGrange,Recorded,07e0a014-8505-439c-87ab-b8b58ccfca3f,8/28/2017 7:54:32 PM,jdpeacock_ncdenr,9/9/2024 7:42:15 PM,jdpeacock_ncdenr,S. Carey St; E. Washington St,Lagrange,Lenoir,BRS-Property Management,0.99,12/30/2013 12:00:00 AM,-77.7838863998011,35.3037895906953,"https://www.google.com/maps/dir/?api=1&destination=35.3037895906953,-77.783886399801077&travelmode=driving",https://edocs.deq.nc.gov/WasteManagement/edoc/663827/16034_Family Dollar_LURUModel_2017_01_30.docx?dbid=0&repo=WasteManagement,2362821.8708993,567710.43596597
276,1603612060,16036-12-060,PCA International,Recorded,673dd5cd-56c6-4065-9dfd-cfb7ab827899,8/28/2017 7:54:32 PM,jdpeacock_ncdenr,11/3/2023 8:59:12 PM,jdpeacock_ncdenr,815 Matthew-Mint Hill Road,Matthews,Mecklenburg,Carolyn Minnich,15.96,4/24/2014 12:00:00 AM,-80.7091632779346,35.1198687988959,"https://www.google.com/maps/dir/?api=1&destination=35.119868798895858,-80.70916327793465&travelmode=driving",https://edocs.deq.nc.gov/WasteManagement/edoc/663828/16036_PCA International_LURUModel_2017_01_30.docx?dbid=0&repo=WasteManagement,1488940.99792963,502950.803674474
277,1604412092,16044-12-092,Noble Road,Recorded,6e587654-c676-4fef-82fb-38c423787a6b,8/28/2017 7:54:32 PM,jdpeacock_ncdenr,9/9/2024 7:42:16 PM,jdpeacock_ncdenr,2302 Noble Road,Raleigh,Wake,BRS-Property Management,10,2/12/2014 12:00:00 AM,-78.631675145093,35.8130522402657,"https://www.google.com/maps/dir/?api=1&destination=35.813052240265655,-78.631675145093&travelmode=driving",https://edocs.deq.nc.gov/WasteManagement/edoc/838831/16044_Noble Road_LURUModel_2017_01_30.docx?dbid=0&repo=WasteManagement,2109203.34598513,751047.533857971
278,1604912060,16049-12-060,Meck Bar Center,Recorded,c6bc3393-9ba8-4664-aa85-1a670bd28c3d,8/28/2017 7:54:32 PM,jdpeacock_ncdenr,9/9/2024 8:05:14 PM,jdpeacock_ncdenr,Inter. Judson Ave/Zebulon/W. Trade,Charlotte,Mecklenburg,BRS-Property Management,3,1/24/2014 12:00:00 AM,-80.8686237734965,35.2511990971366,"https://www.google.com/maps/dir/?api=1&destination=35.2511990971366,-80.8686237734965&travelmode=driving",https://edocs.deq.nc.gov/WasteManagement/edoc/663834/16049_Meck Bar Center_LURUModel_2017_01_30.docx?dbid=0&repo=WasteManagement,1442165.49043097,551598.243124813
279,1605512060,16055-12-060,Loftis / Blythe Construction,Recorded,1c2f5e2b-af0e-42e0-b8f1-8342f6bac282,8/28/2017 7:54:32 PM,jdpeacock_ncdenr,7/16/2025 9:17:16 PM,jdpeacock_ncdenr,5600 David Cox Road,Charlotte,Mecklenburg,BRS-Property Management,34.51,4/15/2014 12:00:00 AM,-80.8209747814279,35.3407423996668,"https://www.google.com/maps/dir/?api=1&destination=35.34074239966682,-80.820974781427935&travelmode=driving",https://edocs.deq.nc.gov/WasteManagement/edoc/663838/16055_Loftis - Blythe Construction_LURUModel_2017_01_30.docx?dbid=0&repo=WasteManagement,1456986.1727318,583917.615493804
280,1701713060,17017-13-060,Fuel Systems,Recorded,e21e2a07-737c-42d9-b389-6ee30be66fe7,8/28/2017 7:54:32 PM,jdpeacock_ncdenr,9/9/2024 8:05:14 PM,jdpeacock_ncdenr,5019 Hovis Road,Charlotte,Mecklenburg,BRS-Property Management,3.94,12/11/2013 12:00:00 AM,-80.8995467595366,35.2686787003846,"https://www.google.com/maps/dir/?api=1&destination=35.2686787003846,-80.899546759536648&travelmode=driving",https://edocs.deq.nc.gov/WasteManagement/edoc/663844/17017_Fuel Systems_LURUModel_2017_01_30.docx?dbid=0&repo=WasteManagement,1433056.97419922,558133.928216144
281,905605096,09056-05-096,Goldtex Plant Facility,Recorded,3246c15f-f99d-4fbd-9917-12318700f34d,8/28/2017 7:54:32 PM,jdpeacock_ncdenr,9/9/2024 7:42:16 PM,jdpeacock_ncdenr,401 Patetown Rd,Goldsboro,Wayne,BRS-Property Management,15.22,10/3/2013 12:00:00 AM,-77.9800558118326,35.4136663704168,"https://www.google.com/maps/dir/?api=1&destination=35.4136663704168,-77.980055811832557&travelmode=driving",https://edocs.deq.nc.gov/WasteManagement/edoc/745751/09056_Goldtex Facility_LURUModel_20170913.docx?dbid=0&repo=WasteManagement,2303887.15445139,607039.19818756
282,1203308060,12033-08-060,North Tryon Commercial,Recorded,446997f7-6b14-4dfa-81c7-98083f09a633,8/28/2017 7:54:32 PM,jdpeacock_ncdenr,11/3/2023 8:59:13 PM,jdpeacock_ncdenr,"2205-2221, 2229 North Tryon Street",Charlotte,Mecklenburg,Carolyn Minnich,6.62,4/9/2013 12:00:00 AM,-80.8214828634765,35.2448100522797,"https://www.google.com/maps/dir/?api=1&destination=35.244810052279668,-80.821482863476547&travelmode=driving",https://edocs.deq.nc.gov/WasteManagement/edoc/839116/12033_Notrh Tryon Commercial_LURU Model_20171117.docx?dbid=0&repo=WasteManagement,1456194.07851547,549011.806040481
283,1301209023,13012-09-023,Spectrum Mills,Recorded,931d4545-da8a-4acf-bacb-8909befa9e18,8/28/2017 7:54:32 PM,jdpeacock_ncdenr,9/4/2025 8:11:06 PM,jdpeacock_ncdenr,136 Patterson Road,Kings Mountain,Cleveland,BRS-Property Management,32.63,5/7/2013 12:00:00 AM,-81.365444263589,35.2574505687974,"https://www.google.com/maps/dir/?api=1&destination=35.257450568797388,-81.36544426358897&travelmode=driving",https://edocs.deq.nc.gov/WasteManagement/edoc/745755/13012_Spectrum Mills_LURUModel_20170912.docx?dbid=0&repo=WasteManagement,1293930.31478906,557035.696488723
284,1301609034,13016-09-034,Hanesbrands Industrial Facility,Recorded,a49e0173-5960-42dc-b23f-5ab24620eca9,8/28/2017 7:54:32 PM,jdpeacock_ncdenr,9/10/2024 2:33:36 PM,jdpeacock_ncdenr,700 South Stratford Rd,Winston-Salem,Forsyth,Joshawa Billiot,29,9/19/2013 12:00:00 AM,-80.2947481887384,36.0858959437762,"https://www.google.com/maps/dir/?api=1&destination=36.08589594377624,-80.2947481887384&travelmode=driving",https://edocs.deq.nc.gov/WasteManagement/edoc/745756/13016_Hanesbrand Induistrial Facility_LURUModel_20170915.docx?dbid=0&repo=WasteManagement,1617433.65564197,852659.243363813
285,1302509032,13025-09-032,Davis Drive,Recorded,8f2e6ec8-e0af-4e40-b7f0-b1c06e279388,8/28/2017 7:54:32 PM,jdpeacock_ncdenr,5/11/2026 9:26:46 PM,jdpeacock_ncdenr,9 Davis Drive,Research Triangle Park,Durham,BRS-Property Management,50.05,10/4/2013 12:00:00 AM,-78.8568216005399,35.8977200214521,"https://www.google.com/maps/dir/?api=1&destination=35.897720021452137,-78.85682160053986&travelmode=driving",https://edocs.deq.nc.gov/WasteManagement/edoc/745757/13025_Davis Drive_LURUModel_20170915.docx?dbid=0&repo=WasteManagement,2042406.58883089,781694.848219395
286,1400110060,14001-10-060,ReVenture West,Recorded,612cd41d-fb0b-4102-a54e-d665508855d1,8/28/2017 7:54:32 PM,jdpeacock_ncdenr,11/3/2023 8:59:14 PM,jdpeacock_ncdenr,Mt Holly Rd; Belmeade Dr; Hawfield Rd,Charlotte,Mecklenburg,Joselyn Harriger,329,3/20/2013 12:00:00 AM,-81.0005381667998,35.2917132425563,"https://www.google.com/maps/dir/?api=1&destination=35.291713242556348,-81.00053816679981&travelmode=driving",https://edocs.deq.nc.gov/WasteManagement/edoc/839410/14001_ReVenture West_LURU Model_20171127.docx?dbid=0&repo=WasteManagement,1403087.71917722,567107.706200317
287,1402410060,14024-10-060,Edwards Property,Recorded,510a5015-c36f-43d2-81b7-e58c0a977290,8/28/2017 7:54:32 PM,jdpeacock_ncdenr,11/3/2023 8:59:15 PM,jdpeacock_ncdenr,10211-10311 Rozzelle'S Ferry Rd,Charlotte,Mecklenburg,Carolyn Minnich,2.13,8/29/2013 12:00:00 AM,-80.953713416686,35.3213914684974,"https://www.google.com/maps/dir/?api=1&destination=35.32139146849736,-80.953713416686028&travelmode=driving",https://edocs.deq.nc.gov/WasteManagement/edoc/839441/14024_Edwards Property_LURU Model_20171128.docx?dbid=0&repo=WasteManagement,1417269.85321447,577628.73240231
288,1402510011,14025-10-011,Fairview Road,Recorded,231c075b-f295-4b76-baef-a8ad6c1ae0aa,8/28/2017 7:54:32 PM,jdpeacock_ncdenr,11/3/2023 8:59:15 PM,jdpeacock_ncdenr,6 Fairview Road,Asheville,Buncombe,Tracy Wahl,3.44,10/10/2013 12:00:00 AM,-82.5381449437248,35.5675269714501,"https://www.google.com/maps/dir/?api=1&destination=35.56752697145007,-82.538144943724816&travelmode=driving",https://edocs.deq.nc.gov/WasteManagement/edoc/737998/14025_Fairview Road_LURUModel_20170531.docx?dbid=0&repo=WasteManagement,948031.539068296,680226.685998648
289,1501311041,15013-11-041,"Adams-Millis Facility, Former",Recorded,ba06ba56-6782-4eeb-95a4-6f500de19233,8/28/2017 7:54:32 PM,jdpeacock_ncdenr,9/8/2026 7:54:54 PM,jdpeacock_ncdenr,400 West English Road,High Point,Guilford,Sydney Janda,2.6,6/25/2013 12:00:00 AM,-80.0100253776388,35.9581335725655,"https://www.google.com/maps/dir/?api=1&destination=35.9581335725655,-80.0100253776388&travelmode=driving",https://edocs.deq.nc.gov/WasteManagement/edoc/745761/15013_Adams Millis_LURUModel_20170915.docx?dbid=0&repo=WasteManagement,1701085.9345313,805176.228093818
290,1501611088,15016-11-088,Ecusta - Tract D,Recorded,a9d37d5e-d0dc-4281-8d67-7fcd3bc43a1e,8/28/2017 7:54:32 PM,jdpeacock_ncdenr,11/3/2023 8:59:15 PM,jdpeacock_ncdenr,1 Ecusta Road,Pisgah Forest,Transylvania,Tracy Wahl,52.31,1/18/2013 12:00:00 AM,-82.7012886039332,35.2680121800779,"https://www.google.com/maps/dir/?api=1&destination=35.26801218007791,-82.70128860393322&travelmode=driving",https://edocs.deq.nc.gov/WasteManagement/edoc/745762/15016_Ecusta Tract D_LURUModel_20170922.docx?dbid=0&repo=WasteManagement,895483.749807134,573060.269754484
291,1502011060,15020-11-060,ReVenture East (RN),Recorded,7d983bcc-45c2-4572-a854-5e686a8b6b18,8/28/2017 7:54:32 PM,jdpeacock_ncdenr,11/3/2023 8:59:16 PM,jdpeacock_ncdenr,Mount Holly Road,Charlotte,Mecklenburg,Joselyn Harriger,330,8/12/2013 12:00:00 AM,-80.9963009987158,35.2875588428519,"https://www.google.com/maps/dir/?api=1&destination=35.28755884285187,-80.9963009987158&travelmode=driving",https://edocs.deq.nc.gov/WasteManagement/edoc/839479/15020_ReVenture East_LURU Model_20171129.docx?dbid=0&repo=WasteManagement,1404321.41520064,565570.572791651
292,1502111088,15021-11-088,Ecusta - Tract A,Recorded,a9de9d98-f7f8-4325-950b-ee3ac4aa129b,8/28/2017 7:54:32 PM,jdpeacock_ncdenr,11/3/2023 8:59:16 PM,jdpeacock_ncdenr,1 Ecusta Road,Brevard,Transylvania,Tracy Wahl,48.43,9/30/2013 12:00:00 AM,-82.7037888632354,35.2673608749727,"https://www.google.com/maps/dir/?api=1&destination=35.267360874972717,-82.703788863235445&travelmode=driving",https://edocs.deq.nc.gov/WasteManagement/edoc/745763/15021_Ecusta Tract A_LURUModel_20170922.docx?dbid=0&repo=WasteManagement,894729.141080141,572851.222272307
293,1502211088,15022-11-088,Ecusta - Tract B,Recorded,dfde3363-e7df-4cd4-b830-24bfb5d2ce1d,8/28/2017 7:54:32 PM,jdpeacock_ncdenr,11/3/2023 8:59:16 PM,jdpeacock_ncdenr,1 Ecusta Road,Brevard,Transylvania,Tracy Wahl,102.53,9/30/2013 12:00:00 AM,-82.7022601001273,35.2622826829958,"https://www.google.com/maps/dir/?api=1&destination=35.26228268299583,-82.7022601001273&travelmode=driving",https://edocs.deq.nc.gov/WasteManagement/edoc/745764/15022_Ecusta Tract B_LURUModel_20170922.docx?dbid=0&repo=WasteManagement,895116.225607798,570987.296866313
294,1502311088,15023-11-088,Ecusta - Tract C,Recorded,103bc3b7-304c-4cab-a316-c2daa65c9415,8/28/2017 7:54:32 PM,jdpeacock_ncdenr,11/3/2023 8:59:16 PM,jdpeacock_ncdenr,1 Ecusta Road,Brevard,Transylvania,Tracy Wahl,1.97,9/30/2013 12:00:00 AM,-82.7023396923816,35.2649912968514,"https://www.google.com/maps/dir/?api=1&destination=35.264991296851356,-82.7023396923816&travelmode=driving",https://edocs.deq.nc.gov/WasteManagement/edoc/745765/15023_Ecusta Tract C_LURUModel_20170922.docx?dbid=0&repo=WasteManagement,895129.240673631,571973.288988814
295,1602812060,16028-12-060,2000 Hawkins Street,Recorded,ac93e0dd-6572-4580-959c-8db872f77166,8/28/2017 7:54:32 PM,jdpeacock_ncdenr,4/9/2026 4:08:37 PM,jdpeacock_ncdenr,2000 Hawkins Street,Charlotte,Mecklenburg,Joselyn Harriger,1.03,3/25/2013 12:00:00 AM,-80.8622803961053,35.211407058243,"https://www.google.com/maps/dir/?api=1&destination=35.21140705824303,-80.86228039610526&travelmode=driving",https://edocs.deq.nc.gov/WasteManagement/edoc/839524/16028_Kale-Bindex 2000 Hawkins St_LURU Model_20171130.docx?dbid=0&repo=WasteManagement,1443787.27491705,537083.091380894
296,1502911092,15029-11-092,West Morgan,Recorded,450a70a6-df12-45a5-adbd-68aea7c30a24,8/28/2017 7:54:32 PM,jdpeacock_ncdenr,11/3/2023 8:59:17 PM,jdpeacock_ncdenr,"919, 925 W. Morgan Street And 906 Tryon Hills Dri",Raleigh,Wake,Sharon Eckard,3.47,2/6/2013 12:00:00 AM,-78.6558677455799,35.7821802091711,"https://www.google.com/maps/dir/?api=1&destination=35.782180209171116,-78.655867745579926&travelmode=driving",https://edocs.deq.nc.gov/WasteManagement/edoc/745767/15029_West Morgan_LURUModel_20170915.docx?dbid=0&repo=WasteManagement,2102069.60467522,739784.575084731
297,1503211034,15032-11-034,800 Chatham Road,Recorded,4fe96bca-ccb4-4d17-b362-27b25c196b06,8/28/2017 7:54:32 PM,jdpeacock_ncdenr,11/3/2023 8:59:17 PM,jdpeacock_ncdenr,800 Chatham Road,Winston-Salem,Forsyth,Joselyn Harriger,5.96,5/30/2013 12:00:00 AM,-80.2550857429861,36.1048243404584,"https://www.google.com/maps/dir/?api=1&destination=36.104824340458357,-80.255085742986068&travelmode=driving",https://edocs.deq.nc.gov/WasteManagement/edoc/745768/15032_850 and 890 Chatham Road_LURUModel_20170918.docx?dbid=0&repo=WasteManagement,1629239.44338205,859398.814530313
298,1503611092,15036-11-092,Con-Agra (RN),Recorded,fb1d01a0-0dc3-4f64-a4e8-6d203e08d9d8,8/28/2017 7:54:32 PM,jdpeacock_ncdenr,2/13/2025 4:59:32 PM,jdpeacock_ncdenr,"4851, 4857 Jones Sausage Road",Garner,Wake,Stephanie Hempel,106.22,9/16/2013 12:00:00 AM,-78.5867795584749,35.7151647464833,"https://www.google.com/maps/dir/?api=1&destination=35.71516474648329,-78.58677955847487&travelmode=driving",https://edocs.deq.nc.gov/WasteManagement/edoc/745769/15036_ConAgra_LURUModel_20170918.docx?dbid=0&repo=WasteManagement,2122662.42274147,715469.998057812
299,1503811042,15038-11-042,Patterson Mill,Recorded,e538abd3-44f5-4bdd-bede-d26bf5f702b6,8/28/2017 7:54:32 PM,jdpeacock_ncdenr,11/3/2023 8:59:18 PM,jdpeacock_ncdenr,900 Jefferson Street,Roanoke Rapids,Halifax,Sharon Eckard,23,9/27/2013 12:00:00 AM,-77.6514509004042,36.4561214341882,"https://www.google.com/maps/dir/?api=1&destination=36.45612143418821,-77.65145090040424&travelmode=driving",https://edocs.deq.nc.gov/WasteManagement/edoc/839500/15038_Patterson Mill_LURU Model_20171129.docx?dbid=0&repo=WasteManagement,2396632.92204347,987645.052459896
300,1600312060,16003-12-060,West Kingston (RN),Recorded,9613edaa-722e-4dc6-93b4-d95031fa3518,8/28/2017 7:54:32 PM,jdpeacock_ncdenr,11/3/2023 8:59:18 PM,jdpeacock_ncdenr,West Kingston Ave Camden Road,Charlotte,Mecklenburg,Joselyn Harriger,1.66,7/2/2013 12:00:00 AM,-80.8584537488601,35.2145600426823,"https://www.google.com/maps/dir/?api=1&destination=35.21456004268228,-80.858453748860128&travelmode=driving",https://edocs.deq.nc.gov/WasteManagement/edoc/665098/16003_West Kingston_LURUModel_2017_01_31.docx?dbid=0&repo=WasteManagement,1444951.54030505,538208.981189474
301,1600712032,16007-12-032,The Mill Bldg at Erwin Square (RN),Recorded,e569f659-ac6c-4c3c-aca4-fbffc090c046,8/28/2017 7:54:32 PM,jdpeacock_ncdenr,9/9/2024 8:05:14 PM,jdpeacock_ncdenr,2024 W. Main Street,Durham,Durham,BRS-Property Management,4.66,9/11/2015 12:00:00 AM,-78.9232320159445,36.008053635731,"https://www.google.com/maps/dir/?api=1&destination=36.00805363573095,-78.923232015944478&travelmode=driving",https://edocs.deq.nc.gov/WasteManagement/edoc/662625/16007_The Mill Bldg at Erwin Square (Amended)_LURUModel_2017_01_18.docx?dbid=0&repo=WasteManagement,2022706.46976663,821836.240377396
302,1602612065,16026-12-065,Dean Hardwoods - New,Recorded,b09f60ad-4f0d-4305-8b66-62b895d1ff33,8/28/2017 7:54:32 PM,jdpeacock_ncdenr,7/16/2025 9:17:16 PM,jdpeacock_ncdenr,1 Cowan Street,Wilmington,New Hanover,BRS-Property Management,11.07,8/20/2013 12:00:00 AM,-77.9499015550986,34.2498964163289,"https://www.google.com/maps/dir/?api=1&destination=34.24989641632892,-77.94990155509856&travelmode=driving",https://edocs.deq.nc.gov/WasteManagement/edoc/839523/16026_Dean Hardwoods - New_LURU Model_20171130.docx?dbid=0&repo=WasteManagement,2317351.29058081,183617.686764568
303,1601212096,16012-12-096,South John Street Project,Recorded,b4410a50-a07a-40b6-b6e3-d71a99fe3890,8/28/2017 7:54:32 PM,jdpeacock_ncdenr,7/16/2025 9:17:16 PM,jdpeacock_ncdenr,714 South John Street,Goldsboro,Wayne,BRS-Property Management,5.18,9/30/2013 12:00:00 AM,-77.9984484567761,35.3734584703951,"https://www.google.com/maps/dir/?api=1&destination=35.37345847039515,-77.99844845677609&travelmode=driving",https://edocs.deq.nc.gov/WasteManagement/edoc/839507/16012_South John St Project_LURU Model_20171130.docx?dbid=0&repo=WasteManagement,2298555.00304222,592350.244625896
304,1601712085,16017-12-085,Carolina Medical Electronics (RN),Recorded,e046adcd-0e1d-4cda-bbc9-b4ff002b53a3,8/28/2017 7:54:32 PM,jdpeacock_ncdenr,9/9/2024 6:13:04 PM,jdpeacock_ncdenr,157 Industrial Drive,King,Stokes,David Peacock,6.24,2/5/2013 12:00:00 AM,-80.3732226987055,36.2671484611815,"https://www.google.com/maps/dir/?api=1&destination=36.267148461181478,-80.373222698705476&travelmode=driving",https://edocs.deq.nc.gov/WasteManagement/edoc/745771/16017_Carolina Medical Electronics_LURUModel_20170921.docx?dbid=0&repo=WasteManagement,1595160.50366606,918949.465769976
305,1602512065,16025-12-065,WSFX - New,Recorded,1b9a912a-62d0-4adb-a6b1-7f062caf5a5e,8/28/2017 7:54:32 PM,jdpeacock_ncdenr,7/16/2025 9:17:16 PM,jdpeacock_ncdenr,1926 Oleander Drive,Wilmington,New Hanover,BRS-Property Management,2.08,7/23/2013 12:00:00 AM,-77.9239909969143,34.2247528958665,"https://www.google.com/maps/dir/?api=1&destination=34.224752895866466,-77.92399099691431&travelmode=driving",https://edocs.deq.nc.gov/WasteManagement/edoc/839515/16025_WSFX - New_LURU Model_20171130.docx?dbid=0&repo=WasteManagement,2325280.60838355,174551.293480054
306,1603512032,16035-12-032,Kent Corner,Recorded,6bc795d4-8907-4b1e-a755-617212e262b3,8/28/2017 7:54:32 PM,jdpeacock_ncdenr,11/3/2023 8:59:19 PM,jdpeacock_ncdenr,"709, 707, 705 Kent St; 1201, 1121, 1119, 1117, 1115, 1111 W. Chapel Hill Street",Durham,Durham,Sharon Eckard,3.61,10/16/2013 12:00:00 AM,-78.9173412869503,35.9962130427253,"https://www.google.com/maps/dir/?api=1&destination=35.996213042725287,-78.9173412869503&travelmode=driving",https://edocs.deq.nc.gov/WasteManagement/edoc/745772/16035_Kent Corner_LURUModel_20170921.docx?dbid=0&repo=WasteManagement,2024452.35866331,817527.394664392
307,1604512032,16045-12-032,Liggett Apartments (RN),Recorded,4bab65f7-9a3c-49d2-b25b-12b6375fc875,8/28/2017 7:54:32 PM,jdpeacock_ncdenr,9/4/2025 8:11:06 PM,jdpeacock_ncdenr,600 West Main Street,Durham,Durham,BRS-Property Management,4.91,9/25/2013 12:00:00 AM,-78.9057753732117,35.9985393315787,"https://www.google.com/maps/dir/?api=1&destination=35.998539331578748,-78.90577537321165&travelmode=driving",https://edocs.deq.nc.gov/WasteManagement/edoc/745773/16045_Liggett Apartments_LURUModel_20170921.docx?dbid=0&repo=WasteManagement,2027872.90529989,818377.263043389
308,1605312054,16053-12-054,Dollar General - Kinston,Recorded,37381544-76bf-4f16-95c0-00f89b929c7b,8/28/2017 7:54:32 PM,jdpeacock_ncdenr,7/16/2025 9:17:16 PM,jdpeacock_ncdenr,Corner Of King And East Streets,Kinston,Lenoir,BRS-Property Management,1.58,4/16/2013 12:00:00 AM,-77.5752486893387,35.2584075463345,"https://www.google.com/maps/dir/?api=1&destination=35.25840754633448,-77.57524868933872&travelmode=driving",https://edocs.deq.nc.gov/WasteManagement/edoc/839525/16053_General Dollar Kinston_LURU Model_20171130.docx?dbid=0&repo=WasteManagement,2425300.91162339,552023.384006813
309,1606212076,16062-12-076,Beaman Corp. (RN),Recorded,209eed48-0196-4090-bc90-58a070a77041,8/28/2017 7:54:32 PM,jdpeacock_ncdenr,9/9/2024 8:05:14 PM,jdpeacock_ncdenr,6303 Old 421 Road,Liberty,Randolph,BRS-Property Management,27.04,8/2/2013 12:00:00 AM,-79.580265998134,35.8857712713932,"https://www.google.com/maps/dir/?api=1&destination=35.88577127139319,-79.58026599813398&travelmode=driving",https://edocs.deq.nc.gov/WasteManagement/edoc/745775/16062_Beaman Corp Former_LURUModel_20170921.docx?dbid=0&repo=WasteManagement,1828116.35993189,777817.195869729
310,1700513016,17005-13-016,Morehead City Main (RN),Recorded,78e458c8-7979-4cde-aabf-3cf40111fab1,8/28/2017 7:54:32 PM,jdpeacock_ncdenr,9/9/2024 8:05:14 PM,jdpeacock_ncdenr,2806 Arendell Street,Morehead City,Carteret,BRS-Property Management,1.54,9/19/2013 12:00:00 AM,-76.7420243902208,34.7241608261761,"https://www.google.com/maps/dir/?api=1&destination=34.724160826176117,-76.7420243902208&travelmode=driving",https://edocs.deq.nc.gov/WasteManagement/edoc/839534/18026_Power House Square_LURU Model_20171130.docx?dbid=0&repo=WasteManagement,2678412.4149138,362255.737296149
311,803504055,08035-04-055,Fabrictex,Recorded,d8d97c98-9bad-425e-a2e3-5eecfa1a8d82,8/28/2017 7:54:32 PM,jdpeacock_ncdenr,9/9/2024 7:42:16 PM,jdpeacock_ncdenr,376 Clark Creek Rd,Lincolnton,Lincoln,BRS-Property Management,14.416,5/9/2012 12:00:00 AM,-81.245708031821,35.5108875893999,"https://www.google.com/maps/dir/?api=1&destination=35.51088758939987,-81.245708031821&travelmode=driving",https://edocs.deq.nc.gov/WasteManagement/edoc/838806/08035_Fabrictex_LURUMode_20171003.docx?dbid=0&repo=WasteManagement,1331751.06919989,648421.80046156
312,903205011,09032-05-011,Pond Road Landfill,Recorded,93620dce-598d-4375-86c1-3d6fa6587181,8/28/2017 7:54:32 PM,jdpeacock_ncdenr,11/3/2023 8:59:22 PM,jdpeacock_ncdenr,79 Pond Rd,Asheville,Buncombe,Tracy Wahl,4.73,6/5/2012 12:00:00 AM,-82.6038548308464,35.5462732592201,"https://www.google.com/maps/dir/?api=1&destination=35.54627325922013,-82.6038548308464&travelmode=driving",https://edocs.deq.nc.gov/WasteManagement/edoc/838807/09032_Pond Road Landfill_LURUModel_2012_11_05.docx?dbid=0&repo=WasteManagement,928222.260117382,673198.867049053
313,903905041,09039-05-041,Edmunds Manufacturing,Recorded,b5e52923-c075-49b7-9057-b4d96de09fb7,8/28/2017 7:54:32 PM,jdpeacock_ncdenr,9/9/2024 7:42:17 PM,jdpeacock_ncdenr,1016 Battleground Ave,Greensboro,Guilford,BRS-Property Management,4.48,12/20/2012 12:00:00 AM,-79.8009845025829,36.0818283569948,"https://www.google.com/maps/dir/?api=1&destination=36.08182835699481,-79.8009845025829&travelmode=driving",https://edocs.deq.nc.gov/WasteManagement/edoc/745750/09039_Edmunds Mfg_LURUModel_20170913.docx?dbid=0&repo=WasteManagement,1763312.93802981,849638.503670394
314,1004506032,10045-06-032,Nu-Tread Tire Company,Recorded,f44b0a8f-3262-4b4c-94b6-ddb3add724dd,8/28/2017 7:54:32 PM,jdpeacock_ncdenr,11/3/2023 8:59:22 PM,jdpeacock_ncdenr,545 Foster St,Durham,Durham,Sharon Eckard,0.37,1/20/2012 12:00:00 AM,-78.9017693808233,36.0018909680604,"https://www.google.com/maps/dir/?api=1&destination=36.0018909680604,-78.9017693808233&travelmode=driving",https://edocs.deq.nc.gov/WasteManagement/edoc/1277426/19005_Nu-Tread%20Tire%20II_LURU%20Model.docx?dbid=0&repo=WasteManagement,2029056.68934964,819598.482385725
315,1103807092,11038-07-092,Edison Project,Recorded,e08c8d1f-2f59-4e76-bdc4-29eca98fc4b7,8/28/2017 7:54:32 PM,jdpeacock_ncdenr,9/9/2024 7:42:17 PM,jdpeacock_ncdenr,305 And 327 South Wilmington Street,Raleigh,Wake,BRS-Property Management,2.83,10/9/2012 12:00:00 AM,-78.6371760031592,35.7758303991749,"https://www.google.com/maps/dir/?api=1&destination=35.775830399174886,-78.63717600315921&travelmode=driving",https://edocs.deq.nc.gov/WasteManagement/edoc/838810/11038_Edison Project_LURUModel_2012_11_14.docx?dbid=0&repo=WasteManagement,2107621.95380671,737493.041610062
316,1203508060,12035-08-060,West Morehead Upfit,Recorded,3d09bb87-d4c9-4689-a951-07f2a5178465,8/28/2017 7:54:32 PM,jdpeacock_ncdenr,11/3/2023 8:59:22 PM,jdpeacock_ncdenr,"2401 W. Morehead St; 2225, 2215 Arty Ave; 2300 Wilkinson Blvd",Charlotte,Mecklenburg,Carolyn Minnich,2.13,3/26/2012 12:00:00 AM,-80.8773283208575,35.2242106118298,"https://www.google.com/maps/dir/?api=1&destination=35.22421061182978,-80.87732832085753&travelmode=driving",https://edocs.deq.nc.gov/WasteManagement/edoc/839279/12035_West Morehead_LURU Model_20171121.docx?dbid=0&repo=WasteManagement,1439381.51174697,541826.692457974
317,1300209011,13002-09-011,Historic Biltmore Village II,Recorded,6b51b63d-178d-471d-933f-4ef93c2d6bd6,8/28/2017 7:54:32 PM,jdpeacock_ncdenr,11/3/2023 8:59:23 PM,jdpeacock_ncdenr,One Fairview Road,Asheville,Buncombe,Tracy Wahl,1.26,4/9/2012 12:00:00 AM,-82.5388863496614,35.5666752842382,"https://www.google.com/maps/dir/?api=1&destination=35.56667528423818,-82.53888634966141&travelmode=driving",https://edocs.deq.nc.gov/WasteManagement/edoc/838812/13002_Historic Biltmore Village II_LURUModel_2012_10_24.docx?dbid=0&repo=WasteManagement,947800.147470728,679924.751235068
318,1301809011,13018-09-011,Wilma Dykeman Riverway,Recorded,265d7f0e-33bc-40bd-a63c-1b50c32b2c98,8/28/2017 7:54:32 PM,jdpeacock_ncdenr,11/3/2023 8:59:23 PM,jdpeacock_ncdenr,14 Riverside Drive,Asheville,Buncombe,Tracy Wahl,0.28,5/25/2012 12:00:00 AM,-82.5668097577746,35.5849506309171,"https://www.google.com/maps/dir/?api=1&destination=35.584950630917135,-82.5668097577746&travelmode=driving",https://edocs.deq.nc.gov/WasteManagement/edoc/838815/13018_Wilma Dykeman Riverway_LURUModel_2012_11_07.docx?dbid=0&repo=WasteManagement,939740.315821394,686869.30296272
319,1301909033,13019-09-033,Planters Oil Mill,Recorded,a85d4e05-3031-413e-996c-59c0d8262123,8/28/2017 7:54:32 PM,jdpeacock_ncdenr,11/3/2023 8:59:23 PM,jdpeacock_ncdenr,1004 Cokey Road,Rocky Mount,Edgecombe,Sharon Eckard,7.03,6/14/2012 12:00:00 AM,-77.7904964053377,35.9289358518654,"https://www.google.com/maps/dir/?api=1&destination=35.928935851865418,-77.790496405337748&travelmode=driving",https://edocs.deq.nc.gov/WasteManagement/edoc/664233/13019_Planters Oil Mill_LURUModel_2012_11_19.docx?dbid=0&repo=WasteManagement,2358077.65368173,795208.575128898
320,1400510045,14005-10-045,Fletcher Outpatient Medical Facility,Recorded,da00f0eb-d8f6-4a37-ba64-de4ada88f30a,8/28/2017 7:54:32 PM,jdpeacock_ncdenr,11/3/2023 8:59:24 PM,jdpeacock_ncdenr,2765 Hendersonville Road,Fletcher,Henderson,Tracy Wahl,9,11/19/2012 12:00:00 AM,-82.5081797972507,35.4434631972277,"https://www.google.com/maps/dir/?api=1&destination=35.44346319722767,-82.5081797972507&travelmode=driving",https://edocs.deq.nc.gov/WasteManagement/edoc/838817/14005_Fletcher Outpatient Med Facility_LURUModel_2014_01_02.docx?dbid=0&repo=WasteManagement,955341.689474225,634783.789023727
321,1400810018,14008-10-018,Hollar Hosiery Mill,Recorded,4e2acb8c-6b93-4631-9fb2-683a6fc97956,8/28/2017 7:54:32 PM,jdpeacock_ncdenr,11/3/2023 8:59:24 PM,jdpeacock_ncdenr,"883 Highland Avenue, Southeast",Hickory,Catawba,Tracy Wahl,2.07,8/28/2012 12:00:00 AM,-81.3256359573441,35.7355463076448,"https://www.google.com/maps/dir/?api=1&destination=35.7355463076448,-81.325635957344076&travelmode=driving",https://edocs.deq.nc.gov/WasteManagement/edoc/838818/14008_Hollar Hosiery_LURUModel_2013_01_09.docx?dbid=0&repo=WasteManagement,1309886.88359764,730717.481014222
322,1401010060,14010-10-060,Wesley Village II,Recorded,24e9c697-78ad-40f3-83ff-ea7312e85abf,8/28/2017 7:54:32 PM,jdpeacock_ncdenr,5/11/2026 9:26:46 PM,jdpeacock_ncdenr,2000 Wesley Village Rd; 2000 Rushing Creek Ln,Charlotte,Mecklenburg,BRS-Property Management,2.9,8/28/2012 12:00:00 AM,-80.8699415701771,35.2315349684831,"https://www.google.com/maps/dir/?api=1&destination=35.231534968483118,-80.86994157017712&travelmode=driving",https://edocs.deq.nc.gov/WasteManagement/edoc/664237/14010_Wesley Village II_LURUModel_2012_11_20.docx?dbid=0&repo=WasteManagement,1441637.33695972,544450.247250229
323,1401110016,14011-10-016,Pace Conservation Center,Recorded,7f30faeb-e172-453d-97e8-0332c585f200,8/28/2017 7:54:32 PM,jdpeacock_ncdenr,8/7/2026 5:05:12 PM,jdpeacock_ncdenr,Freedom Park Rd; Lennoxville Rd,Beaufort,Carteret,Joellen Meitl,10.01,6/15/2012 12:00:00 AM,-76.6380598513092,34.7162468503473,"https://www.google.com/maps/dir/?api=1&destination=34.7162468503473,-76.63805985130915&travelmode=driving",https://edocs.deq.nc.gov/WasteManagement/edoc/664238/14011_Pace Conservation_LURUModel_2012_10_31.docx?dbid=0&repo=WasteManagement,2709711.44713189,360103.266535476
324,1401910074,14019-10-074,Kings Arms,Recorded,d6f09270-46fa-435f-a99d-f39c6597e32a,8/28/2017 7:54:32 PM,jdpeacock_ncdenr,9/9/2024 7:42:18 PM,jdpeacock_ncdenr,1209 Charles Blvd.,Greenville,Pitt,BRS-Property Management,15.81,3/14/2012 12:00:00 AM,-77.369171951159,35.6024078940688,"https://www.google.com/maps/dir/?api=1&destination=35.602407894068818,-77.369171951159018&travelmode=driving",https://edocs.deq.nc.gov/WasteManagement/edoc/664239/14019_Kings Arms_LURUModel_2015_04_29.docx?dbid=0&repo=WasteManagement,2484754.59750581,678155.354183316
325,1403510060,14035-10-060,Harris Auto & Body Shop,Recorded,36ae5d6b-f829-40e9-bcc3-6764f493da98,8/28/2017 7:54:32 PM,jdpeacock_ncdenr,11/3/2023 8:59:25 PM,jdpeacock_ncdenr,2300 Statesville Avenue,Charlotte,Mecklenburg,Carolyn Minnich,1.19,7/26/2012 12:00:00 AM,-80.8352378385699,35.2522683642085,"https://www.google.com/maps/dir/?api=1&destination=35.25226836420846,-80.83523783857&travelmode=driving",https://edocs.deq.nc.gov/WasteManagement/edoc/664242/14035_Harris%20Auto_LURU%20Model.docx?dbid=0&repo=WasteManagement,1452138.15355647,551801.400198817
326,1403610081,14036-10-081,Andale,Recorded,8fdf1839-67ba-4c5b-b735-e3cc84ae54be,8/28/2017 7:54:32 PM,jdpeacock_ncdenr,12/5/2023 3:49:44 PM,jdpeacock_ncdenr,1181 Old Caroleen Road,Forest City,Rutherford,Jordan Thompson,153,6/7/2023 12:00:00 AM,-81.8235456145944,35.3155743393879,"https://www.google.com/maps/dir/?api=1&destination=35.3155743393879,-81.8235456145944&travelmode=driving",https://edocs.deq.nc.gov/WasteManagement/edoc/1280534/14036_Andale (Project Lucy)_LURU Model.docx?dbid=0&repo=WasteManagement,1157825.38194697,581754.930186644
327,1404010060,14040-10-060,Union Carbide (RN),Recorded,4a21903d-7e7f-4ab0-8bc4-4c1c286dfee4,8/28/2017 7:54:32 PM,jdpeacock_ncdenr,9/9/2024 8:05:14 PM,jdpeacock_ncdenr,5400 Hovis Road,Charlotte,Mecklenburg,BRS-Property Management,17.65,8/21/2012 12:00:00 AM,-80.8958972133441,35.2727836315087,"https://www.google.com/maps/dir/?api=1&destination=35.272783631508737,-80.895897213344128&travelmode=driving",https://edocs.deq.nc.gov/WasteManagement/edoc/664243/14040_Union Carbide_LURUModel_2016_02_17.docx?dbid=0&repo=WasteManagement,1434174.6258353,559606.811753318
328,1500111092,15001-11-092,Retreat at Raleigh (RN),Recorded,64467a9a-03cc-46cd-92da-09c747421dad,8/28/2017 7:54:32 PM,jdpeacock_ncdenr,9/9/2024 8:05:14 PM,jdpeacock_ncdenr,Waycross St; Hillsborough St; Oakdale Dr,Raleigh,Wake,BRS-Property Management,23.81,10/28/2011 12:00:00 AM,-78.7306034989169,35.7839237499624,"https://www.google.com/maps/dir/?api=1&destination=35.78392374996236,-78.73060349891695&travelmode=driving",https://edocs.deq.nc.gov/WasteManagement/edoc/838824/15001_Retreat at Raleigh_LURUModel_2012_01_10.docx?dbid=0&repo=WasteManagement,2079901.50038947,740350.712731972
329,1500911026,15009-11-026,McGill Property,Recorded,01c18c1e-95a0-433d-813b-10cd846bc6f4,8/28/2017 7:54:32 PM,jdpeacock_ncdenr,9/9/2024 7:42:18 PM,jdpeacock_ncdenr,"5860, 5862, 5864, 5866 Yadkin Rd",Fayetteville,Cumberland,BRS-Property Management,1.76,3/7/2012 12:00:00 AM,-78.985026838037,35.0938368351144,"https://www.google.com/maps/dir/?api=1&destination=35.093836835114367,-78.985026838036987&travelmode=driving",https://edocs.deq.nc.gov/WasteManagement/edoc/664246/15009_McGill Property_LURUModel_2012_10_29.docx?dbid=0&repo=WasteManagement,2004479.60562989,489077.454452723
330,1501411060,15014-11-060,Willard Lead ROW,Recorded,28d90ee1-ebf8-4118-b3e0-adc1035ee040,8/28/2017 7:54:32 PM,jdpeacock_ncdenr,11/3/2023 8:59:26 PM,jdpeacock_ncdenr,122 New Bern Street,Charlotte,Mecklenburg,Carolyn Minnich,0.18,3/14/2012 12:00:00 AM,-80.8712888882342,35.1990770823243,"https://www.google.com/maps/dir/?api=1&destination=35.1990770823243,-80.871288888234247&travelmode=driving",https://edocs.deq.nc.gov/WasteManagement/ElectronicFile.aspx?docid=664247&dbid=0&repo=WasteManagement,1441012.4113723,532647.070397317
331,1501811011,15018-11-011,Clark Equipment,Recorded,d39eae76-8ad3-4010-bfd7-07b6a395ce11,8/28/2017 7:54:32 PM,jdpeacock_ncdenr,11/3/2023 8:59:26 PM,jdpeacock_ncdenr,2169 Hendersonville Road,Asheville,Buncombe,Tracy Wahl,65.21,11/13/2012 12:00:00 AM,-82.5299679849325,35.4799418537259,"https://www.google.com/maps/dir/?api=1&destination=35.4799418537259,-82.529967984932526&travelmode=driving",https://edocs.deq.nc.gov/WasteManagement/edoc/838825/15018_Clark Equipment_LURUModel_2012_12_11.docx?dbid=0&repo=WasteManagement,949328.384571716,648282.214126557
332,1503511060,15035-11-060,Sun Chemical - Charlotte,Recorded,707eb92b-2ff3-4fe6-81fe-7c3ddaae561e,8/28/2017 7:54:32 PM,jdpeacock_ncdenr,11/3/2023 8:59:27 PM,jdpeacock_ncdenr,1701 Westinghouse Blvd.,Charlotte,Mecklenburg,Carolyn Minnich,15.35,12/15/2012 12:00:00 AM,-80.9371441986033,35.1251184678,"https://www.google.com/maps/dir/?api=1&destination=35.12511846780003,-80.93714419860335&travelmode=driving",https://edocs.deq.nc.gov/WasteManagement/edoc/839480/15035_Sun Chemical Charlotte_LURU Model_20171129.docx?dbid=0&repo=WasteManagement,1420817.46029247,506112.95548664
333,1503911095,15039-11-095,University Nissian,Recorded,588f241c-3f7d-46c6-9f0c-b0fc0bc69c5b,8/28/2017 7:54:32 PM,jdpeacock_ncdenr,11/3/2023 8:59:27 PM,jdpeacock_ncdenr,Us Hwy 421 S,Boone,Watauga,Tracy Wahl,3.21,12/19/2012 12:00:00 AM,-81.6342550820241,36.2223617457322,"https://www.google.com/maps/dir/?api=1&destination=36.22236174573222,-81.63425508202411&travelmode=driving",https://edocs.deq.nc.gov/WasteManagement/edoc/745770/15039_University Nissa_LURUModel_20170921.docx?dbid=0&repo=WasteManagement,1223028.81420389,910153.765841723
334,1504111049,15041-11-049,Mooresville Crossroads (RN),Recorded,7ee4fed9-30a9-4fcb-948a-1cc24c55fce7,8/28/2017 7:54:32 PM,jdpeacock_ncdenr,9/4/2025 8:11:06 PM,jdpeacock_ncdenr,509 River Hwy,Mooresville,Iredell,BRS-Property Management,6.9,8/10/2012 12:00:00 AM,-80.8641879048628,35.5927443566442,"https://www.google.com/maps/dir/?api=1&destination=35.592744356644175,-80.864187904862845&travelmode=driving",https://edocs.deq.nc.gov/WasteManagement/edoc/838826/15041_Mooresville Crossroads_LURUModel_20121119.docx?dbid=0&repo=WasteManagement,1445823.80562089,675859.776097313
335,1602312092,16023-12-092,Warehouse District (RN),Recorded,8a07180f-5a04-4f22-985a-abb249a15980,8/28/2017 7:54:32 PM,jdpeacock_ncdenr,9/9/2024 8:05:14 PM,jdpeacock_ncdenr,"110,114,120 S. West St; 501 W. Morgan St",Raleigh,Wake,BRS-Property Management,2.41,11/27/2012 12:00:00 AM,-78.6465365909454,35.779178732064,"https://www.google.com/maps/dir/?api=1&destination=35.779178732064025,-78.6465365909454&travelmode=driving",https://edocs.deq.nc.gov/WasteManagement/edoc/838828/16023_Warehouse District_LURUModel_2017_01_18.docx?dbid=0&repo=WasteManagement,2104841.08108763,738701.787552148
336,1404310012,14043-10-012,Morganton Heights (RN),Recorded,64dea4ee-7d86-42dd-b17e-51c42df7277a,8/28/2017 7:54:32 PM,jdpeacock_ncdenr,9/4/2025 8:11:06 PM,jdpeacock_ncdenr,400 Henredon Drive,Morganton,Burke,BRS-Property Management,103.675,10/5/2011 12:00:00 AM,-81.7026840001982,35.7265582488398,"https://www.google.com/maps/dir/?api=1&destination=35.726558248839815,-81.702684000198218&travelmode=driving",https://edocs.deq.nc.gov/WasteManagement/edoc/838823/14043_Morganton Heights_LURUModel_2012_02_16.docx?dbid=0&repo=WasteManagement,1197937.54155189,730280.779131725
337,1500811032,15008-11-032,Durham Central Park Co-Housing Community,Recorded,513b3af2-9507-468e-af9b-51cb5f41e0ed,8/28/2017 7:54:32 PM,jdpeacock_ncdenr,9/9/2024 7:42:18 PM,jdpeacock_ncdenr,"128, 132 Hunt Street",Durham,Durham,BRS-Property Management,0.58,12/16/2011 12:00:00 AM,-78.8990486815741,36.0002751603305,"https://www.google.com/maps/dir/?api=1&destination=36.000275160330538,-78.899048681574058&travelmode=driving",https://edocs.deq.nc.gov/WasteManagement/edoc/664245/15008_Durham Central Park_LURUModel_2017_01_18.docx?dbid=0&repo=WasteManagement,2029862.04961555,819011.099374145
338,1403110071,14031-10-071,BASF Facility Pender County,Recorded,fc5478ff-2b4a-4e72-b998-658272ffef5c,8/28/2017 7:54:32 PM,jdpeacock_ncdenr,7/16/2025 9:17:16 PM,jdpeacock_ncdenr,110 Vitamin Drive,Wilmington,Pender,BRS-Property Management,396.65,12/16/2011 12:00:00 AM,-78.0086034208156,34.3350414008267,"https://www.google.com/maps/dir/?api=1&destination=34.33504140082674,-78.008603420815618&travelmode=driving",https://edocs.deq.nc.gov/WasteManagement/edoc/664241/14031_BASF Pender Co_LURUModel_2012_10_09.docx?dbid=0&repo=WasteManagement,2299302.13048497,214421.340380222
339,1302009041,13020-09-041,Newman Machine,Recorded,6cb237af-26d1-446e-ab3f-b632bbdee59b,8/28/2017 7:54:32 PM,jdpeacock_ncdenr,9/9/2024 7:42:19 PM,jdpeacock_ncdenr,Jackson St; Lilly Ave; Fulton St; Spring Garden St,Greensboro,Guilford,BRS-Property Management,10.05,12/28/2011 12:00:00 AM,-79.8013333754175,36.0658864205119,"https://www.google.com/maps/dir/?api=1&destination=36.0658864205119,-79.801333375417485&travelmode=driving",https://edocs.deq.nc.gov/WasteManagement/edoc/838816/13020_Newman Machine_LURUModel_2012_10_29.docx?dbid=0&repo=WasteManagement,1763163.00361839,843836.126495644
340,100197060,01001-97-060,Camden Square,Recorded,b09b4088-64fe-4cd2-b059-22b16f91a8d1,8/28/2017 7:54:32 PM,jdpeacock_ncdenr,9/9/2024 7:42:19 PM,jdpeacock_ncdenr,127 W Worthington Ave,Charlotte,Mecklenburg,BRS-Property Management,0.89,4/6/1998 12:00:00 AM,-80.8609237104403,35.2111942937514,"https://www.google.com/maps/dir/?api=1&destination=35.211194293751447,-80.86092371044029&travelmode=driving",https://edocs.deq.nc.gov/WasteManagement/ElectronicFile.aspx?docid=741821&dbid=0&repo=WasteManagement,1444190.9817868,536998.071865901
341,100297092,01002-97-092,Pilot Mills,Recorded,0862d4af-c16f-4a44-9c8c-2f11514d6451,8/28/2017 7:54:32 PM,jdpeacock_ncdenr,9/9/2024 7:42:19 PM,jdpeacock_ncdenr,1121 Haynes St,Raleigh,Wake,BRS-Property Management,6.8,12/2/1998 12:00:00 AM,-78.6379696523908,35.7950281067962,"https://www.google.com/maps/dir/?api=1&destination=35.7950281067962,-78.63796965239075&travelmode=driving",https://edocs.deq.nc.gov/WasteManagement/edoc/741769/01002_Pilot Mills_LURU Model_20170912.docx?dbid=0&repo=WasteManagement,2107361.05800305,744479.990890726
342,100397011,01003-97-011,Carolina Production Finishing Co.,Recorded,eaf2696e-d23f-4d9d-b541-400714618471,8/28/2017 7:54:32 PM,jdpeacock_ncdenr,9/9/2024 7:42:20 PM,jdpeacock_ncdenr,105 Fairview Rd,Asheville,Buncombe,BRS-Property Management,7.4,1/12/2022 12:00:00 AM,-82.5347573071454,35.5654783120379,"https://www.google.com/maps/dir/?api=1&destination=35.56547831203786,-82.534757307145355&travelmode=driving",https://edocs.deq.nc.gov/WasteManagement/edoc/273942/01003_Carolina Production Finishing_LURUModel_2016_08_01.docx?dbid=0&repo=WasteManagement,949011.787763968,679445.62489672
343,100797034,01007-97-034,Food Lion,Recorded,2197bfb4-f785-42bc-b256-0abb4dbdf65e,8/28/2017 7:54:32 PM,jdpeacock_ncdenr,9/9/2024 7:42:20 PM,jdpeacock_ncdenr,Waughtown; Sprague Sts.,Winston-Salem,Forsyth,BRS-Property Management,4.37,11/9/1999 12:00:00 AM,-80.2193228110389,36.0686389782181,"https://www.google.com/maps/dir/?api=1&destination=36.06863897821805,-80.21932281103892&travelmode=driving",https://edocs.deq.nc.gov/WasteManagement/edoc/741771/01007_Food Lion_LURU Model_20170912.docx?dbid=0&repo=WasteManagement,1639641.7365538,846095.387068972
344,200298060,02002-98-060,Dynatech,Recorded,66fb7fd2-c4d1-4180-bd36-28787e00f385,8/28/2017 7:54:32 PM,jdpeacock_ncdenr,12/16/2024 3:00:51 PM,jdpeacock_ncdenr,2213 Toomey Ave,Charlotte,Mecklenburg,Carolyn Minnich,2.09,10/17/2003 12:00:00 AM,-80.8707623330178,35.2123208074421,"https://www.google.com/maps/dir/?api=1&destination=35.21232080744211,-80.87076233301782&travelmode=driving",,1441162.16993105,537505.434368223
345,200398041,02003-98-041,Cumberland Shopping Center,Recorded,25979dc8-287f-44c5-ad96-3f9732fdde69,8/28/2017 7:54:32 PM,jdpeacock_ncdenr,9/9/2024 7:42:21 PM,jdpeacock_ncdenr,709 E Market St,Greensboro,Guilford,BRS-Property Management,2.67,12/19/2001 12:00:00 AM,-79.7822119729521,36.0723897013012,"https://www.google.com/maps/dir/?api=1&destination=36.07238970130122,-79.78221197295208&travelmode=driving",https://edocs.deq.nc.gov/WasteManagement/edoc/741773/02003_Cumberland Shopping Center_LURU Model_20170912.docx?dbid=0&repo=WasteManagement,1768832.95881389,846158.384646401
346,200598007,02005-98-007,Singer Site,Recorded,c486c158-c8af-4eec-a99b-87411ba57366,8/28/2017 7:54:32 PM,jdpeacock_ncdenr,9/9/2024 7:42:22 PM,jdpeacock_ncdenr,357 Amilite Way,Chocowinity,Beaufort,BRS-Property Management,43,3/29/2001 12:00:00 AM,-77.1040548220497,35.5172678623247,"https://www.google.com/maps/dir/?api=1&destination=35.517267862324658,-77.10405482204966&travelmode=driving",https://edocs.deq.nc.gov/WasteManagement/edoc/741774/02005_Singer Site_LURU Model_20170912.docx?dbid=0&repo=WasteManagement,2564141.95775963,648572.41072464
347,200898060,02008-98-060,City West Commons,Recorded,54abf47a-f51e-4ce6-b2a4-ec14705c1e51,8/28/2017 7:54:32 PM,jdpeacock_ncdenr,11/3/2023 8:59:30 PM,jdpeacock_ncdenr,1506 West Blvd,Charlotte,Mecklenburg,Carolyn Minnich,4.73,9/5/2003 12:00:00 AM,-80.8827516651737,35.2170286841992,"https://www.google.com/maps/dir/?api=1&destination=35.2170286841992,-80.882751665173657&travelmode=driving",https://edocs.deq.nc.gov/WasteManagement/edoc/741775/02008_City West Commons_LURU Model_20170912.docx?dbid=0&repo=WasteManagement,1437712.58267014,539244.012255892
348,200998060,02009-98-060,C.C. Dickson,Recorded,d6e98853-e31c-4851-aae3-834128249436,8/28/2017 7:54:32 PM,jdpeacock_ncdenr,9/9/2024 7:42:22 PM,jdpeacock_ncdenr,1520 South Blvd,Charlotte,Mecklenburg,BRS-Property Management,2.84,7/7/2000 12:00:00 AM,-80.8557945759336,35.2144704628137,"https://www.google.com/maps/dir/?api=1&destination=35.214470462813665,-80.855794575933587&travelmode=driving",https://edocs.deq.nc.gov/WasteManagement/edoc/741776/02009_C.C. Dickson_LURU Model_20170912.docx?dbid=0&repo=WasteManagement,1445745.0318283,538161.527216151
349,300199060,03001-99-060,Terrell Machine,Recorded,26aad421-16ae-4113-8d22-93f98d3e7d37,8/28/2017 7:54:32 PM,jdpeacock_ncdenr,9/9/2024 7:42:22 PM,jdpeacock_ncdenr,3030 South Blvd,Charlotte,Mecklenburg,BRS-Property Management,4.23,1/29/2002 12:00:00 AM,-80.8694134134637,35.1983619432846,"https://www.google.com/maps/dir/?api=1&destination=35.19836194328457,-80.8694134134637&travelmode=driving",https://edocs.deq.nc.gov/WasteManagement/edoc/741777/03001_Terrell Machine_LURU Model_20170912.docx?dbid=0&repo=WasteManagement,1441567.68289955,532376.291083232
350,300399068,03003-99-068,Redman Homes (Barber & Ross),Recorded,5ceb5a3d-5fdf-4fd2-8bd4-6c60e078e88f,8/28/2017 7:54:32 PM,jdpeacock_ncdenr,9/8/2026 7:54:54 PM,jdpeacock_ncdenr,Redman Rd,Mebane,Orange,Joshawa Billiot,19.26,10/16/2003 12:00:00 AM,-79.2031021724218,36.0798725056169,"https://www.google.com/maps/dir/?api=1&destination=36.07987250561693,-79.20310217242182&travelmode=driving",https://edocs.deq.nc.gov/WasteManagement/edoc/741778/03003_Redman Homes (Barber & Ross)_LURU Model_20170912.docx?dbid=0&repo=WasteManagement,1939982.82550298,848033.009506062
351,300799077,03007-99-077,Tartan Marine,Recorded,c2dd7fa1-5f2a-48d5-99c7-be845cda2111,8/28/2017 7:54:32 PM,jdpeacock_ncdenr,9/9/2024 7:42:23 PM,jdpeacock_ncdenr,S Nc Highway 177,Hamlet,Richmond,BRS-Property Management,10,4/3/2001 12:00:00 AM,-79.7304046464495,34.8737471761637,"https://www.google.com/maps/dir/?api=1&destination=34.873747176163725,-79.7304046464495&travelmode=driving",https://edocs.deq.nc.gov/WasteManagement/edoc/741779/03007_Tartan Marine_LURU Model_20170912.docx?dbid=0&repo=WasteManagement,1780933.40967855,409784.870912224
352,400100060,04001-00-060,West Morehead,Recorded,a58d4840-19eb-4e3b-83c2-bf8dcd91f835,8/28/2017 7:54:32 PM,jdpeacock_ncdenr,9/9/2024 7:42:23 PM,jdpeacock_ncdenr,1310 W Morehead St,Charlotte,Mecklenburg,BRS-Property Management,1.13,2/1/2002 12:00:00 AM,-80.8629278322373,35.2295574540826,"https://www.google.com/maps/dir/?api=1&destination=35.2295574540826,-80.8629278322373&travelmode=driving",https://edocs.deq.nc.gov/WasteManagement/edoc/741780/04001_West Morehead_LURU Model_20170912.docx?dbid=0&repo=WasteManagement,1443717.88332355,543691.291419059
353,400300092,04003-00-092,Hillsborough Ventures,Recorded,6f84e7ff-4626-422b-a5b9-14b313670196,8/28/2017 7:54:32 PM,jdpeacock_ncdenr,9/9/2024 7:42:23 PM,jdpeacock_ncdenr,3011 Hillsborough St,Raleigh,Wake,BRS-Property Management,2.02,5/1/2001 12:00:00 AM,-78.677053993869,35.7894421562834,"https://www.google.com/maps/dir/?api=1&destination=35.78944215628336,-78.67705399386895&travelmode=driving",https://edocs.deq.nc.gov/WasteManagement/ElectronicFile.aspx?docid=741859&dbid=0&repo=WasteManagement,2095777.23832297,742406.755535901
354,400400012,04004-00-012,National Textiles,Recorded,f637dce6-eb64-4c45-b0fa-7220224ae4e8,8/28/2017 7:54:32 PM,jdpeacock_ncdenr,9/9/2024 8:05:14 PM,jdpeacock_ncdenr,100 Reep Dr,Morganton,Burke,BRS-Property Management,32,9/14/2007 12:00:00 AM,-81.7541038972047,35.7204293960574,"https://www.google.com/maps/dir/?api=1&destination=35.720429396057355,-81.7541038972047&travelmode=driving",https://edocs.deq.nc.gov/WasteManagement/edoc/741781/04004_National Textiles_LURU Model_2017912.docx?dbid=0&repo=WasteManagement,1182619.88780406,728470.218120307
355,400500095,04005-00-095,State Farm Road,Recorded,1aa4badc-f565-4a26-89b6-cb5e2a0a4011,8/28/2017 7:54:32 PM,jdpeacock_ncdenr,9/9/2024 7:42:24 PM,jdpeacock_ncdenr,660 State Farm Rd,Boone,Watauga,BRS-Property Management,5,9/4/2001 12:00:00 AM,-81.6608477259795,36.205127834452,"https://www.google.com/maps/dir/?api=1&destination=36.20512783445202,-81.6608477259795&travelmode=driving",https://edocs.deq.nc.gov/WasteManagement/edoc/741805/04005_State Farm Road Amended_LURU Model_20170913.docx?dbid=0&repo=WasteManagement,1215019.04675889,904091.100473642
356,400700060,04007-00-060,Lewith Textile,Recorded,571e3f95-49f1-43ba-970c-3908a77becd8,8/28/2017 7:54:32 PM,jdpeacock_ncdenr,9/9/2024 7:42:24 PM,jdpeacock_ncdenr,3539 Wilkinson Blvd,Charlotte,Mecklenburg,BRS-Property Management,33,12/17/2001 12:00:00 AM,-80.902921761398,35.2231067556696,"https://www.google.com/maps/dir/?api=1&destination=35.22310675566962,-80.902921761398&travelmode=driving",https://edocs.deq.nc.gov/WasteManagement/edoc/741806/04007_Lewith Textile LURU_Model_20170913.docx?dbid=0&repo=WasteManagement,1431731.87087831,541570.545660555
357,400800060,04008-00-060,Baldor Electric,Recorded,40797a36-f1bd-4558-b413-e43abc663098,8/28/2017 7:54:32 PM,jdpeacock_ncdenr,9/9/2024 7:42:25 PM,jdpeacock_ncdenr,3821 Barringer Dr,Charlotte,Mecklenburg,BRS-Property Management,5,5/31/2002 12:00:00 AM,-80.8873179731536,35.1965440225049,"https://www.google.com/maps/dir/?api=1&destination=35.19654402250492,-80.88731797315357&travelmode=driving",https://edocs.deq.nc.gov/WasteManagement/edoc/741807/04008_Baldor Electric_LURU Model_20170913.docx?dbid=0&repo=WasteManagement,1436207.27760988,531815.993319318
358,400900039,04009-00-039,Oxford Printing,Recorded,664dfe65-b9be-46de-aef6-1095c8706ea4,8/28/2017 7:54:32 PM,jdpeacock_ncdenr,9/9/2024 7:42:25 PM,jdpeacock_ncdenr,8 Industry Dr.,Oxford,Granville,BRS-Property Management,5,10/30/2001 12:00:00 AM,-78.6080980925941,36.2988779893072,"https://www.google.com/maps/dir/?api=1&destination=36.29887798930723,-78.60809809259413&travelmode=driving",https://edocs.deq.nc.gov/WasteManagement/edoc/741808/04009_Oxford Printing_LURU Model_20170913.docx?dbid=0&repo=WasteManagement,2115495.34357172,927928.970776811
359,401000034,04010-00-034,Airport Exxon,Recorded,d1ff4b40-9454-4c6e-a790-c5054a8abe35,8/28/2017 7:54:32 PM,jdpeacock_ncdenr,9/9/2024 7:42:25 PM,jdpeacock_ncdenr,3305 N Liberty St,Winston-Salem,Forsyth,BRS-Property Management,0.56,2/1/2008 12:00:00 AM,-80.2312159274232,36.1323349587525,"https://www.google.com/maps/dir/?api=1&destination=36.132334958752516,-80.231215927423165&travelmode=driving",https://edocs.deq.nc.gov/WasteManagement/edoc/741809/04010_Airport Exxon_LURU Model_20170913.docx?dbid=0&repo=WasteManagement,1636414.6032443,869324.716922566
360,401100041,04011-00-041,Cotton Mill Square,Recorded,222984d0-d68d-4722-8ad2-12f75620a090,8/28/2017 7:54:32 PM,jdpeacock_ncdenr,9/9/2024 7:42:26 PM,jdpeacock_ncdenr,801 Merrit Dr,Greensboro,Guilford,BRS-Property Management,13.16,3/22/2002 12:00:00 AM,-79.852010200318,36.0587854236561,"https://www.google.com/maps/dir/?api=1&destination=36.0587854236561,-79.85201020031796&travelmode=driving",https://edocs.deq.nc.gov/WasteManagement/edoc/741810/04011_Cotton Mill Square_LURU Model_20170913.docx?dbid=0&repo=WasteManagement,1748163.40304022,841375.961140394
361,401200023,04012-00-023,Smith Property,Recorded,02ab2b08-5122-4a33-9514-06b097188892,8/28/2017 7:54:32 PM,jdpeacock_ncdenr,9/9/2024 7:42:26 PM,jdpeacock_ncdenr,309 Campbell St,Shelby,Cleveland,BRS-Property Management,0.97,1/24/2002 12:00:00 AM,-81.5356557559618,35.2928389985121,"https://www.google.com/maps/dir/?api=1&destination=35.292838998512146,-81.53565575596181&travelmode=driving",https://edocs.deq.nc.gov/WasteManagement/edoc/741811/04012_Smith Property_LURU Model_20170913.docx?dbid=0&repo=WasteManagement,1243462.86159031,571165.230237484
362,401300079,04013-00-079,Vanier Graphics,Recorded,bd1759a1-45f7-4fbe-add4-223ae1bdd0a7,8/28/2017 7:54:32 PM,jdpeacock_ncdenr,9/9/2024 7:42:26 PM,jdpeacock_ncdenr,655 E Meadow Rd,Eden,Rockingham,BRS-Property Management,3.68,4/2/2002 12:00:00 AM,-79.7234312050131,36.5138234883719,"https://www.google.com/maps/dir/?api=1&destination=36.513823488371926,-79.72343120501314&travelmode=driving",https://edocs.deq.nc.gov/WasteManagement/edoc/741812/04013_Vanier Graphics_LURU Model_20170913.docx?dbid=0&repo=WasteManagement,1787375.36333005,1006735.36368865
363,401700049,04017-00-049,Burlington Mills,Recorded,10d84375-a6a0-41e8-916c-4a0cf70a442d,8/28/2017 7:54:32 PM,jdpeacock_ncdenr,9/9/2024 7:42:26 PM,jdpeacock_ncdenr,476 S Main St,Mooresville,Iredell,BRS-Property Management,39.29,6/14/2004 12:00:00 AM,-80.819700838387,35.5753986986283,"https://www.google.com/maps/dir/?api=1&destination=35.57539869862832,-80.81970083838698&travelmode=driving",https://edocs.deq.nc.gov/WasteManagement/edoc/741814/04017_Burlington Mills_LURU Model_20170913.docx?dbid=0&repo=WasteManagement,1458931.48970731,669302.10909456
364,401800065,04018-00-065,Flemington Landfill,Recorded,a3817fc2-183b-48de-82b7-9a35597a0fac,8/28/2017 7:54:32 PM,jdpeacock_ncdenr,12/1/2025 9:46:03 PM,jdpeacock_ncdenr,US Highway 421 N,Wilmington,New Hanover,Sydney Janda,65.47,8/3/2004 12:00:00 AM,-77.9678592222834,34.2770667141593,"https://www.google.com/maps/dir/?api=1&destination=34.277066714159275,-77.9678592222834&travelmode=driving",https://edocs.deq.nc.gov/WasteManagement/edoc/741818/04018_Flemington Landfill_LURU Model_20170913.docx?dbid=0&repo=WasteManagement,2311821.68681064,193448.613624975
365,500301059,05003-01-059,Alamac Knit Fabrics,Recorded,fde3aded-adba-42f9-ab4b-36a37858c8bd,8/28/2017 7:54:32 PM,jdpeacock_ncdenr,9/9/2024 7:42:27 PM,jdpeacock_ncdenr,NC Highway 125,Hamilton,Martin,BRS-Property Management,106,2/24/2002 12:00:00 AM,-77.1968896367234,35.9346155011504,"https://www.google.com/maps/dir/?api=1&destination=35.934615501150368,-77.19688963672337&travelmode=driving",https://edocs.deq.nc.gov/WasteManagement/edoc/741822/05003_Alamac Knit_LURU Model_20170913.docx?dbid=0&repo=WasteManagement,2533762.86333422,799942.2861339
366,500401060,05004-01-060,Anchor Mill,Recorded,f8db46db-7b18-4918-a935-7aa218ed056b,8/28/2017 7:54:32 PM,jdpeacock_ncdenr,2/7/2025 7:51:45 PM,jdpeacock_ncdenr,404 N. Church St,Huntersville,Mecklenburg,Stephanie Hempel,32,11/19/2002 12:00:00 AM,-80.8382133555929,35.4162638504328,"https://www.google.com/maps/dir/?api=1&destination=35.4162638504328,-80.838213355592927&travelmode=driving",https://edocs.deq.nc.gov/WasteManagement/edoc/741844/05004_Anchor Mill_LURU Model_20170913.docx?dbid=0&repo=WasteManagement,1452355.15968414,611494.039343476
367,500601060,05006-01-060,Brown Solvent Co.,Recorded,42df828a-1aa1-4480-9c75-7fa7de9cf422,8/28/2017 7:54:32 PM,jdpeacock_ncdenr,11/3/2023 8:59:36 PM,jdpeacock_ncdenr,2935 Griffith St,Charlotte,Mecklenburg,Carolyn Minnich,0.6,5/3/2004 12:00:00 AM,-80.8699854857522,35.2000383325685,"https://www.google.com/maps/dir/?api=1&destination=35.200038332568518,-80.86998548575222&travelmode=driving",https://edocs.deq.nc.gov/WasteManagement/edoc/741845/05006_Brown Solvent_LURU Model_20170913.docx?dbid=0&repo=WasteManagement,1441408.30526556,532989.511969641
368,500701045,05007-01-045,Carolina Log Buildings,Recorded,0bb97c99-2576-4659-ab39-0e12957a53d0,8/28/2017 7:54:32 PM,jdpeacock_ncdenr,11/3/2023 8:59:36 PM,jdpeacock_ncdenr,Howard Gap Rd,Fletcher,Henderson,Tracy Wahl,30,8/8/2005 12:00:00 AM,-82.498027239014,35.4284963454925,"https://www.google.com/maps/dir/?api=1&destination=35.42849634549251,-82.498027239014&travelmode=driving",https://edocs.deq.nc.gov/WasteManagement/edoc/741846/05007_Carolina Log_LURU Model_20170913.docx?dbid=0&repo=WasteManagement,958171.735651389,629233.16200164
369,501001060,05010-01-060,ABC Engravers (New PD),Recorded,2eb74e10-aca7-4e81-b26a-276d936381da,8/28/2017 7:54:32 PM,jdpeacock_ncdenr,11/3/2023 8:59:36 PM,jdpeacock_ncdenr,724 Montana Dr,Charlotte,Mecklenburg,Carolyn Minnich,5.1,11/11/2004 12:00:00 AM,-80.8701530102935,35.2654530762238,"https://www.google.com/maps/dir/?api=1&destination=35.265453076223778,-80.87015301029352&travelmode=driving",https://edocs.deq.nc.gov/WasteManagement/edoc/741847/05010_ABC Engravers_LURU Model_2170913.docx?dbid=0&repo=WasteManagement,1441806.75066289,556793.607077897
370,501101060,05011-01-060,East Park-Joal Realty,Recorded,f3bffe24-e8b2-410f-978e-7ba74cd124c6,8/28/2017 7:54:32 PM,jdpeacock_ncdenr,11/3/2023 8:59:36 PM,jdpeacock_ncdenr,1534 Elizabeth Ave,Charlotte,Mecklenburg,Carolyn Minnich,0.39,4/9/2003 12:00:00 AM,-80.8272552984026,35.2137270402733,"https://www.google.com/maps/dir/?api=1&destination=35.21372704027333,-80.82725529840263&travelmode=driving",https://edocs.deq.nc.gov/WasteManagement/edoc/741848/05011_East Park Joal Realty_LURU Model_20170913.docx?dbid=0&repo=WasteManagement,1454262.68638089,537732.890278146
371,501201060,05012-01-060,East Park-Kossove,Recorded,7c262367-101f-4d08-a39b-31d00703dff4,8/28/2017 7:54:32 PM,jdpeacock_ncdenr,11/3/2023 8:59:37 PM,jdpeacock_ncdenr,1515 E 4Th St,Charlotte,Mecklenburg,Carolyn Minnich,24,4/9/2003 12:00:00 AM,-80.8280140811045,35.2136196699095,"https://www.google.com/maps/dir/?api=1&destination=35.213619669909548,-80.82801408110451&travelmode=driving",https://edocs.deq.nc.gov/WasteManagement/edoc/741849/05012_East Park Kossove_LURU Model_20170913.docx?dbid=0&repo=WasteManagement,1454035.37023447,537697.992382064
372,501301011,05013-01-011,Fishburne Equipment,Recorded,f75026f2-168b-4266-9a51-7d0332a57cfb,8/28/2017 7:54:32 PM,jdpeacock_ncdenr,9/9/2024 7:42:28 PM,jdpeacock_ncdenr,Bradley Branch Rd,Arden,Buncombe,BRS-Property Management,2,1/10/2006 12:00:00 AM,-82.5264524478192,35.4523863950748,"https://www.google.com/maps/dir/?api=1&destination=35.452386395074818,-82.526452447819167&travelmode=driving",https://edocs.deq.nc.gov/WasteManagement/edoc/741850/05013_Fishburne Equipment_LURU Model_20170913.docx?dbid=0&repo=WasteManagement,950018.123349726,638222.219810888
373,501401041,05014-01-041,Guilford Mills,Recorded,9fed4295-8fb7-43f2-a749-dc067f64076f,8/28/2017 7:54:32 PM,jdpeacock_ncdenr,9/9/2024 7:42:28 PM,jdpeacock_ncdenr,W Wendover Ave,Greensboro,Guilford,BRS-Property Management,36.64,2/23/2003 12:00:00 AM,-79.885512220229,36.0574334914415,"https://www.google.com/maps/dir/?api=1&destination=36.0574334914415,-79.88551222022896&travelmode=driving",https://edocs.deq.nc.gov/WasteManagement/edoc/741851/05014_Guilford Mills_LURU Model_20170913.docx?dbid=0&repo=WasteManagement,1738256.73453338,840970.497384399
374,501601060,05016-01-060,Southern Mfg.,Recorded,4980bfa4-301e-480d-b612-54be66eedefa,8/28/2017 7:54:32 PM,jdpeacock_ncdenr,11/3/2023 8:59:37 PM,jdpeacock_ncdenr,1000 Seaboard St,Charlotte,Mecklenburg,Carolyn Minnich,9,7/17/2003 12:00:00 AM,-80.8451227377249,35.2397493901816,"https://www.google.com/maps/dir/?api=1&destination=35.239749390181636,-80.84512273772492&travelmode=driving",https://edocs.deq.nc.gov/WasteManagement/edoc/741852/05016_Southern Mfg_LURU Model_20170913.docx?dbid=0&repo=WasteManagement,1449102.93095239,547300.658872232
375,600102078,06001-02-078,Alamac American,Recorded,f7ce17c7-2f42-4115-b95e-d8f9a00605be,8/28/2017 7:54:32 PM,jdpeacock_ncdenr,8/5/2025 7:37:13 PM,jdpeacock_ncdenr,1885 Alamac Rd,Lumberton,Robeson,Claire Sorrell,194,2/21/2006 12:00:00 AM,-79.0007873132694,34.5904668151776,"https://www.google.com/maps/dir/?api=1&destination=34.59046681517764,-79.000787313269427&travelmode=driving",https://edocs.deq.nc.gov/WasteManagement/edoc/741853/06001_Alamac American_LURU Model_20170913.docx?dbid=0&repo=WasteManagement,1999763.84668872,305884.649579227
376,600402060,06004-02-060,Mallard Creek Road,Recorded,f1eb6e47-f1dd-40f3-8ba7-4f1fa3342c64,8/28/2017 7:54:32 PM,jdpeacock_ncdenr,11/3/2023 8:59:38 PM,jdpeacock_ncdenr,3021 Driwood Ct,Charlotte,Mecklenburg,Carolyn Minnich,21,4/20/2003 12:00:00 AM,-80.7717787392194,35.3400690369526,"https://www.google.com/maps/dir/?api=1&destination=35.34006903695261,-80.771778739219357&travelmode=driving",https://edocs.deq.nc.gov/WasteManagement/edoc/741854/06004_Mallard Creek_LURU Model_20170913.docx?dbid=0&repo=WasteManagement,1471650.4780488,583407.111593559
377,600502041,06005-02-041,Burlington-Jamestown,Recorded,e69ed829-6947-422e-9239-0f401fe059e0,8/28/2017 7:54:32 PM,jdpeacock_ncdenr,9/9/2024 7:42:28 PM,jdpeacock_ncdenr,6008 High Point Rd,Greensboro,Guilford,BRS-Property Management,22,11/21/2003 12:00:00 AM,-79.9063514655682,36.005400162206,"https://www.google.com/maps/dir/?api=1&destination=36.00540016220596,-79.9063514655682&travelmode=driving",https://edocs.deq.nc.gov/WasteManagement/edoc/741855/06005_Burlington-Jamestown_LURU Model_20170913.docx?dbid=0&repo=WasteManagement,1731924.1996263,822085.337320149
378,600602060,06006-02-060,Cherokee Oil,Recorded,29388200-b190-4a2f-995b-edc7ecd8fab4,8/28/2017 7:54:32 PM,jdpeacock_ncdenr,11/3/2023 8:59:38 PM,jdpeacock_ncdenr,925 S Summit Ave,Charlotte,Mecklenburg,Carolyn Minnich,2,1/20/2004 12:00:00 AM,-80.863613009944,35.2272247516488,"https://www.google.com/maps/dir/?api=1&destination=35.2272247516488,-80.863613009944046&travelmode=driving",https://edocs.deq.nc.gov/WasteManagement/edoc/741856/06006_Cherokee Oil_LURU Model_20170913.docx?dbid=0&repo=WasteManagement,1443497.37162547,542846.306232393
379,600702060,06007-02-060,Smith Metal & Iron,Recorded,34c27b3e-6786-441f-a94e-365e0bbb38d9,8/28/2017 7:54:32 PM,jdpeacock_ncdenr,11/3/2023 8:59:39 PM,jdpeacock_ncdenr,725 W 4Th St,Charlotte,Mecklenburg,Carolyn Minnich,6,11/17/2002 12:00:00 AM,-80.8513373072664,35.2308812209794,"https://www.google.com/maps/dir/?api=1&destination=35.23088122097943,-80.85133730726636&travelmode=driving",https://edocs.deq.nc.gov/WasteManagement/edoc/741857/06007_Smith Metal & Iron_LURU Model_20170913.docx?dbid=0&repo=WasteManagement,1447187.47480956,544108.237763643
380,601002032,06010-02-032,Erwin Square,Recorded,b7597ad0-44ba-45e1-aa1a-e3665509564c,8/28/2017 7:54:32 PM,jdpeacock_ncdenr,9/9/2024 7:42:29 PM,jdpeacock_ncdenr,2211 Hillsborough Rd,Durham,Durham,BRS-Property Management,6,1/8/2003 12:00:00 AM,-78.925670581474,36.0094943704157,"https://www.google.com/maps/dir/?api=1&destination=36.009494370415737,-78.925670581474037&travelmode=driving",https://edocs.deq.nc.gov/WasteManagement/edoc/741858/06010_Erwin Square_LURU Model_20170913.docx?dbid=0&repo=WasteManagement,2021984.82291597,822360.153043479
381,601102092,06011-02-092,Hillsborough Addition,Recorded,49e6add7-061f-43c7-8a2d-731abb9a06d6,8/28/2017 7:54:32 PM,jdpeacock_ncdenr,10/8/2025 3:57:46 PM,jdpeacock_ncdenr,"3 Concord St., 24 Mcknight Ave., 3101 Stanhope Ave",Raleigh,Wake,BRS-Property Management,3.79,11/6/2002 12:00:00 AM,-78.6773884951106,35.7885115205162,"https://www.google.com/maps/dir/?api=1&destination=35.788511520516188,-78.677388495110648&travelmode=driving",https://edocs.deq.nc.gov/WasteManagement/edoc/741859/06011_Hillsborough Ventures & Addition_LURU Model_20170913.docx?dbid=0&repo=WasteManagement,2095706.30145697,741968.21376206
382,601402036,06014-02-036,Quality Metal Products,Recorded,42e9e5cd-9774-455e-8061-4990eddabfc4,8/28/2017 7:54:32 PM,jdpeacock_ncdenr,11/3/2023 8:59:39 PM,jdpeacock_ncdenr,1111 Oates Rd.,Gastonia,Gaston,Carolyn Minnich,11,10/28/2004 12:00:00 AM,-81.2492903361064,35.2682409003663,"https://www.google.com/maps/dir/?api=1&destination=35.268240900366258,-81.2492903361064&travelmode=driving",https://edocs.deq.nc.gov/WasteManagement/edoc/741860/06014_Quality Metal Products_LURU Model_20170913.docx?dbid=0&repo=WasteManagement,1328684.43130431,560155.91793856
383,601502091,06015-02-091,Burkhart Carolina,Recorded,7bbf03fe-3917-4291-b3a1-b1a665622094,8/28/2017 7:54:32 PM,jdpeacock_ncdenr,1/14/2026 10:31:27 PM,jdpeacock_ncdenr,1703 Dabney Dr.,Henderson,Vance,Sydney Janda,21,3/7/2003 12:00:00 AM,-78.4353325401896,36.3367280834167,"https://www.google.com/maps/dir/?api=1&destination=36.33672808341667,-78.43533254018963&travelmode=driving",https://edocs.deq.nc.gov/WasteManagement/edoc/741872/06015_Burkhart Carolina_LURU Model_20170914.docx?dbid=0&repo=WasteManagement,2166330.96106039,941954.284917727
384,601702053,06017-02-053,Sanford  WWTP,Recorded,d2b9c769-2249-4374-9aa5-ce8848e96914,8/28/2017 7:54:32 PM,jdpeacock_ncdenr,9/9/2024 8:05:14 PM,jdpeacock_ncdenr,1351 Douglas Dr,Sanford,Lee,BRS-Property Management,22.8,7/10/2003 12:00:00 AM,-79.2005697536348,35.4903679179572,"https://www.google.com/maps/dir/?api=1&destination=35.49036791795718,-79.20056975363482&travelmode=driving",https://edocs.deq.nc.gov/WasteManagement/edoc/741873/06017_Sanford WWTP_LURU Model_20170914.docx?dbid=0&repo=WasteManagement,1940297.62605447,633454.712285563
385,601802060,06018-02-060,East Park -Boyer,Recorded,c1727d71-1337-483d-abb7-5c8229da206d,8/28/2017 7:54:32 PM,jdpeacock_ncdenr,11/3/2023 8:59:40 PM,jdpeacock_ncdenr,1607 E 4Th St,Charlotte,Mecklenburg,Carolyn Minnich,0.39,5/19/2004 12:00:00 AM,-80.8273452026307,35.2131182186927,"https://www.google.com/maps/dir/?api=1&destination=35.21311821869266,-80.82734520263072&travelmode=driving",https://edocs.deq.nc.gov/WasteManagement/edoc/741874/06018_East Park - Boyer_LURU Model_20170914.docx?dbid=0&repo=WasteManagement,1454231.75960547,537511.845116556
386,601902034,06019-02-034,Central Park Landfill,Recorded,cf00a4b4-5a84-429e-ac78-4982a953b1ea,8/28/2017 7:54:32 PM,jdpeacock_ncdenr,9/9/2024 8:05:14 PM,jdpeacock_ncdenr,Salem And S. Main St.,Winston-Salem,Forsyth,BRS-Property Management,7.23,2/12/2005 12:00:00 AM,-80.2389346829277,36.0838403700921,"https://www.google.com/maps/dir/?api=1&destination=36.08384037009213,-80.2389346829277&travelmode=driving",https://edocs.deq.nc.gov/WasteManagement/edoc/741876/06019_Central Park Landfill_LURU Model_20170914.docx?dbid=0&repo=WasteManagement,1633914.99866347,851700.542197227
387,602002092,06020-02-092,East Gannon Properties,Recorded,c203f0b8-cdfd-4374-9e8f-b1ba5b06442a,8/28/2017 7:54:32 PM,jdpeacock_ncdenr,9/9/2024 8:05:14 PM,jdpeacock_ncdenr,102 E Gannon Ave,Zebulon,Wake,BRS-Property Management,1.75,10/29/2003 12:00:00 AM,-78.3137267579717,35.8242922727093,"https://www.google.com/maps/dir/?api=1&destination=35.82429227270928,-78.313726757971736&travelmode=driving",https://edocs.deq.nc.gov/WasteManagement/edoc/741877/06020_East Gannon Properties_LURU Model_20170914.docx?dbid=0&repo=WasteManagement,2203440.61321889,755639.507613644
388,700303010,07003-03-010,General Wood Facility,Recorded,ed8dcf5a-5400-47fe-9aaf-f79fdefeabf6,8/28/2017 7:54:32 PM,jdpeacock_ncdenr,7/16/2025 9:17:16 PM,jdpeacock_ncdenr,1901 Wood Treatment Rd.,Leland,Brunswick,BRS-Property Management,120,5/17/2006 12:00:00 AM,-78.0745656266555,34.2507017828392,"https://www.google.com/maps/dir/?api=1&destination=34.25070178283918,-78.074565626655485&travelmode=driving",https://edocs.deq.nc.gov/WasteManagement/edoc/741878/07003_General Wood Facility_LURU Model_20170914.docx?dbid=0&repo=WasteManagement,2279674.96567114,183535.90543206
389,700403060,07004-03-060,Kidd Lane Battery Disposal,Recorded,f71a755d-3ef6-43f7-a950-1c8474022a2b,8/28/2017 7:54:32 PM,jdpeacock_ncdenr,12/2/2025 3:42:34 PM,jdpeacock_ncdenr,3607 Kidd Ln,Charlotte,Mecklenburg,Carolyn Minnich,1,12/5/2005 12:00:00 AM,-80.8758991363257,35.3253335347737,"https://www.google.com/maps/dir/?api=1&destination=35.32533353477371,-80.875899136325657&travelmode=driving",https://edocs.deq.nc.gov/WasteManagement/ElectronicFile.aspx?docid=&dbid=0&repo=WasteManagement,1440503.68338713,578615.507987812
390,700503060,07005-03-060,Bouligny Site,Recorded,dfe45d38-867f-4a07-b426-7f17407dee96,8/28/2017 7:54:32 PM,jdpeacock_ncdenr,11/3/2023 8:59:41 PM,jdpeacock_ncdenr,2320 N Davidson St,Charlotte,Mecklenburg,Carolyn Minnich,3.5,12/20/2004 12:00:00 AM,-80.813290717563,35.2402007542248,"https://www.google.com/maps/dir/?api=1&destination=35.240200754224816,-80.813290717563&travelmode=driving",https://edocs.deq.nc.gov/WasteManagement/edoc/741879/07005_Bouligny Site_LURU Model_20170914.docx?dbid=0&repo=WasteManagement,1458608.94409256,547289.775691897
391,700703011,07007-03-011,Elk Mountain Landfill,Recorded,3171b773-7eee-440f-bf04-ea646e5c9905,8/28/2017 7:54:32 PM,jdpeacock_ncdenr,5/11/2026 9:26:46 PM,jdpeacock_ncdenr,Elk Mountain Rd.,Woodfin,Buncombe,Jordan Thompson,156,3/28/2007 12:00:00 AM,-82.5874696625637,35.6408205452462,"https://www.google.com/maps/dir/?api=1&destination=35.64082054524615,-82.5874696625637&travelmode=driving",https://edocs.deq.nc.gov/WasteManagement/edoc/741880/07007_Elk Mountain LF_LURU Model_20170914.docx?dbid=0&repo=WasteManagement,934336.398151547,707412.590616226
392,700803041,07008-03-041,Guilford Mills - W. Market St,Recorded,e32a8d04-1b35-4109-a5e5-a07d48f3acbd,8/28/2017 7:54:32 PM,jdpeacock_ncdenr,9/9/2024 8:05:14 PM,jdpeacock_ncdenr,4925 West Market St,Greensboro,Guilford,BRS-Property Management,19.8,7/22/2005 12:00:00 AM,-79.8750872479908,36.0670712962403,"https://www.google.com/maps/dir/?api=1&destination=36.06707129624035,-79.875087247990777&travelmode=driving",https://edocs.deq.nc.gov/WasteManagement/edoc/741881/07008_Guilford Mills - W Market St_LURU Model_20170914.docx?dbid=0&repo=WasteManagement,1741369.04655021,844451.501905307
393,700903060,07009-03-060,Alpha Mills,Recorded,2f212c5c-9b74-49c0-a3d6-1bd1d43933bf,8/28/2017 7:54:32 PM,jdpeacock_ncdenr,9/9/2024 7:42:30 PM,jdpeacock_ncdenr,312 E 12Th St,Charlotte,Mecklenburg,BRS-Property Management,5.77,6/23/2005 12:00:00 AM,-80.8309527584183,35.2318989757421,"https://www.google.com/maps/dir/?api=1&destination=35.23189897574212,-80.8309527584183&travelmode=driving",https://edocs.deq.nc.gov/WasteManagement/edoc/741882/07009_Alpha Mills_LURU Model_20170914.docx?dbid=0&repo=WasteManagement,1453280.48263663,544365.689348474
394,701003060,07010-03-060,East Park-Dorothy Hall,Recorded,3f357719-5f4c-4f3c-9f00-b6114cad9f23,8/28/2017 7:54:32 PM,jdpeacock_ncdenr,11/3/2023 8:59:42 PM,jdpeacock_ncdenr,1423 E 4Th St,Charlotte,Mecklenburg,Carolyn Minnich,0.8,12/15/2004 12:00:00 AM,-80.8289668263904,35.2143472133192,"https://www.google.com/maps/dir/?api=1&destination=35.21434721331923,-80.82896682639044&travelmode=driving",https://edocs.deq.nc.gov/WasteManagement/edoc/741884/07010_East Park - Dorothy Hall_LURU Model_20170914.docx?dbid=0&repo=WasteManagement,1453755.72807722,537967.97379747
395,701103034,07011-03-034,Salem Uniform,Recorded,bd371817-dadd-4e81-8dc9-ef0a111b02bc,8/28/2017 7:54:32 PM,jdpeacock_ncdenr,9/10/2024 2:33:36 PM,jdpeacock_ncdenr,4015 Cherry St,Winston-Salem,Forsyth,Stephanie Hempel,2.53,8/11/2006 12:00:00 AM,-80.2633720428093,36.1410970446106,"https://www.google.com/maps/dir/?api=1&destination=36.14109704461063,-80.2633720428093&travelmode=driving",https://edocs.deq.nc.gov/WasteManagement/edoc/741885/07011_Salem Uniform_LURU Model_20170914.docx?dbid=0&repo=WasteManagement,1626959.78980489,872633.549543723
396,701403060,07014-03-060,Archdale Marketplace,Recorded,1488448c-a811-45bb-b87b-26af4b4f358f,8/28/2017 7:54:32 PM,jdpeacock_ncdenr,11/3/2023 8:59:43 PM,jdpeacock_ncdenr,5801 South Blvd,Charlotte,Mecklenburg,Carolyn Minnich,13,1/14/2004 12:00:00 AM,-80.8754258110918,35.154729915803,"https://www.google.com/maps/dir/?api=1&destination=35.154729915803,-80.875425811091787&travelmode=driving",https://edocs.deq.nc.gov/WasteManagement/edoc/741886/07014_Archdale Marketplace_LURU Model_20170914.docx?dbid=0&repo=WasteManagement,1439471.88591005,516533.473031387
397,701503011,07015-03-011,Historic Cotton Mill,Recorded,6708b7cd-a4e0-4e51-8361-5b5949da3de9,8/28/2017 7:54:32 PM,jdpeacock_ncdenr,11/3/2023 8:59:43 PM,jdpeacock_ncdenr,191 Riverside Dr,Asheville,Buncombe,Tracy Wahl,2.63,6/30/2006 12:00:00 AM,-82.5696310773893,35.5889476851683,"https://www.google.com/maps/dir/?api=1&destination=35.58894768516825,-82.56963107738926&travelmode=driving",https://edocs.deq.nc.gov/WasteManagement/edoc/741887/07015_Historic Cotton Mill_LURU Model_20170914.docx?dbid=0&repo=WasteManagement,938954.321330383,688353.326241389
398,701703060,07017-03-060,South Tryon Street,Recorded,f1ab818d-c826-4799-bb9f-fb94c69b0c64,8/28/2017 7:54:32 PM,jdpeacock_ncdenr,11/3/2023 8:59:44 PM,jdpeacock_ncdenr,2036 S Tryon St,Charlotte,Mecklenburg,Carolyn Minnich,2.88,2/22/2004 12:00:00 AM,-80.8663149776398,35.2121158936621,"https://www.google.com/maps/dir/?api=1&destination=35.2121158936621,-80.866314977639817&travelmode=driving",https://edocs.deq.nc.gov/WasteManagement/edoc/741889/07017_South Tryon St_LURU Model_20170914.docx?dbid=0&repo=WasteManagement,1442587.24450871,537363.652499557
399,701803060,07018-03-060,Camden Road,Recorded,09603522-54d9-4a96-9e42-ef0a97face6a,8/28/2017 7:54:32 PM,jdpeacock_ncdenr,11/3/2023 8:59:44 PM,jdpeacock_ncdenr,1600 Camden Rd,Charlotte,Mecklenburg,Carolyn Minnich,0.25,12/9/2005 12:00:00 AM,-80.8574062990579,35.2146407217757,"https://www.google.com/maps/dir/?api=1&destination=35.214640721775737,-80.8574062990579&travelmode=driving",same as Clawson Radiator II,1445264.88646314,538232.483767137
400,701903060,07019-03-060,East Park-Craver,Recorded,5f5c4e9f-8f8c-46ad-b09d-bdba3f6751e2,8/28/2017 7:54:32 PM,jdpeacock_ncdenr,11/3/2023 8:59:44 PM,jdpeacock_ncdenr,1609 Elizabeth Ave,Charlotte,Mecklenburg,Carolyn Minnich,0.65,12/20/2004 12:00:00 AM,-80.8260673476955,35.2138076002501,"https://www.google.com/maps/dir/?api=1&destination=35.21380760025015,-80.826067347695457&travelmode=driving",https://edocs.deq.nc.gov/WasteManagement/edoc/741891/07019_East Park - Craver_LURU Model_20170914.docx?dbid=0&repo=WasteManagement,1454617.98553905,537755.675993726
401,702003060,07020-03-060,Rusak Property,Recorded,12a21342-42d4-411b-9825-8f3cc0b2da8c,8/28/2017 7:54:32 PM,jdpeacock_ncdenr,11/3/2023 8:59:44 PM,jdpeacock_ncdenr,3331 Griffith St,Charlotte,Mecklenburg,Carolyn Minnich,1.21,8/23/2004 12:00:00 AM,-80.8751439121351,35.2023971187425,"https://www.google.com/maps/dir/?api=1&destination=35.2023971187425,-80.87514391213514&travelmode=driving",https://edocs.deq.nc.gov/WasteManagement/edoc/741892/07020_Rusak Property_LURU Model_20170914.docx?dbid=0&repo=WasteManagement,1439883.80437756,533876.889788061
402,702203011,07022-03-011,Andrex Industries,Recorded,36fe1553-bdcd-4fcd-8f8d-16987d9e5e84,8/28/2017 7:54:32 PM,jdpeacock_ncdenr,11/3/2023 8:59:45 PM,jdpeacock_ncdenr,180 Deaverview Rd,Asheville,Buncombe,Tracy Wahl,9,4/22/2005 12:00:00 AM,-82.6129921832909,35.5803321656694,"https://www.google.com/maps/dir/?api=1&destination=35.580332165669425,-82.612992183290856&travelmode=driving",https://edocs.deq.nc.gov/WasteManagement/edoc/741893/07022_Andrex_LURU Model_20170914.docx?dbid=0&repo=WasteManagement,925957.105526969,685685.868977889
403,702303098,07023-03-098,Wilson Landfill WWTP,Recorded,1848a3b5-cb08-43bb-874f-467d73b47831,8/28/2017 7:54:32 PM,jdpeacock_ncdenr,9/9/2024 7:42:30 PM,jdpeacock_ncdenr,Us Highway 301 E,Wilson,Wilson,BRS-Property Management,14,7/1/2005 12:00:00 AM,-77.915018327073,35.7077361061267,"https://www.google.com/maps/dir/?api=1&destination=35.7077361061267,-77.915018327072957&travelmode=driving",https://edocs.deq.nc.gov/WasteManagement/edoc/741894/07023_Wilson Landfill WWTP_LURU Model_20170914.docx?dbid=0&repo=WasteManagement,2322094.14231555,714270.971584484
404,702403060,07024-03-060,Home Depot - South Boulevard,Recorded,dbd8a86d-5507-4ef9-87a7-5e337ba38fc2,8/28/2017 7:54:32 PM,jdpeacock_ncdenr,9/9/2024 8:05:14 PM,jdpeacock_ncdenr,4750 South Blvd,Charlotte,Mecklenburg,BRS-Property Management,12,6/10/2004 12:00:00 AM,-80.8775647000564,35.1743481256569,"https://www.google.com/maps/dir/?api=1&destination=35.174348125657,-80.877564700056368&travelmode=driving",https://edocs.deq.nc.gov/WasteManagement/edoc/741895/07024_Home Depot-South Blvd_LURU Model_20170914.docx?dbid=0&repo=WasteManagement,1438967.72254831,523684.158861235
405,702503068,07025-03-068,Don Christian Property,Recorded,a0855739-f8a2-44b9-a361-d1a31d556f33,8/28/2017 7:54:32 PM,jdpeacock_ncdenr,9/9/2024 7:42:30 PM,jdpeacock_ncdenr,Main St.,Carrboro,Orange,BRS-Property Management,0.5,2/3/2005 12:00:00 AM,-79.069262138982,35.9102734909078,"https://www.google.com/maps/dir/?api=1&destination=35.91027349090776,-79.06926213898201&travelmode=driving",https://edocs.deq.nc.gov/WasteManagement/edoc/741897/07025_Don Christian Property_LURU Model_20170914.docx?dbid=0&repo=WasteManagement,1979490.31866631,786241.002184808
406,702803060,07028-03-060,Charlotte Tank Trucks,Recorded,0c22198b-d042-44c9-b30d-345ee11246f5,8/28/2017 7:54:32 PM,jdpeacock_ncdenr,1/2/2024 3:33:01 PM,jdpeacock_ncdenr,2200 Border Dr,Charlotte,Mecklenburg,Carolyn Minnich,2.23,4/16/2007 12:00:00 AM,-80.8744012735976,35.2334655371361,"https://www.google.com/maps/dir/?api=1&destination=35.23346553713611,-80.874401273597627&travelmode=driving",https://edocs.deq.nc.gov/WasteManagement/edoc/1823188/07028_Charlotte Tank Trucks Amended_LURU Model.docx?dbid=0&repo=WasteManagement,1440319.09615789,545177.857343554
407,702903092,07029-03-092,Parker-Hannifin,Recorded,ec41cad6-df4d-4d1b-82b2-73806dcd2b91,8/28/2017 7:54:32 PM,jdpeacock_ncdenr,11/5/2024 5:21:49 PM,jdpeacock_ncdenr,12415 Capital Blvd,Wake Forest,Wake,Joshawa Billiot,33,6/1/2006 12:00:00 AM,-78.5383222455389,35.9865963307269,"https://www.google.com/maps/dir/?api=1&destination=35.98659633072688,-78.53832224553885&travelmode=driving",https://edocs.deq.nc.gov/WasteManagement/edoc/741899/07029_Parker-Hannifin_LURU Model_20170914.docx?dbid=0&repo=WasteManagement,2136587.04449847,814334.137599483
408,800104064,08001-04-064,Schlage Lock Facility,Recorded,e96cd378-02bf-485c-8aa9-f0a623ae7de6,8/28/2017 7:54:32 PM,jdpeacock_ncdenr,9/9/2024 8:05:14 PM,jdpeacock_ncdenr,3551 N Wesleyan Blvd,Rocky Mount,Nash,BRS-Property Management,49.15,12/30/2005 12:00:00 AM,-77.76564539045,36.0241407241822,"https://www.google.com/maps/dir/?api=1&destination=36.0241407241822,-77.76564539044996&travelmode=driving",https://edocs.deq.nc.gov/WasteManagement/edoc/741901/08001_Schlage Lock Facility_LURU Model_20170914.docx?dbid=0&repo=WasteManagement,2365003.57290073,829952.860627055
409,800204084,08002-04-084,Allison Manufacturing,Recorded,634ee518-f664-4d53-a65f-99a921094dd6,8/28/2017 7:54:32 PM,jdpeacock_ncdenr,11/3/2023 8:59:46 PM,jdpeacock_ncdenr,930 Old Charlotte Rd,Albemarle,Stanly,Sharon Eckard,18.93,12/28/2009 12:00:00 AM,-80.2059526964102,35.3441667722563,"https://www.google.com/maps/dir/?api=1&destination=35.34416677225634,-80.20595269641022&travelmode=driving",https://edocs.deq.nc.gov/WasteManagement/edoc/661810/08002_Allison Manufacturing_LURUModel_2010_01_12.docx?dbid=0&repo=WasteManagement,1640389.56018938,582367.691756397
410,800304036,08003-04-036,Chester Street-City of Gastonia,Recorded,ddcf829b-dcc7-4777-9a72-1239ad09044c,8/28/2017 7:54:32 PM,jdpeacock_ncdenr,11/3/2023 8:59:47 PM,jdpeacock_ncdenr,N Chester St,Gastonia,Gaston,Carolyn Minnich,0.64,8/16/2005 12:00:00 AM,-81.1873953142863,35.2679475295771,"https://www.google.com/maps/dir/?api=1&destination=35.26794752957714,-81.18739531428633&travelmode=driving",https://edocs.deq.nc.gov/WasteManagement/edoc/741902/08004_Chester St Property_LURU Model_20170914.docx?dbid=0&repo=WasteManagement,1347152.04725614,559636.363859564
411,800604049,08006-04-049,V.F. Site,Recorded,b4916812-d5af-418c-b7f6-4d315c738336,8/28/2017 7:54:32 PM,jdpeacock_ncdenr,9/9/2024 7:42:31 PM,jdpeacock_ncdenr,2831 Wilson Park Rd.,Statesville,Iredell,BRS-Property Management,5.99,2/9/2006 12:00:00 AM,-80.837653459366,35.8147653312921,"https://www.google.com/maps/dir/?api=1&destination=35.81476533129213,-80.83765345936598&travelmode=driving",https://edocs.deq.nc.gov/WasteManagement/edoc/741903/08006_V.F. Site_LURU Model_20170914.docx?dbid=0&repo=WasteManagement,1455206.81736663,756511.175489724
412,800704041,08007-04-041,Model Linen,Recorded,2b765f4a-a6aa-4db7-bfc5-d1656257ddc3,8/28/2017 7:54:32 PM,jdpeacock_ncdenr,9/9/2024 7:42:32 PM,jdpeacock_ncdenr,120 W Lewis St,Greensboro,Guilford,BRS-Property Management,0.5,9/14/2006 12:00:00 AM,-79.7915579333841,36.0664038097068,"https://www.google.com/maps/dir/?api=1&destination=36.06640380970681,-79.79155793338411&travelmode=driving",https://edocs.deq.nc.gov/WasteManagement/edoc/737992/08007_Model Linen_LURUModel_20170711.docx?dbid=0&repo=WasteManagement,1766053.62119672,844001.286926478
413,800804060,08008-04-060,American Cyanamid,Recorded,04e6b40b-f54a-4201-8f8a-6d45bd2af889,8/28/2017 7:54:32 PM,jdpeacock_ncdenr,11/3/2023 8:59:47 PM,jdpeacock_ncdenr,Donald Ross Rd,Charlotte,Mecklenburg,Carolyn Minnich,4.1,6/18/2007 12:00:00 AM,-80.8956975155031,35.2230600098276,"https://www.google.com/maps/dir/?api=1&destination=35.22306000982757,-80.8956975155031&travelmode=driving",https://edocs.deq.nc.gov/WasteManagement/edoc/741904/08008_American Cyanamid_LURU Model_20170914.docx?dbid=0&repo=WasteManagement,1433888.65757522,541512.259359807
414,800904034,08009-04-034,Gateway at Old Salem,Recorded,f4dc8858-c5d3-4f26-965e-4a8af9cac295,8/28/2017 7:54:32 PM,jdpeacock_ncdenr,10/7/2024 10:16:51 PM,jdpeacock_ncdenr,1198 S Broad St,Winston-Salem,Forsyth,Joselyn Harriger,51,4/8/2005 12:00:00 AM,-80.2416114473387,36.0799514778114,"https://www.google.com/maps/dir/?api=1&destination=36.07995147781145,-80.24161144733874&travelmode=driving",https://edocs.deq.nc.gov/WasteManagement/edoc/741905/08009_Gateway at Old Salem_LURU Model_20170914.docx?dbid=0&repo=WasteManagement,1633106.39168489,850294.843236983
415,801304044,08013-04-044,Dayco Facility,Recorded,1da7afe3-42fa-4752-84a0-12065de834a5,8/28/2017 7:54:32 PM,jdpeacock_ncdenr,9/10/2024 2:33:36 PM,jdpeacock_ncdenr,2150 S Main St,Waynesville,Haywood,Joshawa Billiot,35.94,4/5/2007 12:00:00 AM,-83.0093398407319,35.4670649072164,"https://www.google.com/maps/dir/?api=1&destination=35.467064907216368,-83.00933984073187&travelmode=driving",https://edocs.deq.nc.gov/WasteManagement/edoc/741907/08013_Dayco Facility_LURU Model_20170914.docx?dbid=0&repo=WasteManagement,806530.124565139,649017.309113055
416,801504060,08015-04-060,Griffith Street Property,Recorded,10612b14-70eb-456b-8100-99708d91d45a,8/28/2017 7:54:32 PM,jdpeacock_ncdenr,11/3/2023 8:59:48 PM,jdpeacock_ncdenr,565 Griffith St,Davidson,Mecklenburg,Caroline Goodwin,14.23,12/20/2005 12:00:00 AM,-80.8598653436174,35.501241464202,"https://www.google.com/maps/dir/?api=1&destination=35.50124146420198,-80.859865343617415&travelmode=driving",https://edocs.deq.nc.gov/WasteManagement/edoc/741908/08015_Griffith Street_LURU Model_20170914.docx?dbid=0&repo=WasteManagement,1446484.71440405,642537.310262054
417,801704079,08017-04-079,Stoneville Furniture,Recorded,0d1ab041-42dc-44d0-b856-41033ad6b668,8/28/2017 7:54:32 PM,jdpeacock_ncdenr,9/9/2024 7:42:32 PM,jdpeacock_ncdenr,525 South Henry St.,Stoneville,Rockingham,BRS-Property Management,22.5,5/12/2005 12:00:00 AM,-79.9074467301978,36.4624516936449,"https://www.google.com/maps/dir/?api=1&destination=36.46245169364487,-79.90744673019776&travelmode=driving",https://edocs.deq.nc.gov/WasteManagement/edoc/741912/08017_Stoneville Furniture_LURU Model_20170914.docx?dbid=0&repo=WasteManagement,1733121.27826889,988475.627242312
418,801804064,08018-04-064,Cultural Arts Center,Recorded,19fa0c65-0bf4-4a1b-a176-f52564e69b28,8/28/2017 7:54:32 PM,jdpeacock_ncdenr,9/9/2024 7:42:32 PM,jdpeacock_ncdenr,205 Mcdonald St,Rocky Mount,Nash,BRS-Property Management,3.6,8/31/2006 12:00:00 AM,-77.7961996141905,35.9469555104542,"https://www.google.com/maps/dir/?api=1&destination=35.946955510454188,-77.796199614190456&travelmode=driving",https://edocs.deq.nc.gov/WasteManagement/edoc/741913/08018_Cultural Arts Center_LURU Model_20170914.docx?dbid=0&repo=WasteManagement,2356309.74547213,801746.974125564
419,802204060,08022-04-060,Reeves Site,Recorded,6acccba2-bcc5-49ac-ae9b-258f15d8f77d,8/28/2017 7:54:32 PM,jdpeacock_ncdenr,11/3/2023 8:59:49 PM,jdpeacock_ncdenr,8900 Research Dr,Charlotte,Mecklenburg,Carolyn Minnich,20,6/10/2005 12:00:00 AM,-80.7578995026622,35.3165449846148,"https://www.google.com/maps/dir/?api=1&destination=35.31654498461477,-80.75789950266218&travelmode=driving",https://edocs.deq.nc.gov/WasteManagement/edoc/741914/08022_Reeves Site_LURU Model_20170914.docx?dbid=0&repo=WasteManagement,1475637.2751933,574773.266656563
420,802604042,08026-04-042,"Fulflex, Inc.",Recorded,38c1ea6d-2edd-4d08-84dd-e948b23ca638,8/28/2017 7:54:32 PM,jdpeacock_ncdenr,4/8/2025 7:20:15 PM,jdpeacock_ncdenr,500 E 7Th St,Scotland Neck,Halifax,David Peacock,20,2/8/2005 12:00:00 AM,-77.4161471396639,36.1225391788165,"https://www.google.com/maps/dir/?api=1&destination=36.12253917881645,-77.4161471396639&travelmode=driving",https://edocs.deq.nc.gov/WasteManagement/edoc/741915/08026_Fulflex_LURU Model_20170914.docx?dbid=0&repo=WasteManagement,2467772.07832131,867235.597741231
421,802704065,08027-04-065,PPD,Recorded,39d0ffab-fb39-4a46-b176-ab59af972d17,8/28/2017 7:54:32 PM,jdpeacock_ncdenr,9/9/2024 7:42:33 PM,jdpeacock_ncdenr,Harnett St.; North Front St.,Wilmington,New Hanover,BRS-Property Management,8,12/12/2005 12:00:00 AM,-77.9498585804609,34.2456102934337,"https://www.google.com/maps/dir/?api=1&destination=34.24561029343367,-77.949858580460855&travelmode=driving",https://edocs.deq.nc.gov/WasteManagement/edoc/741916/08027_PPD Headquarters_LURU Model_20170914.docx?dbid=0&repo=WasteManagement,2317380.7787108,182058.013374731
422,803004001,08030-04-001,"L.I. Building, LLC",Recorded,c44815bf-b5a9-41ea-ac5d-67342eb9439b,8/28/2017 7:54:32 PM,jdpeacock_ncdenr,11/3/2023 8:59:50 PM,jdpeacock_ncdenr,449 Trollingwood Rd,Haw River,Alamance,Sharon Eckard,53.52,10/5/2009 12:00:00 AM,-79.3519672343403,36.0830352994029,"https://www.google.com/maps/dir/?api=1&destination=36.08303529940285,-79.35196723434025&travelmode=driving",https://edocs.deq.nc.gov/WasteManagement/edoc/661811/08030_L I Building_LURUModel_2009_12_11.docx?dbid=0&repo=WasteManagement,1895996.47942072,849307.356038734
423,803104060,08031-04-060,Alcan Packaging Food,Recorded,86c5f46a-c8d8-4cee-a8a6-28de187143e2,8/28/2017 7:54:32 PM,jdpeacock_ncdenr,11/3/2023 8:59:50 PM,jdpeacock_ncdenr,1600 Westinghouse Blvd,Charlotte,Mecklenburg,Carolyn Minnich,9,4/24/2006 12:00:00 AM,-80.9341164582596,35.1255601876031,"https://www.google.com/maps/dir/?api=1&destination=35.12556018760314,-80.93411645825962&travelmode=driving",https://edocs.deq.nc.gov/WasteManagement/edoc/741918/08031_Alcan Packaging_LURU Model_20170914.docx?dbid=0&repo=WasteManagement,1421725.73636305,506256.032956392
424,803304064,08033-04-064,Fontaine Fifth Wheel,Recorded,157e7ed9-0760-4c7d-aa00-0a57b64b9e2a,8/28/2017 7:54:32 PM,jdpeacock_ncdenr,9/9/2024 7:42:33 PM,jdpeacock_ncdenr,3883 S Church St,Rocky Mount,Nash,BRS-Property Management,5,12/20/2005 12:00:00 AM,-77.8145800397326,35.8980980785462,"https://www.google.com/maps/dir/?api=1&destination=35.8980980785462,-77.814580039732618&travelmode=driving",https://edocs.deq.nc.gov/WasteManagement/edoc/839075/08033_Fontaine Fifth Wheel_LURU Model_20171117.docx?dbid=0&repo=WasteManagement,2351082.01183313,783898.094797149
425,803404071,08034-04-071,ECC (Electronic Components Corp),Recorded,580ca4e3-36ac-499f-830c-d30604a025b1,8/28/2017 7:54:32 PM,jdpeacock_ncdenr,9/9/2024 7:42:33 PM,jdpeacock_ncdenr,513 S Dudley St,Burgaw,Pender,BRS-Property Management,5,2/21/2006 12:00:00 AM,-77.9268415067379,34.5435843488896,"https://www.google.com/maps/dir/?api=1&destination=34.543584348889567,-77.92684150673793&travelmode=driving",https://edocs.deq.nc.gov/WasteManagement/edoc/741919/08034_ECC (Electronic Components Corp)_LURU Model_20170914.docx?dbid=0&repo=WasteManagement,2323164.56635581,290569.458424896
426,803604068,08036-04-068,Flynt Fabrics Mill Property,Recorded,72c51af7-01a5-48ed-85ff-68dc93ce70c4,8/28/2017 7:54:32 PM,jdpeacock_ncdenr,9/9/2024 7:42:34 PM,jdpeacock_ncdenr,202 S Nash St,Hillsborough,Orange,BRS-Property Management,9.8,8/18/2005 12:00:00 AM,-79.1119822181819,36.0733832866564,"https://www.google.com/maps/dir/?api=1&destination=36.073383286656366,-79.1119822181819&travelmode=driving",https://edocs.deq.nc.gov/WasteManagement/edoc/741920/08036_Flynt Fabrics_LURU Model_20170914.docx?dbid=0&repo=WasteManagement,1966906.67126147,845627.98249197
427,803904060,08039-04-060,Conbraco Facility,Recorded,a748742a-3904-484f-af33-d8a265ed8592,8/28/2017 7:54:32 PM,jdpeacock_ncdenr,11/3/2023 8:59:51 PM,jdpeacock_ncdenr,701 Matthews Mint Hill Rd,Matthews,Mecklenburg,Carolyn Minnich,6.42,12/30/2005 12:00:00 AM,-80.7107178715329,35.1210473273971,"https://www.google.com/maps/dir/?api=1&destination=35.1210473273971,-80.7107178715329&travelmode=driving",https://edocs.deq.nc.gov/WasteManagement/edoc/741921/08039_Conbraco Facility_LURU Model_20170914.docx?dbid=0&repo=WasteManagement,1488483.59333263,503387.659756139
428,900305081,09003-05-081,Florence Mill,Recorded,ffcb8305-7630-4a85-b721-a3ececf7ff81,8/28/2017 7:54:32 PM,jdpeacock_ncdenr,9/10/2024 2:33:36 PM,jdpeacock_ncdenr,186 Mill St,Forest City,Rutherford,Stephanie Hempel,8.2,9/18/2006 12:00:00 AM,-81.8650126691699,35.3320239835573,"https://www.google.com/maps/dir/?api=1&destination=35.332023983557328,-81.86501266916987&travelmode=driving",https://edocs.deq.nc.gov/WasteManagement/edoc/741922/09003_Florence Mill_LURU Model_20170914.docx?dbid=0&repo=WasteManagement,1145633.22621322,588093.674726978
429,900405083,09004-05-083,Scotland Memorial Hospital,Recorded,40074e3b-79f1-43f3-8eb5-26bf013bca10,8/28/2017 7:54:32 PM,jdpeacock_ncdenr,11/3/2023 8:59:51 PM,jdpeacock_ncdenr,600 Mclean St,Laurinburg,Scotland,Tracy Wahl,4.31,8/26/2009 12:00:00 AM,-79.4698986910245,34.7739623625365,"https://www.google.com/maps/dir/?api=1&destination=34.77396236253645,-79.469898691024525&travelmode=driving",https://edocs.deq.nc.gov/WasteManagement/edoc/661812/09004_Scotland Memorial Hospital_LURUModel_2009_10_06.docx?dbid=0&repo=WasteManagement,1858893.29444088,372998.162661642
430,900505049,09005-05-049,Canac Kitchens,Recorded,2a977776-ff8d-40de-8f7f-a64f60a90c0a,8/28/2017 7:54:32 PM,jdpeacock_ncdenr,11/3/2023 8:59:51 PM,jdpeacock_ncdenr,"401, 403, 603, 607 Meacham Rd; 2001 Speedball Rd.",Statesville,Iredell,Tracy Wahl,27.3,5/7/2009 12:00:00 AM,-80.9244243755842,35.7934661176543,"https://www.google.com/maps/dir/?api=1&destination=35.793466117654255,-80.924424375584167&travelmode=driving",https://edocs.deq.nc.gov/WasteManagement/edoc/661813/09005_Canac Kitchens_LURUModel_2009_08_28.docx?dbid=0&repo=WasteManagement,1429335.42291531,749247.232668564
431,900705041,09007-05-041,Industrial Plastics Inc.,Recorded,9d0bdb43-97d8-457d-aca8-68b1b01b832b,8/28/2017 7:54:32 PM,jdpeacock_ncdenr,9/9/2024 7:42:34 PM,jdpeacock_ncdenr,4810 Clover Rd,Greensboro,Guilford,BRS-Property Management,17.77,4/5/2007 12:00:00 AM,-79.6879352884448,36.0573703708757,"https://www.google.com/maps/dir/?api=1&destination=36.0573703708757,-79.68793528844483&travelmode=driving",https://edocs.deq.nc.gov/WasteManagement/edoc/741923/09007_Industrial Plastics_LURU Model_20170914.docx?dbid=0&repo=WasteManagement,1796656.27160548,840484.687332392
432,901105060,09011-05-060,Arrow Laundry & Cleaners,Recorded,532dc80d-65f3-4f45-bdb5-ec60473db1fe,8/28/2017 7:54:32 PM,jdpeacock_ncdenr,11/3/2023 8:59:52 PM,jdpeacock_ncdenr,4735 Monroe Rd,Charlotte,Mecklenburg,Carolyn Minnich,16.5,3/21/2007 12:00:00 AM,-80.7801484033941,35.1945028937878,"https://www.google.com/maps/dir/?api=1&destination=35.19450289378776,-80.7801484033941&travelmode=driving",https://edocs.deq.nc.gov/WasteManagement/edoc/741924/09011_Arrow Laundry and Cleaners_LURU Model_20170914.docx?dbid=0&repo=WasteManagement,1468204.90554364,530481.879517734
433,901205034,09012-05-034,A Great Escape,Recorded,f42bea60-58f4-401b-8fb6-6c38d2b5fec8,8/28/2017 7:54:32 PM,jdpeacock_ncdenr,11/5/2024 5:21:49 PM,jdpeacock_ncdenr,1806 Funtime Blvd.,Winston-Salem,Forsyth,Stephanie Hempel,4.79,5/5/2006 12:00:00 AM,-80.2658424566477,36.0681465657956,"https://www.google.com/maps/dir/?api=1&destination=36.068146565795558,-80.26584245664766&travelmode=driving",https://edocs.deq.nc.gov/WasteManagement/edoc/741925/09012_A Great Escape_LURU Model_20170914.docx?dbid=0&repo=WasteManagement,1625891.75060239,846088.239117399
434,901405011,09014-05-011,Asheville Mica,Recorded,d09327a8-cc3f-4b64-9363-c0759a64ba1a,8/28/2017 7:54:32 PM,jdpeacock_ncdenr,11/3/2023 8:59:52 PM,jdpeacock_ncdenr,75 Thompson St,Asheville,Buncombe,Tracy Wahl,3,5/25/2007 12:00:00 AM,-82.5388620741434,35.5691097532045,"https://www.google.com/maps/dir/?api=1&destination=35.56910975320452,-82.5388620741434&travelmode=driving",https://edocs.deq.nc.gov/WasteManagement/edoc/741926/09014_Asheville Mica_LURU Model_20170914.docx?dbid=0&repo=WasteManagement,947838.9429968,680810.006682396
435,901505060,09015-05-060,Town & County Rent-A-Car,Recorded,119e15be-64f2-41cc-802f-9da038e60726,8/28/2017 7:54:32 PM,jdpeacock_ncdenr,9/9/2024 7:42:34 PM,jdpeacock_ncdenr,5324 E Independence Blvd,Charlotte,Mecklenburg,BRS-Property Management,1.6,11/19/2007 12:00:00 AM,-80.7594514939193,35.1857953962621,"https://www.google.com/maps/dir/?api=1&destination=35.18579539626213,-80.759451493919315&travelmode=driving",https://edocs.deq.nc.gov/WasteManagement/edoc/741941/09015_TownCountry Rent-a-Car_LURU Model_20170915.docx?dbid=0&repo=WasteManagement,1474331.01894756,527203.116718307
436,901805079,09018-05-079,Fieldcrest Blanket Mill,Recorded,cdb2548b-af72-4920-8bda-7fddfb6209f8,8/28/2017 7:54:32 PM,jdpeacock_ncdenr,9/9/2024 7:42:35 PM,jdpeacock_ncdenr,206 Warehouse St,Eden,Rockingham,BRS-Property Management,18.439,6/5/2008 12:00:00 AM,-79.7569381776026,36.5085827896295,"https://www.google.com/maps/dir/?api=1&destination=36.508582789629486,-79.756938177602578&travelmode=driving",https://edocs.deq.nc.gov/WasteManagement/edoc/741942/09018_Fieldcrest Blanket Mill_LURU Model_20170915.docx?dbid=0&repo=WasteManagement,1777512.88305505,1004900.65475965
437,902005034,09020-05-034,West End Village,Recorded,4dda6690-65f8-4dc0-aceb-ff1d534dc36e,8/28/2017 7:54:32 PM,jdpeacock_ncdenr,11/5/2024 5:21:49 PM,jdpeacock_ncdenr,201 N Broad St,Winston-Salem,Forsyth,Andrew Goodwin,7.834,8/21/2008 12:00:00 AM,-80.2540140769351,36.096502417373,"https://www.google.com/maps/dir/?api=1&destination=36.096502417372967,-80.2540140769351&travelmode=driving",https://edocs.deq.nc.gov/WasteManagement/edoc/741943/09020_West End Village_LURU Model_20170915.docx?dbid=0&repo=WasteManagement,1629517.73580447,856365.562722817
438,902505034,09025-05-034,Piedmont Triad Research Park,Recorded,77dd9ef1-dd29-4469-b7bc-4bdfe425e9f3,8/28/2017 7:54:32 PM,jdpeacock_ncdenr,5/6/2025 8:32:11 PM,jdpeacock_ncdenr,401 E 3Rd St,Winston-Salem,Forsyth,Andrew Goodwin,1.24,7/3/2008 12:00:00 AM,-80.2388338772267,36.0987445259158,"https://www.google.com/maps/dir/?api=1&destination=36.09874452591581,-80.23883387722665&travelmode=driving",https://edocs.deq.nc.gov/WasteManagement/edoc/741944/09025_Piedmont Triad Research Park_LURU Model_20170915.docx?dbid=0&repo=WasteManagement,1634012.49092256,857125.399129644
439,902605060,09026-05-060,Celanese DRP,Recorded,724d5c40-8a73-41c1-a6b0-c6b4980a906b,8/28/2017 7:54:32 PM,jdpeacock_ncdenr,9/9/2024 7:42:35 PM,jdpeacock_ncdenr,2300 Archdale Dr,Charlotte,Mecklenburg,BRS-Property Management,120.41,11/26/2007 12:00:00 AM,-80.8651302420257,35.144677095356,"https://www.google.com/maps/dir/?api=1&destination=35.144677095355988,-80.865130242025728&travelmode=driving",https://edocs.deq.nc.gov/WasteManagement/edoc/741950/09026_Celanese DRP_LURU Model_20170915.docx?dbid=0&repo=WasteManagement,1442479.93566822,512817.514255971
440,902805036,09028-05-036,MTE Hydraulics,Recorded,ff7d12cb-8fb0-409b-98fb-4cc32a097b1e,8/28/2017 7:54:32 PM,jdpeacock_ncdenr,9/9/2024 7:42:36 PM,jdpeacock_ncdenr,108 Chickasaw Rd,Gastonia,Gaston,BRS-Property Management,9.76,3/10/2006 12:00:00 AM,-81.2030558132513,35.1846119513231,"https://www.google.com/maps/dir/?api=1&destination=35.18461195132313,-81.203055813251268&travelmode=driving",https://edocs.deq.nc.gov/WasteManagement/edoc/741951/09028_MTE Hydraulics_LURU Model_20170915.docx?dbid=0&repo=WasteManagement,1341805.75381489,529417.644769564
441,902905013,09029-05-013,Cannon Village,Recorded,7af30758-2031-420b-afe5-d020712327dd,8/28/2017 7:54:32 PM,jdpeacock_ncdenr,9/10/2024 2:33:36 PM,jdpeacock_ncdenr,1 Lake Circle Dr,Kannapolis,Cabarrus,Stephanie Hempel,154.14,7/1/2008 12:00:00 AM,-80.6225604681943,35.5038074677217,"https://www.google.com/maps/dir/?api=1&destination=35.50380746772175,-80.62256046819432&travelmode=driving",https://edocs.deq.nc.gov/WasteManagement/edoc/741952/09029_Cannon Village_LURU Model_20170915.docx?dbid=0&repo=WasteManagement,1517117.7335708,642232.34696123
442,903405060,09034-05-060,Pelton Crane,Recorded,c895cc73-8083-482a-abc9-0d2d1811c0e3,8/28/2017 7:54:32 PM,jdpeacock_ncdenr,7/16/2025 9:17:16 PM,jdpeacock_ncdenr,200 Clanton Rd,Charlotte,Mecklenburg,Joshawa Billiot,6.02,12/15/2022 12:00:00 AM,-80.8748943128684,35.1962110442816,"https://www.google.com/maps/dir/?api=1&destination=35.196211044281576,-80.8748943128684&travelmode=driving",https://edocs.deq.nc.gov/WasteManagement/edoc/741954/09034_Pelton Crane_LURU Model_20170915.docx?dbid=0&repo=WasteManagement,1439915.83351298,531624.503216729
443,903505092,09035-05-092,Costco,Recorded,b20e78b8-8f68-46fd-b700-1facc5fe7d3b,8/28/2017 7:54:32 PM,jdpeacock_ncdenr,9/8/2026 7:54:54 PM,jdpeacock_ncdenr,2838 Wake Forest Rd,Raleigh,Wake,Joshawa Billiot,14.8,7/10/2006 12:00:00 AM,-78.6223180031326,35.8182622074119,"https://www.google.com/maps/dir/?api=1&destination=35.8182622074119,-78.62231800313263&travelmode=driving",https://edocs.deq.nc.gov/WasteManagement/edoc/741955/09035_Costco_LURU Model_20170915.docx?dbid=0&repo=WasteManagement,2111970.36341697,752954.361409143
444,903705014,09037-05-014,Buss Coating,Recorded,fb77770c-223a-453e-93e5-1b073ae5ce3d,8/28/2017 7:54:32 PM,jdpeacock_ncdenr,11/3/2023 8:59:55 PM,jdpeacock_ncdenr,511 Creekway Dr Nw,Lenoir,Caldwell,Tracy Wahl,4.52,7/16/2009 12:00:00 AM,-81.5563818452867,35.9150414976475,"https://www.google.com/maps/dir/?api=1&destination=35.915041497647486,-81.5563818452867&travelmode=driving",https://edocs.deq.nc.gov/WasteManagement/edoc/661814/09037_Buss Coating_LURUModel_2009_08_31.docx?dbid=0&repo=WasteManagement,1243111.66970739,797715.616374642
445,903805041,09038-05-041,R.W. McCollum,Recorded,c13f02de-1ea9-4d81-9374-c40e52482a11,8/28/2017 7:54:32 PM,jdpeacock_ncdenr,9/9/2024 7:42:36 PM,jdpeacock_ncdenr,107 W Meadowview Rd,Greensboro,Guilford,BRS-Property Management,6.48,3/9/2009 12:00:00 AM,-79.7933455092146,36.0380891914239,"https://www.google.com/maps/dir/?api=1&destination=36.03808919142394,-79.79334550921463&travelmode=driving",https://edocs.deq.nc.gov/WasteManagement/edoc/661815/09038_RW McCollum_LURUModel_2009_09_28.docx?dbid=0&repo=WasteManagement,1765442.93573831,833698.457466558
446,904005065,09040-05-065,Wilmington Convention Center,Recorded,e031e4d7-2294-4962-ab6c-4fa76b486606,8/28/2017 7:54:32 PM,jdpeacock_ncdenr,7/16/2025 9:17:16 PM,jdpeacock_ncdenr,515 Nutt St,Wilmington,New Hanover,BRS-Property Management,9.22,9/14/2007 12:00:00 AM,-77.95171834521,34.2423918312577,"https://www.google.com/maps/dir/?api=1&destination=34.2423918312577,-77.95171834521&travelmode=driving",https://edocs.deq.nc.gov/WasteManagement/edoc/741956/09040_Wilmington Convention Center_LURU Model_20170915.docx?dbid=0&repo=WasteManagement,2316831.09936397,180880.805427313
447,904405060,09044-05-060,Willard Lead,Recorded,82745047-23f9-4daa-882d-47b12615f44c,8/28/2017 7:54:32 PM,jdpeacock_ncdenr,11/3/2023 8:59:56 PM,jdpeacock_ncdenr,101 New Bern St,Charlotte,Mecklenburg,Carolyn Minnich,4.5,8/7/2007 12:00:00 AM,-80.8704453010528,35.1989103671114,"https://www.google.com/maps/dir/?api=1&destination=35.198910367111438,-80.87044530105275&travelmode=driving",https://edocs.deq.nc.gov/WasteManagement/ElectronicFile.aspx?docid=664247&dbid=0&repo=WasteManagement,1441263.23337722,532581.657142311
448,905305021,09053-05-021,Chowan Veneer Co,Recorded,04d972c7-8636-4f05-8f83-eee3868c6cf7,8/28/2017 7:54:32 PM,jdpeacock_ncdenr,9/9/2024 7:42:36 PM,jdpeacock_ncdenr,259 Coke Ave,Edenton,Chowan,BRS-Property Management,12.4,10/19/2006 12:00:00 AM,-76.5964631421843,36.0676791810753,"https://www.google.com/maps/dir/?api=1&destination=36.067679181075277,-76.59646314218426&travelmode=driving",https://edocs.deq.nc.gov/WasteManagement/edoc/741958/09053_Chowan Veneer_LURU Model_20170915.docx?dbid=0&repo=WasteManagement,2710299.81865856,852132.148289397
449,905505080,09055-05-080,Bendix Heavy Vehicle Facility,Recorded,afbf94b4-ebfc-4901-b049-23f93d7352e6,8/28/2017 7:54:32 PM,jdpeacock_ncdenr,7/8/2026 8:24:00 PM,jdpeacock_ncdenr,727 Bendix Dr,Salisbury,Rowan,Joshawa Billiot,20.96,11/16/2007 12:00:00 AM,-80.4660613760534,35.6510072084791,"https://www.google.com/maps/dir/?api=1&destination=35.65100720847912,-80.4660613760534&travelmode=driving",https://edocs.deq.nc.gov/WasteManagement/edoc/741959/09055_Bendix Heavy Vehicle_LURU Model_20170915.docx?dbid=0&repo=WasteManagement,1564480.38425213,695078.512594149
450,905805060,09058-05-060,Midtown Mall,Recorded,8e20211b-3028-46b2-8620-52c92534cd71,8/28/2017 7:54:32 PM,jdpeacock_ncdenr,11/3/2023 8:59:56 PM,jdpeacock_ncdenr,401 S Independence Blvd,Charlotte,Mecklenburg,Carolyn Minnich,10.3,3/2/2007 12:00:00 AM,-80.8353992956276,35.2124201226627,"https://www.google.com/maps/dir/?api=1&destination=35.212420122662678,-80.83539929562762&travelmode=driving",https://edocs.deq.nc.gov/WasteManagement/edoc/741960/09058_Midtown Mall_LURU Model_20170915.docx?dbid=0&repo=WasteManagement,1451821.83824421,537302.198226139
451,906005060,09060-05-060,Camden Square 2nd Amendment,Recorded,292b9969-16ac-46a0-bb24-3adbd5d65a8c,8/28/2017 7:54:32 PM,jdpeacock_ncdenr,9/8/2026 7:54:54 PM,jdpeacock_ncdenr,W. Worthington Ave.,Charlotte,Mecklenburg,Joshawa Billiot,2.95,4/26/2006 12:00:00 AM,-80.8623637470896,35.2120006374739,"https://www.google.com/maps/dir/?api=1&destination=35.21200063747392,-80.86236374708959&travelmode=driving",https://edocs.deq.nc.gov/WasteManagement/edoc/741963/09060_Camden Square 2nd Amendment_LURU Model_20170915.docx?dbid=0&repo=WasteManagement,1443766.43571989,537299.549937472
452,906205001,09062-05-001,Glencoe Mill,Recorded,ecfcf315-8d15-4d3e-ae6b-06ef0110c553,8/28/2017 7:54:32 PM,jdpeacock_ncdenr,9/9/2024 7:42:37 PM,jdpeacock_ncdenr,2362 River Rd,Burlington,Alamance,BRS-Property Management,7.04,3/24/2008 12:00:00 AM,-79.4285374472667,36.1387480341856,"https://www.google.com/maps/dir/?api=1&destination=36.138748034185646,-79.428537447266748&travelmode=driving",https://edocs.deq.nc.gov/WasteManagement/edoc/741964/09062_Glencoe Mill_LURU Model_20170915.docx?dbid=0&repo=WasteManagement,1873458.09503564,869677.733604982
453,906505073,09065-05-073,Bromma Property II,Recorded,782b38d4-dad1-4435-a523-074ccd58250a,8/28/2017 7:54:32 PM,jdpeacock_ncdenr,9/9/2024 7:42:37 PM,jdpeacock_ncdenr,2285 Durham Rd,Roxboro,Person,BRS-Property Management,11.6,12/5/2006 12:00:00 AM,-78.9809236498659,36.363396602614,"https://www.google.com/maps/dir/?api=1&destination=36.363396602614046,-78.980923649865915&travelmode=driving",https://edocs.deq.nc.gov/WasteManagement/edoc/741965/09065_Bromma II_LURU Model_20170915.docx?dbid=0&repo=WasteManagement,2005618.1640483,951191.235603899
454,906605060,09066-05-060,Sonoco Flexible,Recorded,bc405cd1-1d2e-4d64-a76b-cd89a355dc0e,8/28/2017 7:54:32 PM,jdpeacock_ncdenr,11/3/2023 8:59:57 PM,jdpeacock_ncdenr,2203 Hawkins St,Charlotte,Mecklenburg,Carolyn Minnich,4.8,6/7/2007 12:00:00 AM,-80.8637847047805,35.2075900111106,"https://www.google.com/maps/dir/?api=1&destination=35.207590011110568,-80.8637847047805&travelmode=driving",https://edocs.deq.nc.gov/WasteManagement/edoc/742020/09066_Sonoco Flexible_LURU Model_20170918.docx?dbid=0&repo=WasteManagement,1443311.95040838,535702.577737734
455,1000106018,10001-06-018,Lowes of North Hickory,Recorded,e1677dd2-fe24-44ae-ad07-f192b787e82b,8/28/2017 7:54:32 PM,jdpeacock_ncdenr,11/3/2023 8:59:58 PM,jdpeacock_ncdenr,1430 2nd St Ne,Hickory,Catawba,Tracy Wahl,13.818,8/6/2008 12:00:00 AM,-81.3343203821175,35.7525048908786,"https://www.google.com/maps/dir/?api=1&destination=35.7525048908786,-81.33432038211754&travelmode=driving",https://edocs.deq.nc.gov/WasteManagement/edoc/738034/10001_Lowes of North Hickory_LURU Model_20170913.docx?dbid=0&repo=WasteManagement,1307455.46162322,736949.004640401
456,1000206060,10002-06-060,Rea Asphalt Plant,Recorded,58e18eed-3e95-4b54-91c2-6df0b8600f71,8/28/2017 7:54:32 PM,jdpeacock_ncdenr,11/3/2023 8:59:58 PM,jdpeacock_ncdenr,2701 Youngblood St,Charlotte,Mecklenburg,Carolyn Minnich,8.55,3/6/2007 12:00:00 AM,-80.868362737565,35.2023034155614,"https://www.google.com/maps/dir/?api=1&destination=35.20230341556143,-80.86836273756502&travelmode=driving",https://edocs.deq.nc.gov/WasteManagement/ElectronicFile.aspx?docid=742411&dbid=0&repo=WasteManagement,1441908.50144364,533804.600562558
457,1000906060,10009-06-060,Ferguson Enterprises,Recorded,1863ce4e-067b-46df-9270-1fc96e38546b,8/28/2017 7:54:32 PM,jdpeacock_ncdenr,11/3/2023 8:59:58 PM,jdpeacock_ncdenr,101 W Tremont Ave,Charlotte,Mecklenburg,Carolyn Minnich,2.88,7/9/2008 12:00:00 AM,-80.8614173938163,35.2101122538574,"https://www.google.com/maps/dir/?api=1&destination=35.21011225385744,-80.8614173938163&travelmode=driving",https://edocs.deq.nc.gov/WasteManagement/edoc/742117/10009_Ferguson Enterprises_LURU Model_20170918.docx?dbid=0&repo=WasteManagement,1444036.16483922,536607.103815809
458,1001006060,10010-06-060,Dixie Trucking,Recorded,f146f5ba-7cbf-4a88-96fd-4b4c6345a052,8/28/2017 7:54:32 PM,jdpeacock_ncdenr,2/13/2025 4:59:32 PM,jdpeacock_ncdenr,3606 N Graham St,Charlotte,Mecklenburg,Joshawa Billiot,16.25,3/7/2008 12:00:00 AM,-80.8136871433824,35.2649581935363,"https://www.google.com/maps/dir/?api=1&destination=35.2649581935363,-80.8136871433824&travelmode=driving",https://edocs.deq.nc.gov/WasteManagement/edoc/742121/10010_Dixie Trucking_LURU Model_20170918.docx?dbid=0&repo=WasteManagement,1458655.20941997,556300.812131733
459,1001506092,10015-06-092,301 Fayetteville Street,Recorded,e025afd8-0b36-4dd3-9e91-cbd6b87a6667,8/28/2017 7:54:32 PM,jdpeacock_ncdenr,9/9/2024 7:42:37 PM,jdpeacock_ncdenr,301 Fayetteville St,Raleigh,Wake,BRS-Property Management,0.83,7/20/2007 12:00:00 AM,-78.6387717682992,35.7765928053255,"https://www.google.com/maps/dir/?api=1&destination=35.7765928053255,-78.63877176829918&travelmode=driving",https://edocs.deq.nc.gov/WasteManagement/edoc/742132/10015_301 Fayetteville St_LURU Model_20170918.docx?dbid=0&repo=WasteManagement,2107147.60895489,737768.824194983
460,1002606092,10026-06-092,Cal-Tone Paints,Recorded,f3d875dc-0f1a-4dce-9999-e4edddfbc8d9,8/28/2017 7:54:32 PM,jdpeacock_ncdenr,9/9/2024 7:42:38 PM,jdpeacock_ncdenr,5115 New Bern Ave,Raleigh,Wake,BRS-Property Management,2.75,4/30/2007 12:00:00 AM,-78.5502529444258,35.7960249047356,"https://www.google.com/maps/dir/?api=1&destination=35.796024904735638,-78.55025294442582&travelmode=driving",https://edocs.deq.nc.gov/WasteManagement/edoc/742133/10026_Cal-Tone Paints_LURU Model_20170918.docx?dbid=0&repo=WasteManagement,2133371.67953813,744949.174335554
461,1002806041,10028-06-041,Guilford Mills - Hornaday,Recorded,c4d04e32-b185-4f32-b54b-0d86809405c0,8/28/2017 7:54:32 PM,jdpeacock_ncdenr,9/9/2024 7:42:38 PM,jdpeacock_ncdenr,5644 Hornaday Rd,Greensboro,Guilford,BRS-Property Management,30.23,3/3/2008 12:00:00 AM,-79.9167180715861,36.0619361730177,"https://www.google.com/maps/dir/?api=1&destination=36.06193617301766,-79.91671807158609&travelmode=driving",https://edocs.deq.nc.gov/WasteManagement/edoc/742134/10028_Guilford Mills - Hornaday_LURU Model_20170918.docx?dbid=0&repo=WasteManagement,1729048.14894797,842693.274450645
462,1003306060,10033-06-060,North College St. Property,Recorded,a4cb1b7b-e9c8-4f70-951e-7fe29057fc04,8/28/2017 7:54:32 PM,jdpeacock_ncdenr,11/3/2023 8:59:59 PM,jdpeacock_ncdenr,900 N College St,Charlotte,Mecklenburg,Carolyn Minnich,0.85,3/3/2008 12:00:00 AM,-80.8326133116702,35.2321708038008,"https://www.google.com/maps/dir/?api=1&destination=35.23217080380081,-80.832613311670187&travelmode=driving",https://edocs.deq.nc.gov/WasteManagement/edoc/742136/10033_North College St_LURU Model_20170918.docx?dbid=0&repo=WasteManagement,1452786.52594739,544473.752452567
463,1003806060,10038-06-060,Merchandise Mart,Recorded,725b9e97-4e67-4daf-9482-ea7a58478cd4,8/28/2017 7:54:32 PM,jdpeacock_ncdenr,11/3/2023 8:59:59 PM,jdpeacock_ncdenr,2500 E Independence Blvd,Charlotte,Mecklenburg,Carolyn Minnich,33.94,2/9/2009 12:00:00 AM,-80.7988039502772,35.2058629348986,"https://www.google.com/maps/dir/?api=1&destination=35.20586293489863,-80.798803950277176&travelmode=driving",https://edocs.deq.nc.gov/WasteManagement/edoc/661817/10038_Merchandise Mart_LURUModel_2009_08_03.docx?dbid=0&repo=WasteManagement,1462707.32598764,534716.073805228
464,1004006065,10040-06-065,Almont Shipping - New,Recorded,bed195fa-41f5-4483-a261-cf6ffaafe93c,8/28/2017 7:54:32 PM,jdpeacock_ncdenr,11/6/2025 7:43:40 PM,jdpeacock_ncdenr,Between Cowan And Hanover Streets,Wilmington,New Hanover,Joselyn Harriger,23.37,6/26/2008 12:00:00 AM,-77.9512461637945,34.2460759902341,"https://www.google.com/maps/dir/?api=1&destination=34.24607599023405,-77.95124616379445&travelmode=driving",https://edocs.deq.nc.gov/WasteManagement/edoc/742137/10040_Almont Shipping - New_LURU Model_20170918.docx?dbid=0&repo=WasteManagement,2316959.64011739,182223.057007894
465,1004106044,10041-06-044,Shuler Property,Recorded,c74c3600-d36c-4ecf-81b0-a309b9ee98fb,8/28/2017 7:54:32 PM,jdpeacock_ncdenr,11/3/2023 9:00:00 PM,jdpeacock_ncdenr,Us 23/74; Hyatt Creek Road,Waynesville,Haywood,Tracy Wahl,4.49,10/12/2007 12:00:00 AM,-83.0074548276211,35.46699477364,"https://www.google.com/maps/dir/?api=1&destination=35.46699477364003,-83.007454827621117&travelmode=driving",https://edocs.deq.nc.gov/WasteManagement/edoc/742138/10041_Shuler Property_LURU Model_20170918.docx?dbid=0&repo=WasteManagement,807089.906253964,648969.146807805
466,1004206060,10042-06-060,Southside Properties (Carolina Metals),Recorded,7681a0b1-d860-4a1b-833d-825e91dec903,8/28/2017 7:54:32 PM,jdpeacock_ncdenr,11/3/2023 9:00:00 PM,jdpeacock_ncdenr,2208 South Blvd No. 2222,Charlotte,Mecklenburg,Carolyn Minnich,4.2,5/7/2008 12:00:00 AM,-80.862476218835,35.2067126087319,"https://www.google.com/maps/dir/?api=1&destination=35.20671260873194,-80.86247621883497&travelmode=driving",https://edocs.deq.nc.gov/WasteManagement/edoc/742139/10042_Southside Properties_LURU Model_20170918.docx?dbid=0&repo=WasteManagement,1443696.74196164,535375.973732144
467,1004406060,10044-06-060,Hughes Supply Property,Recorded,52c2ef6a-aac8-447a-a980-efa9e0b9e084,8/28/2017 7:54:32 PM,jdpeacock_ncdenr,11/3/2023 9:00:00 PM,jdpeacock_ncdenr,1927 S Tryon St,Charlotte,Mecklenburg,Carolyn Minnich,1.7,1/6/2009 12:00:00 AM,-80.8641897745852,35.2124177056192,"https://www.google.com/maps/dir/?api=1&destination=35.212417705619188,-80.86418977458521&travelmode=driving",https://edocs.deq.nc.gov/WasteManagement/edoc/661818/10044_Hughes Supply Property_LURUModel_20090803.docx?dbid=0&repo=WasteManagement,1443223.96830089,537461.549285397
468,1004806076,10048-06-076,Conitron Facility,Recorded,11ac1e79-16a9-4bfd-8a7e-24a5932d042c,8/28/2017 7:54:32 PM,jdpeacock_ncdenr,9/9/2024 7:42:38 PM,jdpeacock_ncdenr,3761 Old Glenola Road,Trinity,Randolph,BRS-Property Management,54.8,2/15/2008 12:00:00 AM,-79.9222639810833,35.871658157127,"https://www.google.com/maps/dir/?api=1&destination=35.87165815712697,-79.9222639810833&travelmode=driving",https://edocs.deq.nc.gov/WasteManagement/edoc/742140/10048_Conitron_LURU Model_20170918.docx?dbid=0&repo=WasteManagement,1726765.51079673,773446.826985806
469,1005006032,10050-06-032,Golden Belt,Recorded,33cf67b5-92e5-4ead-aaab-a0f00ab76786,8/28/2017 7:54:32 PM,jdpeacock_ncdenr,6/16/2026 4:22:59 PM,jdpeacock_ncdenr,900 E. Main; 400 N. Elm Streets,Durham,Durham,Joellen Meitl,5.478,3/26/2008 12:00:00 AM,-78.8904780289591,35.9901939930719,"https://www.google.com/maps/dir/?api=1&destination=35.99019399307194,-78.89047802895905&travelmode=driving",https://edocs.deq.nc.gov/WasteManagement/edoc/742146/10050_Golden Belt_LURU Model_20170918.docx?dbid=0&repo=WasteManagement,2032401.28272605,815344.024031147
470,1005306060,10053-06-060,MidCal Aluminum,Recorded,8bcf2506-77d6-44b3-9cab-b24099a368bc,8/28/2017 7:54:32 PM,jdpeacock_ncdenr,11/3/2023 9:00:01 PM,jdpeacock_ncdenr,4933 Brookshire Blvd,Charlotte,Mecklenburg,Carolyn Minnich,5.12,5/19/2008 12:00:00 AM,-80.8889128997212,35.2746325913723,"https://www.google.com/maps/dir/?api=1&destination=35.274632591372338,-80.888912899721248&travelmode=driving",https://edocs.deq.nc.gov/WasteManagement/edoc/742147/10053_Midcal Aluminum_LURU Model_20170918.docx?dbid=0&repo=WasteManagement,1436271.62984338,560239.87807247
471,1005606092,10056-06-092,N.C. Equipment Co.,Recorded,245e36c3-9dc4-410d-ba81-6ae203c528cb,8/28/2017 7:54:32 PM,jdpeacock_ncdenr,9/9/2024 7:42:39 PM,jdpeacock_ncdenr,3101 Hillsborough St,Raleigh,Wake,BRS-Property Management,2.04,11/20/2007 12:00:00 AM,-78.6782767826861,35.7893193822552,"https://www.google.com/maps/dir/?api=1&destination=35.789319382255165,-78.67827678268608&travelmode=driving",https://edocs.deq.nc.gov/WasteManagement/ElectronicFile.aspx?docid=737996&dbid=0&repo=WasteManagement,2095414.74068838,742360.889157817
472,1006006045,10060-06-045,Cole Orchard,Recorded,afe411d1-0d1b-446f-9859-c23992ece25c,8/28/2017 7:54:32 PM,jdpeacock_ncdenr,11/3/2023 9:00:02 PM,jdpeacock_ncdenr,Interstate 26; Highway 25,Hendersonville,Henderson,Tracy Wahl,55.36,4/6/2009 12:00:00 AM,-82.3939685441513,35.2767117276546,"https://www.google.com/maps/dir/?api=1&destination=35.2767117276546,-82.39396854415126&travelmode=driving",https://edocs.deq.nc.gov/WasteManagement/edoc/661819/10060_Cole Orchard_LURUModel_2009_08_25.docx?dbid=0&repo=WasteManagement,987263.291641384,572947.133825898
473,1006106060,10061-06-060,Old Pineville Road,Recorded,5ed0f821-8095-4b59-a9e0-61f6703eeeab,8/28/2017 7:54:32 PM,jdpeacock_ncdenr,11/3/2023 9:00:02 PM,jdpeacock_ncdenr,4928 Old Pineville Road,Charlotte,Mecklenburg,Carolyn Minnich,3.5,1/30/2008 12:00:00 AM,-80.8795000018211,35.1725784249629,"https://www.google.com/maps/dir/?api=1&destination=35.172578424962886,-80.87950000182107&travelmode=driving",https://edocs.deq.nc.gov/WasteManagement/edoc/1042076/10061_Old Pineville Road_LURU Model_20170918.docx?dbid=0&repo=WasteManagement,1438377.31263989,523051.149300471
474,1006306036,10063-06-036,ATS Manufacturing,Recorded,bc1b069d-6451-4e3e-a61f-17c9fe9b8a03,8/28/2017 7:54:32 PM,jdpeacock_ncdenr,9/9/2024 7:42:39 PM,jdpeacock_ncdenr,Hwy 321;  Rankin Lake Road,Gastonia,Gaston,BRS-Property Management,6.65,9/25/2007 12:00:00 AM,-81.188715644062,35.2885736513817,"https://www.google.com/maps/dir/?api=1&destination=35.28857365138169,-81.18871564406204&travelmode=driving",https://edocs.deq.nc.gov/WasteManagement/edoc/742203/10063_ATS Manufacturing_LURU Model_20170918.docx?dbid=0&repo=WasteManagement,1346923.54410422,567150.058149725
475,1006606092,10066-06-092,Walmart - Garner,Recorded,51f8e4f8-5c2e-4c31-bbeb-e429e3edcb33,8/28/2017 7:54:32 PM,jdpeacock_ncdenr,9/9/2024 7:42:39 PM,jdpeacock_ncdenr,4500 Fayetteville Rd,Garner,Wake,BRS-Property Management,21.71,4/24/2009 12:00:00 AM,-78.6591230288135,35.7190974740585,"https://www.google.com/maps/dir/?api=1&destination=35.719097474058515,-78.65912302881354&travelmode=driving",https://edocs.deq.nc.gov/WasteManagement/edoc/661820/10066_Walmart - Garner_LURUModel_2009_09_03.docx?dbid=0&repo=WasteManagement,2101182.94470313,716819.883809477
476,1006706092,10067-06-092,Purser Drive,Recorded,8382d011-8f3d-4c72-8481-3842a9775f96,8/28/2017 7:54:32 PM,jdpeacock_ncdenr,8/7/2026 5:05:12 PM,jdpeacock_ncdenr,816 And 818 Purser Drive,Garner,Wake,Stephanie Hempel,1.98,4/24/2009 12:00:00 AM,-78.658085138701,35.7179141082527,"https://www.google.com/maps/dir/?api=1&destination=35.7179141082527,-78.65808513870098&travelmode=driving",https://edocs.deq.nc.gov/WasteManagement/edoc/661821/10067_Purser Drive_LURUModel_2009_09_03.docx?dbid=0&repo=WasteManagement,2101492.50281106,716390.21668981
477,1100207033,11002-07-033,Tobacco Warehouse,Recorded,bd9ae48f-41d3-4c67-83a1-0fbe7042820a,8/28/2017 7:54:32 PM,jdpeacock_ncdenr,5/2/2025 7:30:29 PM,jdpeacock_ncdenr,221-223 Ne Main Street,Rocky Mount,Edgecombe,Sharon Eckard,4.12,4/17/2009 12:00:00 AM,-77.7932743463843,35.9441700091516,"https://www.google.com/maps/dir/?api=1&destination=35.9441700091516,-77.79327434638425&travelmode=driving",https://edocs.deq.nc.gov/WasteManagement/edoc/661822/11002_Tobacco Warehouse (Douglas Block)_LURUModel_2009_09_09.docx?dbid=0&repo=WasteManagement,2357149.91472356,800730.76782465
478,1100507011,11005-07-011,Blue Ridge Broadcasting,Recorded,0af941eb-fcac-495e-b68c-11bfa730ce1d,8/28/2017 7:54:32 PM,jdpeacock_ncdenr,11/3/2023 9:00:04 PM,jdpeacock_ncdenr,1049 Hwy Us 70,Black Mountain,Buncombe,Tracy Wahl,45.5,2/6/2009 12:00:00 AM,-82.3502727288227,35.6058732036657,"https://www.google.com/maps/dir/?api=1&destination=35.605873203665666,-82.35027272882266&travelmode=driving",https://edocs.deq.nc.gov/WasteManagement/edoc/661824/11005_Blue Ridge_LURUModel_2009_09_09.docx?dbid=0&repo=WasteManagement,1004339.2729093,692237.665585563
479,1101107060,11011-07-060,Arrow Laundry II,Recorded,abfeb7ef-e39c-40a5-a814-c79a9c458f94,8/28/2017 7:54:32 PM,jdpeacock_ncdenr,11/3/2023 9:00:04 PM,jdpeacock_ncdenr,1933 E. 7th Street,Charlotte,Mecklenburg,Carolyn Minnich,0.46,12/29/2009 12:00:00 AM,-80.8184448340215,35.2132034799555,"https://www.google.com/maps/dir/?api=1&destination=35.213203479955546,-80.81844483402146&travelmode=driving",https://edocs.deq.nc.gov/WasteManagement/edoc/661825/11011_Arrow Laundry II_LURUModel_2010_01_13.docx?dbid=0&repo=WasteManagement,1456890.28283171,537494.056766316
480,1101907045,11019-07-045,Warren Marketing Group,Recorded,5856c79c-c087-43fb-82bf-5e75f194bd58,8/28/2017 7:54:32 PM,jdpeacock_ncdenr,11/3/2023 9:00:05 PM,jdpeacock_ncdenr,626 Greenville Hwy,Hendersonville,Henderson,Tracy Wahl,0.35,9/9/2009 12:00:00 AM,-82.4579826577199,35.3063982796617,"https://www.google.com/maps/dir/?api=1&destination=35.3063982796617,-82.457982657719938&travelmode=driving",https://edocs.deq.nc.gov/WasteManagement/edoc/661826/11019_Warren Marketing Group_LURUModel_2009_10_06.docx?dbid=0&repo=WasteManagement,968545.847777143,584404.179809391
481,1102607060,11026-07-060,Syncot Fibers,Recorded,61ff5420-b47a-4ee0-8677-d1c12cee9fba,8/28/2017 7:54:32 PM,jdpeacock_ncdenr,11/3/2023 9:00:05 PM,jdpeacock_ncdenr,2459 Wilkinson Boulevard,Charlotte,Mecklenburg,Sharon Eckard,3.136,2/9/2009 12:00:00 AM,-80.8819512303683,35.2230751092004,"https://www.google.com/maps/dir/?api=1&destination=35.2230751092004,-80.88195123036827&travelmode=driving",https://edocs.deq.nc.gov/WasteManagement/edoc/661827/11026_Syncot Fibers_LURUModel_2009_09_23.docx?dbid=0&repo=WasteManagement,1437993.32128188,541439.646316066
482,1103107036,11031-07-036,CRS Facility,Recorded,f3bd2e00-6a5b-4bd7-8128-c2976b0df285,8/28/2017 7:54:32 PM,jdpeacock_ncdenr,11/3/2023 9:00:05 PM,jdpeacock_ncdenr,1224 Isley Drive,Gastonia,Gaston,Carolyn Minnich,11.53,7/22/2009 12:00:00 AM,-81.2385995228716,35.285107654798,"https://www.google.com/maps/dir/?api=1&destination=35.285107654797976,-81.23859952287155&travelmode=driving",https://edocs.deq.nc.gov/WasteManagement/edoc/661828/11031_CRS Facility_LURUModel_2009_12_11.docx?dbid=0&repo=WasteManagement,1332013.05456831,566220.849706307
483,1202108074,12021-08-074,Carolina Cove Apts (RN),Recorded,521389aa-2121-4af0-a84f-25fd7f23752e,8/28/2017 7:54:32 PM,jdpeacock_ncdenr,9/9/2024 8:05:14 PM,jdpeacock_ncdenr,111 Lakeview Terrace Drive,Greenville,Pitt,BRS-Property Management,10.02,10/27/2009 12:00:00 AM,-77.3874422039425,35.590944980793,"https://www.google.com/maps/dir/?api=1&destination=35.590944980793,-77.38744220394248&travelmode=driving",https://edocs.deq.nc.gov/WasteManagement/edoc/661829/12021_Carolina Cove Apt_LURUModel_2009_12_11.docx?dbid=0&repo=WasteManagement,2479392.12627539,673894.989344478
484,1202208060,12022-08-060,Wal-Mart #1666-04 (RN),Recorded,64eb45b4-5fcd-4b95-88bf-f16db84f379d,8/28/2017 7:54:32 PM,jdpeacock_ncdenr,3/7/2025 10:11:47 PM,jdpeacock_ncdenr,3800-3900 E. Independence Blvd.,Charlotte,Mecklenburg,Joshawa Billiot,18.79,9/11/2009 12:00:00 AM,-80.7761226771916,35.1994851581769,"https://www.google.com/maps/dir/?api=1&destination=35.199485158176927,-80.77612267719162&travelmode=driving",https://edocs.deq.nc.gov/WasteManagement/edoc/661830/12022_Wal-Mart 1666-04_LURUModel_2009_12_11.docx?dbid=0&repo=WasteManagement,1469439.8505803,532273.308349565
485,1202508060,12025-08-060,West Worthington (RN),Recorded,646b1af9-350b-4576-92a1-1735e77764cf,8/28/2017 7:54:32 PM,jdpeacock_ncdenr,9/9/2024 8:05:14 PM,jdpeacock_ncdenr,118 West Worthington Avenue,Charlotte,Mecklenburg,BRS-Property Management,0.28,6/9/2009 12:00:00 AM,-80.860252561081,35.2122224470654,"https://www.google.com/maps/dir/?api=1&destination=35.212222447065436,-80.86025256108098&travelmode=driving",https://edocs.deq.nc.gov/WasteManagement/edoc/661831/12025_West Worthington_LURUModel_2009_09_30.docx?dbid=0&repo=WasteManagement,1444398.42494147,537368.439235389
486,1002906007,10029-06-007,Water's Oil,Recorded,7b8f7f6f-0867-4eed-9275-5955a014b0cc,8/28/2017 7:54:32 PM,jdpeacock_ncdenr,7/16/2025 9:17:16 PM,jdpeacock_ncdenr,Highway 17 South,Washington,Beaufort,BRS-Property Management,5.94,10/27/2010 12:00:00 AM,-77.0619968556855,35.5403757979038,"https://www.google.com/maps/dir/?api=1&destination=35.5403757979038,-77.06199685568545&travelmode=driving",https://edocs.deq.nc.gov/WasteManagement/edoc/744089/10029_Waters Oil_LURU Model_20170918.docx?dbid=0&repo=WasteManagement,2576490.60793105,657222.999722645
487,1200508060,12005-08-060,Swift Adhesives,Recorded,daf228c4-c7a6-4411-91fd-1ec2d5b29530,8/28/2017 7:54:32 PM,jdpeacock_ncdenr,9/9/2024 7:42:40 PM,jdpeacock_ncdenr,9724 Industrial Drive,Pineville,Mecklenburg,BRS-Property Management,5.36,2/9/2011 12:00:00 AM,-80.8887157488204,35.102800693305,"https://www.google.com/maps/dir/?api=1&destination=35.102800693305035,-80.88871574882043&travelmode=driving",https://edocs.deq.nc.gov/WasteManagement/edoc/663249/12005_Swift Adhesives_LURUModel_2011_11_17.docx?dbid=0&repo=WasteManagement,1435140.70198713,497713.096958309
488,904805060,09048-05-060,Universal Stainless,Recorded,5577410c-9f78-4c49-896b-c32904dd1d65,8/28/2017 7:54:32 PM,jdpeacock_ncdenr,11/3/2023 9:00:07 PM,jdpeacock_ncdenr,10801 Nations Ford Rd,Charlotte,Mecklenburg,Carolyn Minnich,8.13,9/12/2011 12:00:00 AM,-80.9101738927582,35.1144287251119,"https://www.google.com/maps/dir/?api=1&destination=35.1144287251119,-80.9101738927582&travelmode=driving",https://edocs.deq.nc.gov/WasteManagement/edoc/663243/09048_Universal Stainless_LURUModel_20171117.docx?dbid=0&repo=WasteManagement,1428805.40691496,502066.998027399
489,1401510060,14015-10-060,Brookford Street,Recorded,d93c7051-1c44-4a70-b5c5-f5d54fb67b89,8/28/2017 7:54:32 PM,jdpeacock_ncdenr,11/3/2023 9:00:07 PM,jdpeacock_ncdenr,9900 Brookford Street,Charlotte,Mecklenburg,Carolyn Minnich,10.84,6/14/2011 12:00:00 AM,-80.941989869484,35.1233623946918,"https://www.google.com/maps/dir/?api=1&destination=35.123362394691775,-80.941989869484047&travelmode=driving",https://edocs.deq.nc.gov/WasteManagement/edoc/663458/14015_Brookford Street_LURUModel_2011_11_04.docx?dbid=0&repo=WasteManagement,1419356.3444483,505502.280526891
490,1404710088,14047-10-088,Ecusta - Tract G,Recorded,e93bc67d-8707-4b93-b35f-b3fad9f86e06,8/28/2017 7:54:32 PM,jdpeacock_ncdenr,11/3/2023 9:00:07 PM,jdpeacock_ncdenr,1 Ecusta Road,Pisgah Forest,Transylvania,Tracy Wahl,12.99,9/2/2011 12:00:00 AM,-82.7066871269908,35.2668297725862,"https://www.google.com/maps/dir/?api=1&destination=35.2668297725862,-82.706687126990758&travelmode=driving",https://edocs.deq.nc.gov/WasteManagement/edoc/745759/14047_Ecusta Tract G_LURUModel_20170922.docx?dbid=0&repo=WasteManagement,893857.437442973,572690.345625564
491,901305060,09013-05-060,Mitchell's Formal Wear,Recorded,808677f9-d8f9-438f-8288-d5591aceb758,8/28/2017 7:54:32 PM,jdpeacock_ncdenr,11/3/2023 9:00:08 PM,jdpeacock_ncdenr,145 Scaleybark Rd,Charlotte,Mecklenburg,Carolyn Minnich,6.61,2/8/2011 12:00:00 AM,-80.8740279871148,35.1890634298833,"https://www.google.com/maps/dir/?api=1&destination=35.1890634298833,-80.874027987114815&travelmode=driving",https://edocs.deq.nc.gov/WasteManagement/edoc/663241/09013_Mitchell's Formal Wear_LURUModel_2011_11_15.docx?dbid=0&repo=WasteManagement,1440125.49418288,529018.756787807
492,1104507060,11045-07-060,Charlotte Chemical Laboratory (RN),Recorded,923f67af-3c53-4925-8afe-51104b032111,8/28/2017 7:54:32 PM,jdpeacock_ncdenr,11/3/2023 9:00:08 PM,jdpeacock_ncdenr,"1112, 1200 South Boulevard",Charlotte,Mecklenburg,Carolyn Minnich,2.67,11/23/2010 12:00:00 AM,-80.8515681464729,35.2176953142623,"https://www.google.com/maps/dir/?api=1&destination=35.21769531426233,-80.85156814647291&travelmode=driving",https://edocs.deq.nc.gov/WasteManagement/edoc/661775/11045_Charlotte Chemical_LURUModel_2010_12_15.docx?dbid=0&repo=WasteManagement,1447029.04992956,539311.418289065
493,1003606060,10036-06-060,South End Transit,Recorded,2f1ed5f6-17cd-4eff-9f21-17c8e8114bd5,8/28/2017 7:54:32 PM,jdpeacock_ncdenr,4/9/2026 4:08:37 PM,jdpeacock_ncdenr,2316 South Blvd,Charlotte,Mecklenburg,Carolyn Minnich,22.41,11/19/2013 12:00:00 AM,-80.8648325832031,35.2050451835312,"https://www.google.com/maps/dir/?api=1&destination=35.20504518353118,-80.864832583203068&travelmode=driving",https://edocs.deq.nc.gov/WasteManagement/edoc/663245/10036_South End Transit_LURUModel_20171117.docx?dbid=0&repo=WasteManagement,1442981.60165964,534782.44539164
494,601602060,06016-02-060,Radiator Specialty,Recorded,076d507e-5a07-4ebd-9402-01230cad51ce,8/28/2017 7:54:32 PM,jdpeacock_ncdenr,11/3/2023 9:00:08 PM,jdpeacock_ncdenr,1900 Wilkinson Blvd,Charlotte,Mecklenburg,Carolyn Minnich,27,3/2/2011 12:00:00 AM,-80.8705694282609,35.2244729818262,"https://www.google.com/maps/dir/?api=1&destination=35.224472981826246,-80.87056942826085&travelmode=driving",https://edocs.deq.nc.gov/WasteManagement/edoc/663240/06016_Radiator Specialty_LURU Model.docx?dbid=0&repo=WasteManagement,1441401.45357323,541884.062093899
495,1301309060,13013-09-060,Hutchinson Shopping Center,Recorded,47f70f8d-0e50-4be0-b2be-e551a7fa24ff,8/28/2017 7:54:32 PM,jdpeacock_ncdenr,11/3/2023 9:00:09 PM,jdpeacock_ncdenr,N. Graham; W. 24th Streets,Charlotte,Mecklenburg,Carolyn Minnich,5.49,12/16/2010 12:00:00 AM,-80.8295099082347,35.2468347739557,"https://www.google.com/maps/dir/?api=1&destination=35.2468347739557,-80.8295099082347&travelmode=driving",https://edocs.deq.nc.gov/WasteManagement/edoc/997423/13013_Hutchinson Shopping Center_LURU Model_20180112.docx?dbid=0&repo=WasteManagement,1453811.44154847,549792.639452562
496,1104407060,11044-07-060,Charlotte Army Missile Plant (RN),Recorded,731d2e07-bd4c-4345-8e6d-e9a1bcf1bcfb,8/28/2017 7:54:32 PM,jdpeacock_ncdenr,11/3/2023 9:00:09 PM,jdpeacock_ncdenr,1830 Statesville Avenue,Charlotte,Mecklenburg,Carolyn Minnich,24.06,11/1/2010 12:00:00 AM,-80.8330022689735,35.2485796413717,"https://www.google.com/maps/dir/?api=1&destination=35.2485796413717,-80.83300226897347&travelmode=driving",https://edocs.deq.nc.gov/WasteManagement/edoc/661774/11044_Charlotte Army Missile Plant_LURUModel_2010_11_04.docx?dbid=0&repo=WasteManagement,1452780.66145781,550446.802186221
497,1103207060,11032-07-060,BASF Facility,Recorded,288f1756-a17e-409c-9f1c-78230a11a55d,8/28/2017 7:54:32 PM,jdpeacock_ncdenr,11/3/2023 9:00:09 PM,jdpeacock_ncdenr,4330 Chesapeake Drive,Charlotte,Mecklenburg,Carolyn Minnich,12.86,6/27/2011 12:00:00 AM,-80.874470104685,35.2789653427469,"https://www.google.com/maps/dir/?api=1&destination=35.2789653427469,-80.874470104685&travelmode=driving",https://edocs.deq.nc.gov/WasteManagement/edoc/663248/11032_BASF Facility_LURUModel_2011_11_04.docx?dbid=0&repo=WasteManagement,1440611.21269964,561734.788796559
498,903605045,09036-05-045,Baxter Oil (Former),Recorded,1ffb0e23-94ec-453b-ab6a-0ffddc661c98,8/28/2017 7:54:32 PM,jdpeacock_ncdenr,11/3/2023 9:00:09 PM,jdpeacock_ncdenr,619 Spartanburg Hwy,Hendersonville,Henderson,Tracy Wahl,0.21,12/17/2010 12:00:00 AM,-82.4571172800396,35.3068596162754,"https://www.google.com/maps/dir/?api=1&destination=35.306859616275418,-82.4571172800396&travelmode=driving",https://edocs.deq.nc.gov/WasteManagement/edoc/744086/09036_Baxter Oil_LURU Model_20170918.docx?dbid=0&repo=WasteManagement,968809.716343895,584562.990843475
499,1104807054,11048-07-054,West Pharmaceutical,Recorded,af47ec20-ddbc-4fa4-8c82-af662357569b,8/28/2017 7:54:32 PM,jdpeacock_ncdenr,7/16/2025 9:17:16 PM,jdpeacock_ncdenr,2525 Rouse Road Extension,Kinston,Lenoir,BRS-Property Management,26.5,11/23/2010 12:00:00 AM,-77.6140451348925,35.3171998368955,"https://www.google.com/maps/dir/?api=1&destination=35.31719983689553,-77.6140451348925&travelmode=driving",https://edocs.deq.nc.gov/WasteManagement/edoc/661776/11048_West Pharmaceutical_LURUModel_2010_12_20.docx?dbid=0&repo=WasteManagement,2413421.88518463,573254.712607056
500,903305011,09033-05-011,Asheville Ice Plant,Recorded,93686509-ee06-4110-b40b-7606821c222a,8/28/2017 7:54:32 PM,jdpeacock_ncdenr,11/3/2023 9:00:11 PM,jdpeacock_ncdenr,90 Riverside Dr,Asheville,Buncombe,Tracy Wahl,3.14,12/22/2010 12:00:00 AM,-82.5688552360603,35.5870827039563,"https://www.google.com/maps/dir/?api=1&destination=35.58708270395631,-82.56885523606026&travelmode=driving",https://edocs.deq.nc.gov/WasteManagement/edoc/741953/09033_Asheville Ice Plant_LURU Model_20170915.docx?dbid=0&repo=WasteManagement,939160.4367318,687666.670790568
501,1402110011,14021-10-011,Deal Motors,Recorded,732cc53c-3b3e-4642-b052-a95173a3d36d,8/28/2017 7:54:32 PM,jdpeacock_ncdenr,11/3/2023 9:00:11 PM,jdpeacock_ncdenr,136 Merrimon Avenue,Asheville,Buncombe,Tracy Wahl,4.61,1/19/2011 12:00:00 AM,-82.5540321937569,35.6039866671207,"https://www.google.com/maps/dir/?api=1&destination=35.603986667120715,-82.5540321937569&travelmode=driving",https://edocs.deq.nc.gov/WasteManagement/edoc/661793/14021_Deal Motors_LURUModel_2012_01_20.docx?dbid=0&repo=WasteManagement,943784.917640299,693657.24706398
502,1302409074,13024-09-074,Bosch Tool Facility,Recorded,a13f56ca-b4a6-43df-bcff-5d839f86d3d2,8/28/2017 7:54:32 PM,jdpeacock_ncdenr,9/9/2024 7:42:41 PM,jdpeacock_ncdenr,310 Staton Drive,Greenville,Pitt,BRS-Property Management,10.64,12/21/2017 12:00:00 AM,-77.3599104937566,35.6503192512421,"https://www.google.com/maps/dir/?api=1&destination=35.65031925124205,-77.35991049375664&travelmode=driving",https://edocs.deq.nc.gov/WasteManagement/edoc/663253/13024_Bosch Tool_LURUModel_20171221.docx?dbid=0&repo=WasteManagement,2487219.16180238,695636.941923484
503,1300909012,13009-09-012,Burke Mills,Recorded,6c2c879e-673e-4a84-b9dc-3b47eea2a682,8/28/2017 7:54:32 PM,jdpeacock_ncdenr,11/3/2023 9:00:12 PM,jdpeacock_ncdenr,"191 Sterling Street, Nw",Valdese,Burke,Tracy Wahl,37,12/10/2010 12:00:00 AM,-81.5770137605142,35.7485522194693,"https://www.google.com/maps/dir/?api=1&destination=35.748552219469268,-81.5770137605142&travelmode=driving",https://edocs.deq.nc.gov/WasteManagement/edoc/839082/13009_Burke Warehouse_LURU Model.docx?dbid=0&repo=WasteManagement,1235431.34386072,737291.872392982
504,1203008076,12030-08-076,Garco,Recorded,edfd8662-35c0-4e38-865c-c0d47e41ba08,8/28/2017 7:54:32 PM,jdpeacock_ncdenr,11/3/2023 9:00:12 PM,jdpeacock_ncdenr,2242 Carl Drive,Asheboro,Randolph,Sharon Eckard,11.33,2/3/2011 12:00:00 AM,-79.8172979322591,35.7660687106836,"https://www.google.com/maps/dir/?api=1&destination=35.76606871068361,-79.81729793225905&travelmode=driving",https://edocs.deq.nc.gov/WasteManagement/edoc/838811/12030_GARCO_LURUModel_2011_11_15.docx?dbid=0&repo=WasteManagement,1757546.18611188,734741.270538807
505,1301009092,13010-09-092,Contemporary Art Museum,Recorded,af81b90a-1407-4b5b-bd79-490d63af0197,8/28/2017 7:54:32 PM,jdpeacock_ncdenr,9/9/2024 7:42:41 PM,jdpeacock_ncdenr,409 West Martin Street,Raleigh,Wake,BRS-Property Management,0.56,4/28/2011 12:00:00 AM,-78.645687833574,35.7769006695824,"https://www.google.com/maps/dir/?api=1&destination=35.776900669582417,-78.64568783357397&travelmode=driving",https://edocs.deq.nc.gov/WasteManagement/edoc/838814/13010_Contemporary Art Museum_LURUModel_2011_11_08.docx?dbid=0&repo=WasteManagement,2105095.78825539,737873.490652308
506,904105014,09041-05-014,NACCO Materials,Recorded,900cb37e-e628-46d4-86e3-76e1f8e6dd4f,8/28/2017 7:54:32 PM,jdpeacock_ncdenr,11/3/2023 9:00:12 PM,jdpeacock_ncdenr,2040 Morganton Blvd Sw,Lenoir,Caldwell,Tracy Wahl,27.55,12/27/2011 12:00:00 AM,-81.5631157325032,35.8979427356837,"https://www.google.com/maps/dir/?api=1&destination=35.8979427356837,-81.5631157325032&travelmode=driving",https://edocs.deq.nc.gov/WasteManagement/edoc/838808/09041_NACCO Materials_LURUModel_2012_10_29.docx?dbid=0&repo=WasteManagement,1240957.66810989,791544.988295972
507,906905034,09069-05-034,Piedmont Triad Research Park (Southern),Recorded,e9d9c4a4-b537-46fd-b491-d100d6e24412,8/28/2017 7:54:32 PM,jdpeacock_ncdenr,9/9/2024 7:42:41 PM,jdpeacock_ncdenr,Medical Center Blvd.,Winston-Salem,Forsyth,BRS-Property Management,40.64,2/28/2011 12:00:00 AM,-80.2346943597975,36.0914435657811,"https://www.google.com/maps/dir/?api=1&destination=36.091443565781,-80.234694359797516&travelmode=driving",https://edocs.deq.nc.gov/WasteManagement/edoc/838809/09069_Piedmont Triad Research Park (Sourthern) _LURUModel_20180111.docx?dbid=0&repo=WasteManagement,1635202.30776864,854452.551128894
508,1300309039,13003-09-039,Athol,Recorded,c5a83ad5-33b7-42f5-9c21-b59fbd7c8ca6,8/28/2017 7:54:32 PM,jdpeacock_ncdenr,9/9/2024 7:42:42 PM,jdpeacock_ncdenr,100 22Nd St; 403 E. C St; 106 20Th St,Butner,Granville,BRS-Property Management,21.1,8/11/2011 12:00:00 AM,-78.7515406685294,36.1364240345751,"https://www.google.com/maps/dir/?api=1&destination=36.13642403457508,-78.7515406685294&travelmode=driving",https://edocs.deq.nc.gov/WasteManagement/edoc/838813/13003_Athol Manufacturing_LURUModel_2011_11_04.docx?dbid=0&repo=WasteManagement,2073370.5738188,868650.375423476
509,1005106066,10051-06-066,Procter Property,Recorded,ae73d5f1-796e-406c-91f2-b6d357786db7,8/28/2017 7:54:32 PM,jdpeacock_ncdenr,9/9/2024 7:42:42 PM,jdpeacock_ncdenr,4084 Nc Highway 186,Seaboard,Northampton,BRS-Property Management,7.1,5/17/2011 12:00:00 AM,-77.4289739459575,36.4967877096221,"https://www.google.com/maps/dir/?api=1&destination=36.49678770962213,-77.42897394595752&travelmode=driving",https://edocs.deq.nc.gov/WasteManagement/edoc/663246/10051_Proctor Property_LURUModel_2011_11_16.docx?dbid=0&repo=WasteManagement,2461827.92977655,1003412.16397023
510,702703083,07027-03-083,Abbott Laboratories,Recorded,5a05ae3b-c370-40d6-b12d-e49ef730f5b9,8/28/2017 7:54:32 PM,jdpeacock_ncdenr,7/16/2025 9:17:16 PM,jdpeacock_ncdenr,16900 Aberdeen Road,Laurinburg,Scotland,BRS-Property Management,50.75,7/26/2010 12:00:00 AM,-79.4548815790037,34.8002142513983,"https://www.google.com/maps/dir/?api=1&destination=34.8002142513983,-79.454881579003668&travelmode=driving",https://edocs.deq.nc.gov/WasteManagement/edoc/661473/07027_Abbott Labs_LURUModel_2010_11_08.docx?dbid=0&repo=WasteManagement,1863446.58126606,382530.91262497
511,703003026,07030-03-026,Cedar Creek,Recorded,713a3b95-1d42-470f-857b-84446af8c92b,8/28/2017 7:54:32 PM,jdpeacock_ncdenr,4/9/2026 4:08:37 PM,jdpeacock_ncdenr,3468 Cedar Creek Rd,Fayetteville,Cumberland,Stephanie Hempel,171.82,8/18/2010 12:00:00 AM,-78.7834788177674,34.9834013185718,"https://www.google.com/maps/dir/?api=1&destination=34.98340131857177,-78.783478817767445&travelmode=driving",https://edocs.deq.nc.gov/WasteManagement/edoc/661716/07030_Cedar Creek_LURUModel_2010_11_09.docx?dbid=0&repo=WasteManagement,2064854.64400031,448956.38705723
512,904605034,09046-05-034,Piedmont Triad Research Park (Northern),Recorded,075767bc-04ba-4bf5-b006-90746e014922,8/28/2017 7:54:32 PM,jdpeacock_ncdenr,5/6/2025 8:32:11 PM,jdpeacock_ncdenr,Vine St,Winston-Salem,Forsyth,Andrew Goodwin,49.02,2/19/2010 12:00:00 AM,-80.2390825104825,36.1020574745396,"https://www.google.com/maps/dir/?api=1&destination=36.1020574745396,-80.2390825104825&travelmode=driving",https://edocs.deq.nc.gov/WasteManagement/edoc/744087/09046_Piedmont Triad Research Park (Northern)_LURU Model_20170918.docx?dbid=0&repo=WasteManagement,1633954.0943858,858332.259576812
513,1005206018,10052-06-018,Broyhill Furniture,Recorded,f06627b1-34c2-4e32-a7a3-54688b0f20cf,8/28/2017 7:54:32 PM,jdpeacock_ncdenr,11/3/2023 9:00:14 PM,jdpeacock_ncdenr,409 4Th Street Pl SE,Conover,Catawba,Tracy Wahl,26.45,5/5/2010 12:00:00 AM,-81.217950613499,35.7017035067683,"https://www.google.com/maps/dir/?api=1&destination=35.70170350676826,-81.21795061349901&travelmode=driving",https://edocs.deq.nc.gov/WasteManagement/edoc/745754/10052_Broyhill Furniture_LURUModel_20170817.docx?dbid=0&repo=WasteManagement,1341561.0039763,717670.945755646
514,1006206090,10062-06-090,Schrader-Bridgeport,Recorded,9f657c21-dd27-4be3-8eef-88b826d63277,8/28/2017 7:54:32 PM,jdpeacock_ncdenr,9/9/2024 8:05:14 PM,jdpeacock_ncdenr,1609 Airport Road,Monroe,Union,BRS-Property Management,10,8/11/2010 12:00:00 AM,-80.6234506009299,35.0235473963786,"https://www.google.com/maps/dir/?api=1&destination=35.02354739637863,-80.62345060092987&travelmode=driving",https://edocs.deq.nc.gov/WasteManagement/edoc/744090/10062_Schrader-Bridgeport_LURU Model_20170918.docx?dbid=0&repo=WasteManagement,1513994.48686455,467470.347076476
515,1006506041,10065-06-041,Duke Power MGP,Recorded,375c5426-69da-4d8b-b1d3-15f65e3c92f1,8/28/2017 7:54:32 PM,jdpeacock_ncdenr,11/3/2023 9:00:15 PM,jdpeacock_ncdenr,321 E. Friendly Avenue,Greensboro,Guilford,Sharon Eckard,3.938,1/15/2010 12:00:00 AM,-79.785291452089,36.0740668444247,"https://www.google.com/maps/dir/?api=1&destination=36.07406684442467,-79.785291452089&travelmode=driving",https://edocs.deq.nc.gov/WasteManagement/edoc/744091/10065_Duke Power MGP_LURU Model_20170918.docx?dbid=0&repo=WasteManagement,1767927.7260443,846776.086823061
516,1103007092,11030-07-092,RBC Tower Parking Deck,Recorded,9ef7d58d-68fc-4019-a387-4ce508233dc6,8/28/2017 7:54:32 PM,jdpeacock_ncdenr,9/9/2024 7:42:43 PM,jdpeacock_ncdenr,331 S. Wilmington Street,Raleigh,Wake,BRS-Property Management,1.2,5/7/2010 12:00:00 AM,-78.6375148036626,35.776224644643,"https://www.google.com/maps/dir/?api=1&destination=35.776224644642987,-78.63751480366258&travelmode=driving",https://edocs.deq.nc.gov/WasteManagement/edoc/744093/11030_RBC Tower Parking Deck_LURU Model_20170918.docx?dbid=0&repo=WasteManagement,2107520.93497989,737636.176166311
517,1103607092,11036-07-092,Triangle Drive,Recorded,a13e3593-2365-420e-9ceb-0b3164b890b8,8/28/2017 7:54:32 PM,jdpeacock_ncdenr,9/9/2024 7:42:43 PM,jdpeacock_ncdenr,6009 Triangle Drive,Raleigh,Wake,BRS-Property Management,2,5/27/2010 12:00:00 AM,-78.7475036888014,35.8934247660194,"https://www.google.com/maps/dir/?api=1&destination=35.8934247660194,-78.7475036888014&travelmode=driving",https://edocs.deq.nc.gov/WasteManagement/edoc/661771/11036_Triangle Drive_LURUModel_2010_11_19.docx?dbid=0&repo=WasteManagement,2074787.67990847,780195.869918138
518,1103707060,11037-07-060,Double Oaks,Recorded,25e50598-f5ef-4f36-8894-699119881309,8/28/2017 7:54:32 PM,jdpeacock_ncdenr,11/3/2023 9:00:16 PM,jdpeacock_ncdenr,2623 Double Oaks Road,Charlotte,Mecklenburg,Carolyn Minnich,58.54,10/29/2010 12:00:00 AM,-80.8398626519456,35.2525019907944,"https://www.google.com/maps/dir/?api=1&destination=35.2525019907944,-80.839862651945637&travelmode=driving",https://edocs.deq.nc.gov/WasteManagement/edoc/662618/11037_Double Oaks (Amended)_LURUModel_2015_08_21.docx?dbid=0&repo=WasteManagement,1450759.26917514,551911.969203398
519,1104007041,11040-07-041,Avery Dennison Corp (RN),Recorded,6dbc57c8-11fb-4f99-b587-343dc317b011,8/28/2017 7:54:32 PM,jdpeacock_ncdenr,8/7/2026 5:05:12 PM,jdpeacock_ncdenr,2305 Soabar Street,Greensboro,Guilford,Sydney Janda,11.83,1/25/2010 12:00:00 AM,-79.7955646819799,36.0413479549248,"https://www.google.com/maps/dir/?api=1&destination=36.0413479549248,-79.79556468197991&travelmode=driving",https://edocs.deq.nc.gov/WasteManagement/edoc/661773/11040_Avery Dennison_LURUModel_2010_11_19.docx?dbid=0&repo=WasteManagement,1764796.34352756,834889.952458888
520,1201308036,12013-08-036,Wix Filtration - Allen Plant (RN),Recorded,60e49279-83a0-4c43-a62c-d7ecebbcc81a,8/28/2017 7:54:32 PM,jdpeacock_ncdenr,9/4/2025 8:11:06 PM,jdpeacock_ncdenr,2900 Northwest Blvd,Gastonia,Gaston,BRS-Property Management,31.24,8/4/2010 12:00:00 AM,-81.2250282742131,35.2764696231494,"https://www.google.com/maps/dir/?api=1&destination=35.27646962314938,-81.22502827421307&travelmode=driving",https://edocs.deq.nc.gov/WasteManagement/edoc/661779/12013_Wix Filtration_LURUModel_2010_12_13.docx?dbid=0&repo=WasteManagement,1335991.51347488,562986.800728232
521,1201808060,12018-08-060,Hondros Property,Recorded,0354cbd0-7dc1-4778-8332-7bc4f17c585b,8/28/2017 7:54:32 PM,jdpeacock_ncdenr,11/3/2023 9:00:17 PM,jdpeacock_ncdenr,"9101, 9111 Nations Ford Road",Charlotte,Mecklenburg,Carolyn Minnich,16.39,3/24/2010 12:00:00 AM,-80.8898750811425,35.1347299354595,"https://www.google.com/maps/dir/?api=1&destination=35.13472993545951,-80.8898750811425&travelmode=driving",https://edocs.deq.nc.gov/WasteManagement/edoc/661780/12018_Hondros Property_LURUModel_2010_11_17.docx?dbid=0&repo=WasteManagement,1435015.23176564,509337.892934397
522,1201908041,12019-08-041,Color Works II,Recorded,1ef93216-5738-49c6-895d-32087ca7968d,8/28/2017 7:54:32 PM,jdpeacock_ncdenr,9/9/2024 7:42:43 PM,jdpeacock_ncdenr,"3008, 3010 Executive Drive",Greensboro,Guilford,BRS-Property Management,4.35,6/16/2010 12:00:00 AM,-79.7849006760417,36.0278918523443,"https://www.google.com/maps/dir/?api=1&destination=36.0278918523443,-79.7849006760417&travelmode=driving",https://edocs.deq.nc.gov/WasteManagement/edoc/661783/12019_Color Works II_LURUModel_2010_11_19.docx?dbid=0&repo=WasteManagement,1767910.30416314,829966.615848899
523,1202608041,12026-08-041,Hilemn Laboratories,Recorded,aad745df-83f6-4eb1-97c9-29d4a2fd0023,8/28/2017 7:54:32 PM,jdpeacock_ncdenr,9/9/2024 7:42:44 PM,jdpeacock_ncdenr,3125 Spring Garden Street,Greensboro,Guilford,BRS-Property Management,0.923,2/4/2010 12:00:00 AM,-79.8467612545877,36.060277531532,"https://www.google.com/maps/dir/?api=1&destination=36.06027753153195,-79.84676125458773&travelmode=driving",https://edocs.deq.nc.gov/WasteManagement/edoc/661784/12026_Hilemn Labs_LURUModel_2010_11_19.docx?dbid=0&repo=WasteManagement,1749719.48326139,841905.840329975
524,1203408034,12034-08-034,Hanesbrands Theatre,Recorded,5b029eaf-ca85-447b-8018-b326be8184a8,8/28/2017 7:54:32 PM,jdpeacock_ncdenr,9/9/2024 7:42:44 PM,jdpeacock_ncdenr,201 N. Spruce Street,Winston-Salem,Forsyth,BRS-Property Management,0.46,8/20/2010 12:00:00 AM,-80.2481834665861,36.0961001558388,"https://www.google.com/maps/dir/?api=1&destination=36.096100155838755,-80.2481834665861&travelmode=driving",https://edocs.deq.nc.gov/WasteManagement/edoc/661785/12034_Hanesbrands Theatre_LURUModel_2010_11_04.docx?dbid=0&repo=WasteManagement,1631238.38590647,856197.426576138
525,1203908060,12039-08-060,Rachel Street,Recorded,2b8466b3-2ee0-40e3-956a-5ac65fc7cd7a,8/28/2017 7:54:32 PM,jdpeacock_ncdenr,11/3/2023 9:00:18 PM,jdpeacock_ncdenr,2404 Rachel Street,Charlotte,Mecklenburg,Carolyn Minnich,0.52,8/31/2010 12:00:00 AM,-80.8299793600607,35.2528728447632,"https://www.google.com/maps/dir/?api=1&destination=35.2528728447632,-80.82997936006073&travelmode=driving",https://edocs.deq.nc.gov/WasteManagement/edoc/661786/12039_Rachel Street_LURUModel_2010_11_05.docx?dbid=0&repo=WasteManagement,1453711.8131388,551992.38177222
526,1300109097,13001-09-097,Block 46,Recorded,dcd48142-5935-4bbe-9fad-0f7e6cc2d4e0,8/28/2017 7:54:32 PM,jdpeacock_ncdenr,7/8/2026 8:24:00 PM,jdpeacock_ncdenr,1101 D Street And 110 Wilkesboro Ave,North Wilkesboro,Wilkes,Joselyn Harriger,28.35,8/24/2010 12:00:00 AM,-81.1495216511224,36.1576167709691,"https://www.google.com/maps/dir/?api=1&destination=36.15761677096907,-81.14952165112238&travelmode=driving",https://edocs.deq.nc.gov/WasteManagement/edoc/737997/13001_Block 46_LURUModel_20170602.docx?dbid=0&repo=WasteManagement,1365465.45190223,883143.821830228
527,1300409060,13004-09-060,Virkler Facility II,Recorded,e397e8bf-1bd8-45fa-87a4-2957b4b50275,8/28/2017 7:54:32 PM,jdpeacock_ncdenr,11/3/2023 9:00:18 PM,jdpeacock_ncdenr,"1000, 1010, 1020, 1022-A, 1022-B, 1022-C Pressley",Charlotte,Mecklenburg,Sharon Eckard,4.01,4/15/2010 12:00:00 AM,-80.8937266091204,35.191716808155,"https://www.google.com/maps/dir/?api=1&destination=35.19171680815498,-80.89372660912042&travelmode=driving",https://edocs.deq.nc.gov/WasteManagement/edoc/661788/13004_Virkler Facility II_LURUModel_2010_11_08.docx?dbid=0&repo=WasteManagement,1434259.56234522,530095.941313222
528,1400910060,14009-10-060,West Tremont (RN),Recorded,29051671-6e5d-4749-9435-b88992d06af7,8/28/2017 7:54:32 PM,jdpeacock_ncdenr,9/9/2024 8:05:14 PM,jdpeacock_ncdenr,West Tremont Avenue; South Tryon Street,Charlotte,Mecklenburg,BRS-Property Management,2.18,10/15/2010 12:00:00 AM,-80.8647657185379,35.2115553397709,"https://www.google.com/maps/dir/?api=1&destination=35.21155533977086,-80.86476571853785&travelmode=driving",https://edocs.deq.nc.gov/WasteManagement/edoc/661792/14009_330 West Tremont_LURUModel_2010_11_19.docx?dbid=0&repo=WasteManagement,1443046.07626823,537150.982649311
529,1401210092,14012-10-092,Austin Foods II (RN),Recorded,fdc58b59-c4e9-4b29-ae4e-b2d4544e69d3,8/28/2017 7:54:32 PM,jdpeacock_ncdenr,9/4/2025 8:11:06 PM,jdpeacock_ncdenr,0 East Chatham Street,Cary,Wake,BRS-Property Management,2,3/31/2011 12:00:00 AM,-78.7727292896021,35.7906016767916,"https://www.google.com/maps/dir/?api=1&destination=35.790601676791646,-78.77272928960207&travelmode=driving",https://edocs.deq.nc.gov/WasteManagement/edoc/838819/14012_Austin Foods II_LURUModel_2011_11_17.docx?dbid=0&repo=WasteManagement,2067401.81115006,742750.179717809
530,1401610034,14016-10-034,SPATCO (Southern Pump and Tank Co.),Recorded,a346338e-a1e8-44c4-a111-0602cff351f9,8/28/2017 7:54:32 PM,jdpeacock_ncdenr,9/9/2024 7:42:44 PM,jdpeacock_ncdenr,1680 Lowery Street,Winston-Salem,Forsyth,BRS-Property Management,2.97,5/31/2011 12:00:00 AM,-80.2219452962631,36.0932013690422,"https://www.google.com/maps/dir/?api=1&destination=36.09320136904217,-80.221945296263087&travelmode=driving",https://edocs.deq.nc.gov/WasteManagement/edoc/838820/14016_SPATCO_LURUModel_2011_11_17.docx?dbid=0&repo=WasteManagement,1638976.78709631,855045.79830198
531,1403010041,14030-10-041,Cotton Mill Square Addendum,Recorded,b135d25b-7d1a-48ef-9f42-fd10e73aa3fe,8/28/2017 7:54:32 PM,jdpeacock_ncdenr,9/9/2024 8:05:14 PM,jdpeacock_ncdenr,801 Merrit Dr.,Greensboro,Guilford,BRS-Property Management,2.392,10/11/2010 12:00:00 AM,-79.8542126636585,36.0589953628968,"https://www.google.com/maps/dir/?api=1&destination=36.0589953628968,-79.854212663658487&travelmode=driving",https://edocs.deq.nc.gov/WasteManagement/edoc/742680/14030_Cotton Mill Sq Amendment_LURU Model_20170918.docx?dbid=0&repo=WasteManagement,1747513.0719918,841457.977380559
532,1403810060,14038-10-060,Clarkson Street,Recorded,6d4e968f-3625-4a9f-a916-4eab36f1ba20,8/28/2017 7:54:32 PM,jdpeacock_ncdenr,7/16/2025 9:17:16 PM,jdpeacock_ncdenr,Clarkson Street,Charlotte,Mecklenburg,Joshawa Billiot,19.96,8/29/2011 12:00:00 AM,-80.8582990252026,35.2266154842383,"https://www.google.com/maps/dir/?api=1&destination=35.22661548423826,-80.858299025202555&travelmode=driving",https://edocs.deq.nc.gov/WasteManagement/edoc/663462/14038_Clarkson Street_LURUModel_2011_11_08.docx?dbid=0&repo=WasteManagement,1445079.87272555,542594.8579164
533,1404510065,14045-10-065,Deutsch Relays,Recorded,5892d4ce-e60f-4fe1-b301-21a2903f4ac9,8/28/2017 7:54:32 PM,jdpeacock_ncdenr,7/16/2025 9:17:16 PM,jdpeacock_ncdenr,2021 Gardner Road,Wilmington,New Hanover,BRS-Property Management,1.5,8/19/2011 12:00:00 AM,-77.9129286147556,34.2769836951577,"https://www.google.com/maps/dir/?api=1&destination=34.276983695157675,-77.91292861475564&travelmode=driving",https://edocs.deq.nc.gov/WasteManagement/edoc/663459/14045_Deutsch Relays_LURUModel_2011_11_09.docx?dbid=0&repo=WasteManagement,2328416.50138997,193595.536887556
534,1402610011,14026-10-011,The Old Wood,Recorded,e5abe4e8-4397-4bf6-83df-71e4029e16c0,8/28/2017 7:54:32 PM,jdpeacock_ncdenr,11/3/2023 9:00:20 PM,jdpeacock_ncdenr,99 Riverside Drive,Asheville,Buncombe,Tracy Wahl,0.49,2/13/2012 12:00:00 AM,-82.5686857547114,35.5877013394291,"https://www.google.com/maps/dir/?api=1&destination=35.587701339429117,-82.568685754711368&travelmode=driving",https://edocs.deq.nc.gov/WasteManagement/edoc/838821/14026_The Old Wood Company_LURUModel_2012_11_05.docx?dbid=0&repo=WasteManagement,939218.886089966,687889.880645975
535,1302209092,13022-09-092,Raleigh MGP,Recorded,69a04638-96c9-449d-bbe4-0703c58cf709,8/28/2017 7:54:32 PM,jdpeacock_ncdenr,11/3/2023 9:00:20 PM,jdpeacock_ncdenr,600 West Cabarrus Street,Raleigh,Wake,Sharon Eckard,4.44,11/14/2011 12:00:00 AM,-78.6479313144458,35.7751972698217,"https://www.google.com/maps/dir/?api=1&destination=35.775197269821746,-78.64793131444584&travelmode=driving",https://edocs.deq.nc.gov/WasteManagement/edoc/745826/13022_Raleigh MGP_LURUModel_20170925.docx?dbid=0&repo=WasteManagement,2104432.53564489,737251.101149067
536,1403210032,14032-10-032,Burlington Industries - Durham (RN),Recorded,2f1b20ad-b548-46e4-9046-c27b554248d6,8/28/2017 7:54:32 PM,jdpeacock_ncdenr,9/9/2024 8:05:14 PM,jdpeacock_ncdenr,2109 Hillsborough Rd,Durham,Durham,BRS-Property Management,6.38,12/2/2011 12:00:00 AM,-78.9243596591812,36.0084277196227,"https://www.google.com/maps/dir/?api=1&destination=36.008427719622688,-78.9243596591812&travelmode=driving",https://edocs.deq.nc.gov/WasteManagement/edoc/838822/14032_Burlington Industries Durham_LURUModel_2012_01_31.docx?dbid=0&repo=WasteManagement,2022372.84313731,821972.159724981
537,500101060,05001-01-060,Camden Square Addition,Recorded,5ec98ee9-015a-4b70-85ed-8e6c50cdd91b,8/28/2017 7:54:32 PM,jdpeacock_ncdenr,9/9/2024 7:42:45 PM,jdpeacock_ncdenr,307 W Worthington Ave,Charlotte,Mecklenburg,BRS-Property Management,4.5,8/14/2001 12:00:00 AM,-80.8633946429228,35.2127604514875,"https://www.google.com/maps/dir/?api=1&destination=35.21276045148746,-80.8633946429228&travelmode=driving",https://edocs.deq.nc.gov/WasteManagement/ElectronicFile.aspx?docid=741821&dbid=0&repo=WasteManagement,1443463.76342498,537581.808887392
538,1203208092,12032-08-092,NC Equipment II,Recorded,3aaf43be-668a-4381-ac8a-0f24f72bd3ba,8/28/2017 7:54:32 PM,jdpeacock_ncdenr,9/9/2024 7:42:45 PM,jdpeacock_ncdenr,"5, 7 Rosemary St; 3112 Stanhope Avw (Lot 1R)",Raleigh,Wake,BRS-Property Management,0.99,3/10/2009 12:00:00 AM,-78.6791111447818,35.7895841707011,"https://www.google.com/maps/dir/?api=1&destination=35.78958417070108,-78.67911114478184&travelmode=driving",https://edocs.deq.nc.gov/WasteManagement/ElectronicFile.aspx?docid=737996&dbid=0&repo=WasteManagement,2095166.98199755,742456.469347224
539,701603088,07016-03-088,Ecusta,Recorded,a03d7995-227e-4532-84c7-c52b65984132,8/28/2017 7:54:32 PM,jdpeacock_ncdenr,9/9/2024 7:42:45 PM,jdpeacock_ncdenr,1 Ecusta Rd.,Pisgah Forest,Transylvania,BRS-Property Management,213.41,10/8/2004 12:00:00 AM,-82.7056298795121,35.265440743501,"https://www.google.com/maps/dir/?api=1&destination=35.265440743500967,-82.705629879512088&travelmode=driving",https://edocs.deq.nc.gov/WasteManagement/edoc/741888/07016_Ecusta_LURU Model_20170914.docx?dbid=0&repo=WasteManagement,894153.926351309,572173.385701478
540,904905021,09049-05-021,Leary Brothers,Recorded,5946ec79-e473-4336-922d-f83dad5e3974,8/28/2017 7:54:32 PM,jdpeacock_ncdenr,9/9/2024 7:42:46 PM,jdpeacock_ncdenr,101 Virginia Rd,Edenton,Chowan,BRS-Property Management,4.2,10/30/2009 12:00:00 AM,-76.6065214943274,36.0690864816694,"https://www.google.com/maps/dir/?api=1&destination=36.06908648166942,-76.6065214943274&travelmode=driving",https://edocs.deq.nc.gov/WasteManagement/edoc/661816/09049_Leary Brothers_LURUModel_2009_11_24.docx?dbid=0&repo=WasteManagement,2707315.57659556,852572.483694807
541,1301709026,13017-09-026,Texfi Industries - Fayetteville,Recorded,fc292612-fe7f-4c9e-a73f-7f7b98aa4396,8/28/2017 7:54:32 PM,jdpeacock_ncdenr,11/3/2023 9:00:22 PM,jdpeacock_ncdenr,601 Hoffer Drive,Fayetteville,Cumberland,Sharon Eckard,79.07,11/5/2012 12:00:00 AM,-78.8689659126446,35.0840844640644,"https://www.google.com/maps/dir/?api=1&destination=35.08408446406436,-78.8689659126446&travelmode=driving",https://edocs.deq.nc.gov/WasteManagement/edoc/664231/13017_Texfi Ind_LURUModel_2017_01_18.docx?dbid=0&repo=WasteManagement,2039200.64412731,485553.730200976
542,801604068,08016-04-068,Padgette Lane,Recorded,14f35eac-a2e7-4de6-b731-ee169b56bf3a,8/28/2017 7:54:32 PM,jdpeacock_ncdenr,11/3/2023 9:00:22 PM,jdpeacock_ncdenr,105 Padgette Ln,Carrboro,Orange,Sharon Eckard,0.97,9/30/2008 12:00:00 AM,-79.0680339110696,35.9095883045607,"https://www.google.com/maps/dir/?api=1&destination=35.90958830456067,-79.06803391106956&travelmode=driving",https://edocs.deq.nc.gov/WasteManagement/edoc/741911/08016_Padgette Lane_LURU Model_20170914.docx?dbid=0&repo=WasteManagement,1979853.86091822,785991.336017475
543,1200308034,12003-08-034,Sun Chemical Facility,Recorded,63d9ae70-6ff8-4e6f-9f15-9e5f1ae3241f,8/28/2017 7:54:32 PM,jdpeacock_ncdenr,9/9/2024 8:05:14 PM,jdpeacock_ncdenr,1100 Fairchild Road,Winston-Salem,Forsyth,BRS-Property Management,5.26,2/12/2010 12:00:00 AM,-80.2293250998685,36.1304661201583,"https://www.google.com/maps/dir/?api=1&destination=36.130466120158346,-80.229325099868518&travelmode=driving",https://edocs.deq.nc.gov/WasteManagement/edoc/661778/12003_Sun Chemical Facility_LURUModel_2011_08_08.docx?dbid=0&repo=WasteManagement,1636964.52373239,868637.512588307
544,1300509060,13005-09-060,Tyner Street,Recorded,076d3a27-ab74-4553-bc0e-edd282f5c990,8/28/2017 7:54:32 PM,jdpeacock_ncdenr,11/3/2023 9:00:23 PM,jdpeacock_ncdenr,"7810, 7812, 7814, 7816, 7818, 7820, 7842 Tyner Str",Charlotte,Mecklenburg,Carolyn Minnich,2.36,12/13/2013 12:00:00 AM,-80.7601490672809,35.2892699614586,"https://www.google.com/maps/dir/?api=1&destination=35.28926996145857,-80.76014906728086&travelmode=driving",https://edocs.deq.nc.gov/WasteManagement/edoc/839117/13005_Tyner Street Redevelopment_LURU Model_20171117.docx?dbid=0&repo=WasteManagement,1474790.32249089,564859.987270564
545,1401810092,14018-10-092,Motor Werks,Recorded,55075a2a-9672-450a-8703-95b2d172f5a6,8/28/2017 7:54:32 PM,jdpeacock_ncdenr,9/9/2024 7:42:46 PM,jdpeacock_ncdenr,410 Oberlin Rd. 2120 Clark Ave; 445 Daniels St,Raleigh,Wake,BRS-Property Management,2,11/12/2013 12:00:00 AM,-78.6623508031526,35.7897181770826,"https://www.google.com/maps/dir/?api=1&destination=35.789718177082577,-78.6623508031526&travelmode=driving",https://edocs.deq.nc.gov/WasteManagement/edoc/745758/14018_Motor Werks_LURUModel_2070915.docx?dbid=0&repo=WasteManagement,2100137.42054747,742521.733652398
546,1502511088,15025-11-088,Ecusta - Tract F,Recorded,c81da753-a1bf-4446-a9dd-efeafbdd56eb,8/28/2017 7:54:32 PM,jdpeacock_ncdenr,11/3/2023 9:00:23 PM,jdpeacock_ncdenr,1 Ecusta Road,Brevard,Transylvania,Tracy Wahl,119.92,11/24/2014 12:00:00 AM,-82.692287478797,35.2526388202035,"https://www.google.com/maps/dir/?api=1&destination=35.252638820203465,-82.692287478797&travelmode=driving",https://edocs.deq.nc.gov/WasteManagement/edoc/745766/15025_Ecusta Tract F_LURUModel_20170913.docx?dbid=0&repo=WasteManagement,897960.515522882,567369.02687189
547,906805034,09068-05-034,Piedmont Triad Research Park (Central),Recorded,6acf1112-4626-4bf6-aaa6-f0d2e941f768,8/28/2017 7:54:32 PM,jdpeacock_ncdenr,9/9/2024 6:13:04 PM,jdpeacock_ncdenr,Various Properties S Of Bus I-40 And W Of Us 52,Winston-Salem,Forsyth,Joselyn Harriger,51.7,10/10/2014 12:00:00 AM,-80.2356905615315,36.0956402423216,"https://www.google.com/maps/dir/?api=1&destination=36.09564024232162,-80.235690561531527&travelmode=driving",https://edocs.deq.nc.gov/WasteManagement/edoc/663491/09068_Piedmont Triad Research Park (Central)_LURUModel_2015_04_17.docx?dbid=0&repo=WasteManagement,1634927.00516963,855983.838420644
548,1101807092,11018-07-092,"Baker Property, Former",Recorded,c809444d-908f-4f2e-b373-aa6c32475958,8/28/2017 7:54:32 PM,jdpeacock_ncdenr,9/9/2024 7:42:47 PM,jdpeacock_ncdenr,180 Newspaper Way,Holly Springs,Wake,BRS-Property Management,3.18,10/27/2014 12:00:00 AM,-78.8491681882112,35.6550236902754,"https://www.google.com/maps/dir/?api=1&destination=35.655023690275357,-78.84916818821118&travelmode=driving",https://edocs.deq.nc.gov/WasteManagement/edoc/663472/11018_Baker Property_LURUModel_2015_04_17.docx?dbid=0&repo=WasteManagement,2044807.55482946,693358.433357149
549,1301109060,13011-09-060,Kolortex Facility,Recorded,e1fc616f-e478-4ebb-b351-3ba1909d2c75,8/28/2017 7:54:32 PM,jdpeacock_ncdenr,11/3/2023 9:00:25 PM,jdpeacock_ncdenr,"2810, 2900 And 2910 Horseshoe Lane",Charlotte,Mecklenburg,Carolyn Minnich,13.27,12/23/2014 12:00:00 AM,-80.9249842876922,35.1967777674731,"https://www.google.com/maps/dir/?api=1&destination=35.1967777674731,-80.92498428769217&travelmode=driving",https://edocs.deq.nc.gov/WasteManagement/edoc/662620/13011_Kolortex Facility_LURUModel_2015_04_17.docx?dbid=0&repo=WasteManagement,1424958.3647403,532117.103281394
550,1502611058,15026-11-058,Honeywell (aka Jengor-Mars Hill),Recorded,d64a75f1-bb8e-4cf2-83d8-eb33d81f142c,8/28/2017 7:54:32 PM,jdpeacock_ncdenr,5/11/2026 9:26:46 PM,jdpeacock_ncdenr,400 Hickory Drive,Mars Hill,Madison,Stephanie Hempel,31.57,9/30/2014 12:00:00 AM,-82.5591571976962,35.8328381817209,"https://www.google.com/maps/dir/?api=1&destination=35.832838181720916,-82.5591571976962&travelmode=driving",https://edocs.deq.nc.gov/WasteManagement/edoc/663521/15026_Honeywell (Jengor-Mars Hill)_LURUModel_2015_04_17.docx?dbid=0&repo=WasteManagement,945248.377311811,776957.194965065
551,1503011041,15030-11-041,Parks Suzuki / Parks Holdings,Recorded,69c4e7d5-a56f-45f0-b834-aa91822df7a7,8/28/2017 7:54:32 PM,jdpeacock_ncdenr,9/9/2024 7:42:47 PM,jdpeacock_ncdenr,"2307, 2309 North Main Street",High Point,Guilford,BRS-Property Management,1.94,2/27/2015 12:00:00 AM,-80.0254843334469,35.9857223562356,"https://www.google.com/maps/dir/?api=1&destination=35.9857223562356,-80.025484333446855&travelmode=driving",https://edocs.deq.nc.gov/WasteManagement/edoc/662624/15030_Parks Suzuki-Parks Holdings_LURUModel_2015_04_29.docx?dbid=0&repo=WasteManagement,1696614.7938673,815265.426091224
552,1600412041,16004-12-041,West Lee Street Shopping Ctr,Recorded,e05fe9cb-4a2e-41be-b155-dbd74f2a054d,8/28/2017 7:54:32 PM,jdpeacock_ncdenr,11/3/2023 9:00:26 PM,jdpeacock_ncdenr,801-829 West Lee Street,Greensboro,Guilford,Sharon Eckard,1.51,3/24/2015 12:00:00 AM,-79.803874109533,36.0633566013327,"https://www.google.com/maps/dir/?api=1&destination=36.06335660133265,-79.803874109533&travelmode=driving",https://edocs.deq.nc.gov/WasteManagement/edoc/662623/16004_West Lee Street Shopping Ctr_LURUModel_2015_05_05.docx?dbid=0&repo=WasteManagement,1762404.6366968,842921.292695388
553,1603112053,16031-12-053,PTH Park,Recorded,73512c63-a6c2-4165-ae34-4b59223d9614,8/28/2017 7:54:32 PM,jdpeacock_ncdenr,7/16/2025 9:17:16 PM,jdpeacock_ncdenr,Lee Avenue And Juno Drive,Sanford,Lee,BRS-Property Management,10.03,12/29/2014 12:00:00 AM,-79.1413065062908,35.4480169968457,"https://www.google.com/maps/dir/?api=1&destination=35.448016996845666,-79.14130650629079&travelmode=driving",https://edocs.deq.nc.gov/WasteManagement/edoc/663583/16031_PTH Park_LURUModel_20150417.docx?dbid=0&repo=WasteManagement,1957916.43760155,618010.226442307
554,1606412060,16064-12-060,Crown Honda,Recorded,694d4c77-8038-4716-8d99-d1d9e3a36b38,8/28/2017 7:54:32 PM,jdpeacock_ncdenr,11/3/2023 9:00:27 PM,jdpeacock_ncdenr,7001 E. Independence Blvd.,Charlotte,Mecklenburg,Carolyn Minnich,10.94,5/5/2015 12:00:00 AM,-80.7400869904986,35.1669740466106,"https://www.google.com/maps/dir/?api=1&destination=35.16697404661062,-80.7400869904986&travelmode=driving",https://edocs.deq.nc.gov/WasteManagement/edoc/662634/16064_Crown Honda_LURUModel_2015_05_26.docx?dbid=0&repo=WasteManagement,1479995.8747438,520252.311722308
555,1700113001,17001-13-001,Dollar General - Burlington,Recorded,c7d64fd3-1686-4d50-baa9-d22f3b91c1a4,8/28/2017 7:54:32 PM,jdpeacock_ncdenr,9/9/2024 7:42:47 PM,jdpeacock_ncdenr,1031 S. Williamson Avenue,Burlington,Alamance,BRS-Property Management,1.64,2/9/2015 12:00:00 AM,-79.5129640967284,36.0816161840953,"https://www.google.com/maps/dir/?api=1&destination=36.0816161840953,-79.512964096728368&travelmode=driving",https://edocs.deq.nc.gov/WasteManagement/edoc/662628/17001_Dollar General - Burlington_LURUModel_2015_05_29.docx?dbid=0&repo=WasteManagement,1848420.50272247,848998.008560315
556,1800114057,18001-14-057,JH Duncan Oil (RN),Recorded,8a18f455-87f0-4771-9807-33e951f4d9af,8/28/2017 7:54:32 PM,jdpeacock_ncdenr,9/9/2024 8:05:14 PM,jdpeacock_ncdenr,543 East Main Street,Franklin,Macon,BRS-Property Management,1.38,3/13/2015 12:00:00 AM,-83.3722156523854,35.185051970579,"https://www.google.com/maps/dir/?api=1&destination=35.18505197057895,-83.37221565238536&travelmode=driving",https://edocs.deq.nc.gov/WasteManagement/edoc/662683/18001_JH Duncan Oil_LURUModel_2015_04_27.docx?dbid=0&repo=WasteManagement,694059.754361972,551037.813471392
557,1800514071,18005-14-071,Prestige Label,Recorded,326f2780-2d6e-4aa1-bd30-9608acf61919,8/28/2017 7:54:32 PM,jdpeacock_ncdenr,7/16/2025 9:17:16 PM,jdpeacock_ncdenr,151 Industrial Drive,Burgaw,Pender,BRS-Property Management,5.6,10/22/2014 12:00:00 AM,-77.9199861679137,34.542039974504,"https://www.google.com/maps/dir/?api=1&destination=34.54203997450402,-77.9199861679137&travelmode=driving",https://edocs.deq.nc.gov/WasteManagement/edoc/663854/18005_Prestige Lables_LURUModel_2015_05_19.docx?dbid=0&repo=WasteManagement,2325234.97067955,290029.833519891
558,1801614065,18016-14-065,Wetsig Yachts,Recorded,feb708bf-eebf-4e67-be52-e2e501b1cc72,8/28/2017 7:54:32 PM,jdpeacock_ncdenr,7/16/2025 9:17:16 PM,jdpeacock_ncdenr,4022 Market Street,Wilmington,New Hanover,BRS-Property Management,4,5/6/2015 12:00:00 AM,-77.8947261875097,34.2376708875884,"https://www.google.com/maps/dir/?api=1&destination=34.237670887588415,-77.8947261875097&travelmode=driving",https://edocs.deq.nc.gov/WasteManagement/edoc/662687/18016_Wetsig Yachts_LURUModel_2015_05_26.docx?dbid=0&repo=WasteManagement,2334074.71743572,179349.602781057
559,1803014095,18030-14-095,The Standard at Boone (RN),Recorded,63a43b46-1a64-42cc-ba08-420db99337ca,8/28/2017 7:54:32 PM,jdpeacock_ncdenr,11/3/2023 9:00:29 PM,jdpeacock_ncdenr,Blowing Rock Road And Faculty Streets,Boone,Watauga,Sharon Eckard,4.67,5/22/2015 12:00:00 AM,-81.6721724873487,36.2068428466626,"https://www.google.com/maps/dir/?api=1&destination=36.20684284666263,-81.67217248734866&travelmode=driving",https://edocs.deq.nc.gov/WasteManagement/edoc/662691/18030_The Standard at Boone_LURUModel_2015_06_03.docx?dbid=0&repo=WasteManagement,1211695.71711947,904804.973717809
560,1203608041,12036-08-041,Green Valley Office Park,Recorded,a081ad62-6e48-44de-8888-2008a88da1b9,8/28/2017 7:54:32 PM,jdpeacock_ncdenr,11/3/2023 9:00:29 PM,jdpeacock_ncdenr,"706, 708, 802, 804, 806 Green Valley Road",Greensboro,Guilford,Sharon Eckard,28.5,4/30/2015 12:00:00 AM,-79.8176384239101,36.0900251766663,"https://www.google.com/maps/dir/?api=1&destination=36.0900251766663,-79.81763842391005&travelmode=driving",https://edocs.deq.nc.gov/WasteManagement/edoc/662619/12036_Green Valley Office Park_LURUModel_2015_06_15.docx?dbid=0&repo=WasteManagement,1758416.45471255,852662.454643473
561,1500411036,15004-11-036,Gastonia Poplar,Recorded,7069edd6-341c-4e2a-9ef7-f4e2b1bb718c,8/28/2017 7:54:32 PM,jdpeacock_ncdenr,11/3/2023 9:00:29 PM,jdpeacock_ncdenr,1925 W. Poplar Street,Gastonia,Gaston,Carolyn Minnich,7.39,10/20/2015 12:00:00 AM,-81.2152276976145,35.2686648410086,"https://www.google.com/maps/dir/?api=1&destination=35.2686648410086,-81.21522769761448&travelmode=driving",https://edocs.deq.nc.gov/WasteManagement/edoc/662621/15004_Gastonia Poplar_LURUModel_2015_11_02.docx?dbid=0&repo=WasteManagement,1338852.40539089,560081.566053137
562,1502411088,15024-11-088,Ecusta - Tract E,Recorded,31835d11-f757-40cb-8c76-8e0a711d12a1,8/28/2017 7:54:32 PM,jdpeacock_ncdenr,11/3/2023 9:00:30 PM,jdpeacock_ncdenr,1 Ecusta Road,Brevard,Transylvania,Tracy Wahl,195.69,6/29/2015 12:00:00 AM,-82.7009580297134,35.270981391865,"https://www.google.com/maps/dir/?api=1&destination=35.270981391865,-82.700958029713448&travelmode=driving",https://edocs.deq.nc.gov/WasteManagement/edoc/662622/15024_Ecusta Tract E_LURUModel_2015_07_27.docx?dbid=0&repo=WasteManagement,895622.630762964,574136.477575809
563,1603312065,16033-12-065,Wrightsville Avenue,Recorded,f828d5f6-7996-4d40-bff6-85695021e323,8/28/2017 7:54:32 PM,jdpeacock_ncdenr,4/9/2026 4:08:37 PM,jdpeacock_ncdenr,"2501, 2503, 2505, 2507, 2509 Wrightsville Ave",Wilmington,New Hanover,Stephanie Hempel,0.77,12/4/2015 12:00:00 AM,-77.914027806171,34.2270048885632,"https://www.google.com/maps/dir/?api=1&destination=34.22700488856324,-77.914027806171&travelmode=driving",https://edocs.deq.nc.gov/WasteManagement/edoc/662626/16033_Wrightsville Avenue_LURUModel_2015_12_14.docx?dbid=0&repo=WasteManagement,2328283.41668239,175403.638232067
564,1604612011,16046-12-011,Owen Manufacturing,Recorded,28ee2459-bbbf-48be-bde2-42324b2b152c,8/28/2017 7:54:32 PM,jdpeacock_ncdenr,11/3/2023 9:00:30 PM,jdpeacock_ncdenr,875 Warren Wilson College Road,Swannanoa,Buncombe,Tracy Wahl,22.18,8/20/2015 12:00:00 AM,-82.4291195484842,35.6115161216673,"https://www.google.com/maps/dir/?api=1&destination=35.61151612166735,-82.4291195484842&travelmode=driving",https://edocs.deq.nc.gov/WasteManagement/edoc/662627/16046_Owens Manufacturing_LURUModel_2015_09_16.docx?dbid=0&repo=WasteManagement,980987.075519308,695090.442032233
565,1605612074,16056-12-074,Imperial Campus II,Recorded,7c8e1251-2ffd-4bd7-b1bc-30d60e893edd,8/28/2017 7:54:32 PM,jdpeacock_ncdenr,11/3/2023 9:00:31 PM,jdpeacock_ncdenr,710 Atlantic Avenue,Greenville,Pitt,Sharon Eckard,6.84,5/21/2015 12:00:00 AM,-77.3782787620439,35.6093488645239,"https://www.google.com/maps/dir/?api=1&destination=35.609348864523916,-77.3782787620439&travelmode=driving",https://edocs.deq.nc.gov/WasteManagement/edoc/662635/16056_Imperial Campus II_LURUModel.docx?dbid=0&repo=WasteManagement,2482006.62498339,680637.007684559
566,1702113060,17021-13-060,The Foundry,Recorded,0f8cac97-96ab-4e19-aabf-8f55cce3bfed,8/28/2017 7:54:32 PM,jdpeacock_ncdenr,11/3/2023 9:00:31 PM,jdpeacock_ncdenr,"601, 619, 623 Cedar Street",Charlotte,Mecklenburg,Carolyn Minnich,3.44,6/24/2015 12:00:00 AM,-80.8546088593873,35.2279231254949,"https://www.google.com/maps/dir/?api=1&destination=35.227923125494918,-80.85460885938727&travelmode=driving",https://edocs.deq.nc.gov/WasteManagement/edoc/662629/17021_The Foundry_LURUModel_2015_07_27.docx?dbid=0&repo=WasteManagement,1446190.58375873,543050.076494142
567,1703713034,17037-13-034,4th & Broad Streets,Recorded,71855ca0-3719-48f7-bbeb-ead88c74cbd4,8/28/2017 7:54:32 PM,jdpeacock_ncdenr,9/9/2024 8:05:14 PM,jdpeacock_ncdenr,Se Corner Of W. 4th; N. Broad Streets,Winston-Salem,Forsyth,BRS-Property Management,0.35,10/5/2015 12:00:00 AM,-80.2532822962543,36.0972379495419,"https://www.google.com/maps/dir/?api=1&destination=36.09723794954195,-80.25328229625431&travelmode=driving",https://edocs.deq.nc.gov/WasteManagement/edoc/662630/17037_4th & Broad Street_LURUModel_2015_10_27.docx?dbid=0&repo=WasteManagement,1629737.30032597,856630.572035313
568,1704013092,17040-13-092,Stanhope Center,Recorded,e43288db-53a1-42eb-80d9-65575a93e0a2,8/28/2017 7:54:32 PM,jdpeacock_ncdenr,9/9/2024 7:42:48 PM,jdpeacock_ncdenr,3021 Hillsborough Street,Raleigh,Wake,BRS-Property Management,4.28,6/24/2015 12:00:00 AM,-78.677033722563,35.7890582212143,"https://www.google.com/maps/dir/?api=1&destination=35.789058221214276,-78.67703372256302&travelmode=driving",https://edocs.deq.nc.gov/WasteManagement/edoc/662631/17040_Stanhope Center_LURUModel_2015_07_27.docx?dbid=0&repo=WasteManagement,2095783.70484547,742267.025500387
569,1704413063,17044-13-063,Colonial Abrasives,Recorded,918e1368-a374-4018-a9f4-5d1904323953,8/28/2017 7:54:32 PM,jdpeacock_ncdenr,7/16/2025 9:17:16 PM,jdpeacock_ncdenr,312 South Pine Street,Aberdeen,Moore,BRS-Property Management,11.11,6/8/2015 12:00:00 AM,-79.4281406318674,35.1283009144601,"https://www.google.com/maps/dir/?api=1&destination=35.12830091446006,-79.428140631867365&travelmode=driving",https://edocs.deq.nc.gov/WasteManagement/edoc/662632/17044_Colonial Abrasives_LURUModel_2015_07_27.docx?dbid=0&repo=WasteManagement,1871989.05663514,501895.986558393
570,1800414060,18004-14-060,Tremont Redevelopment (RN),Recorded,bd9867a1-c974-4fa2-946d-590d3218ddc5,8/28/2017 7:54:32 PM,jdpeacock_ncdenr,11/3/2023 9:00:33 PM,jdpeacock_ncdenr,"307, 327, 349 West Tremont Ave",Charlotte,Mecklenburg,Sharon Eckard,7.8,11/5/2015 12:00:00 AM,-80.8649014845501,35.2102319549978,"https://www.google.com/maps/dir/?api=1&destination=35.210231954997845,-80.864901484550117&travelmode=driving",https://edocs.deq.nc.gov/WasteManagement/edoc/662684/18004_Tremont Redevelopment_LURUModel_2015_11_30.docx?dbid=0&repo=WasteManagement,1442996.48384772,536670.191616148
571,1801214060,18012-14-060,Orbit Energy,Recorded,b98049bd-585f-4479-ae86-7bf0c4fd6181,8/28/2017 7:54:32 PM,jdpeacock_ncdenr,9/9/2024 8:05:14 PM,jdpeacock_ncdenr,600 Johnson Road,Charlotte,Mecklenburg,BRS-Property Management,13.06,11/9/2015 12:00:00 AM,-80.8107073727195,35.263216041084,"https://www.google.com/maps/dir/?api=1&destination=35.26321604108398,-80.81070737271953&travelmode=driving",https://edocs.deq.nc.gov/WasteManagement/edoc/662685/18012_Orbit Energy_LURUModel_2015_11_30.docx?dbid=0&repo=WasteManagement,1459532.94191647,555650.630361229
572,1801514060,18015-14-060,Craighead Road (Abernethy Lumber),Recorded,b1ce1b55-fa67-407b-88a4-07979e5a9c03,8/28/2017 7:54:32 PM,jdpeacock_ncdenr,11/3/2023 9:00:34 PM,jdpeacock_ncdenr,308 E. Craighead Rd; 3712 Philemon Ave,Charlotte,Mecklenburg,Carolyn Minnich,10.03,6/3/2015 12:00:00 AM,-80.7991024155536,35.2511618541505,"https://www.google.com/maps/dir/?api=1&destination=35.2511618541505,-80.7991024155536&travelmode=driving",https://edocs.deq.nc.gov/WasteManagement/edoc/662686/18015_Craighead Road (Abernethy Lumber)_LURUModel_2015_06_17.docx?dbid=0&repo=WasteManagement,1462916.95581771,551201.291162804
573,1802014060,18020-14-060,National Color Graphics (RN),Recorded,3d0e41cf-45e7-4e73-83ee-8834e7ac64b9,8/28/2017 7:54:32 PM,jdpeacock_ncdenr,11/5/2024 5:21:49 PM,jdpeacock_ncdenr,1201 Central Avenue,Charlotte,Mecklenburg,Andrew Goodwin,4.29,9/24/2015 12:00:00 AM,-80.8177055266633,35.2219319340053,"https://www.google.com/maps/dir/?api=1&destination=35.221931934005347,-80.817705526663346&travelmode=driving",https://edocs.deq.nc.gov/WasteManagement/edoc/662688/18020_National Color Graphics_LURUModel_2015_10_20.docx?dbid=0&repo=WasteManagement,1457169.22912422,540666.150815815
574,1802514041,18025-14-041,Olympic Mill,Recorded,d318a8ab-e98c-40f2-ab04-7940b530aae0,8/28/2017 7:54:32 PM,jdpeacock_ncdenr,7/8/2026 8:24:00 PM,jdpeacock_ncdenr,1601 Yanceyville Street,Greensboro,Guilford,Stephanie Hempel,17.25,10/14/2015 12:00:00 AM,-79.7785729838733,36.0974143676174,"https://www.google.com/maps/dir/?api=1&destination=36.0974143676174,-79.77857298387333&travelmode=driving",https://edocs.deq.nc.gov/WasteManagement/edoc/662689/18025_Olympic Mill_LURUModel_2015_12_14.docx?dbid=0&repo=WasteManagement,1769979.81839681,855259.508176401
575,1802814034,18028-14-034,955 Brookstown (RN),Recorded,5a3b7fb3-959f-4954-93b1-6651590197c9,8/28/2017 7:54:32 PM,jdpeacock_ncdenr,9/9/2024 8:05:14 PM,jdpeacock_ncdenr,955 Brookstown Avenue,Winston-Salem,Forsyth,BRS-Property Management,1.83,10/5/2015 12:00:00 AM,-80.2555042941998,36.0960657452096,"https://www.google.com/maps/dir/?api=1&destination=36.09606574520961,-80.255504294199838&travelmode=driving",https://edocs.deq.nc.gov/WasteManagement/edoc/662690/18028_955 Brookstown Road_LURUModel_2015_10_28.docx?dbid=0&repo=WasteManagement,1629075.48242389,856212.175562397
576,1803414090,18034-14-090,RP Scherer (RN),Recorded,fc776fd0-036e-4a22-af51-d52d655bb4cf,8/28/2017 7:54:32 PM,jdpeacock_ncdenr,11/3/2023 9:00:35 PM,jdpeacock_ncdenr,2021 E. Roosevelt Blvd,Monroe,Union,Sharon Eckard,9.02,8/17/2015 12:00:00 AM,-80.4926811027959,34.9798389287469,"https://www.google.com/maps/dir/?api=1&destination=34.979838928746936,-80.49268110279591&travelmode=driving",https://edocs.deq.nc.gov/WasteManagement/edoc/662749/18034_RP Scherer_LURUModel_2015_08_27.docx?dbid=0&repo=WasteManagement,1552900.2033443,450950.681625053
577,1803614032,18036-14-032,Hendrick Durham Auto Mall (RN),Recorded,394a04de-550a-400c-82c5-a4395e0915e8,8/28/2017 7:54:32 PM,jdpeacock_ncdenr,7/21/2025 7:42:05 PM,jdpeacock_ncdenr,409 S. Roxboro; 464 E. Pettigrew Streets,Durham,Durham,Joellen Meitl,9.9,6/29/2015 12:00:00 AM,-78.8992101076888,35.9899956190557,"https://www.google.com/maps/dir/?api=1&destination=35.9899956190557,-78.899210107688788&travelmode=driving",https://edocs.deq.nc.gov/WasteManagement/edoc/662751/18036_Hendrick Durham Auto Mall_LURUModel_2015_07_31.docx?dbid=0&repo=WasteManagement,2029818.09924413,815269.075362146
578,1803814060,18038-14-060,AquAir II,Recorded,03dfe47e-fab8-40d9-9451-4b18e4746866,8/28/2017 7:54:32 PM,jdpeacock_ncdenr,11/3/2023 9:00:36 PM,jdpeacock_ncdenr,13300 Sam Neely Road,Charlotte,Mecklenburg,Carolyn Minnich,153.92,7/24/2015 12:00:00 AM,-80.9697262590917,35.1284225625236,"https://www.google.com/maps/dir/?api=1&destination=35.128422562523575,-80.969726259091686&travelmode=driving",https://edocs.deq.nc.gov/WasteManagement/edoc/662753/18038_AquAir II_LURUModel_2015_12_02.docx?dbid=0&repo=WasteManagement,1411100.93346572,507506.905454651
579,1804014060,18040-14-060,Charlotte Casket Company (RN),Recorded,c49d68cb-64b9-4516-9d91-ef1f6d98dae9,8/28/2017 7:54:32 PM,jdpeacock_ncdenr,11/3/2023 9:00:36 PM,jdpeacock_ncdenr,Central Avenue,Charlotte,Mecklenburg,Sharon Eckard,5.41,10/6/2015 12:00:00 AM,-80.8162575548133,35.2216371650131,"https://www.google.com/maps/dir/?api=1&destination=35.221637165013135,-80.81625755481333&travelmode=driving",https://edocs.deq.nc.gov/WasteManagement/edoc/662754/18040_Charlotte Casket Company_LURUModel_2015_12_10.docx?dbid=0&repo=WasteManagement,1457599.6341033,540550.97453697
580,1804714060,18047-14-060,Moore Place (RN),Recorded,707d91d4-863a-401c-b7b3-b44efaa9cb84,8/28/2017 7:54:32 PM,jdpeacock_ncdenr,4/8/2025 7:20:15 PM,jdpeacock_ncdenr,2435 Lucena Street,Charlotte,Mecklenburg,Joshawa Billiot,1.97,3/19/2015 12:00:00 AM,-80.8283065722876,35.2529077502311,"https://www.google.com/maps/dir/?api=1&destination=35.25290775023108,-80.828306572287616&travelmode=driving",https://edocs.deq.nc.gov/WasteManagement/edoc/662756/18047_Moore Place_LURU Model_2015_12_11.docx?dbid=0&repo=WasteManagement,1454211.35446255,551995.88209331
581,1805914060,18059-14-060,White Flowers (RN),Recorded,40c88e29-c9c1-4cdd-9db0-c07a1f2da01a,8/28/2017 7:54:32 PM,jdpeacock_ncdenr,9/9/2024 8:05:14 PM,jdpeacock_ncdenr,East 7th Street,Charlotte,Mecklenburg,BRS-Property Management,1.47,8/4/2015 12:00:00 AM,-80.8189398323942,35.2135669621556,"https://www.google.com/maps/dir/?api=1&destination=35.213566962155625,-80.81893983239415&travelmode=driving",https://edocs.deq.nc.gov/WasteManagement/edoc/662757/18059_White Flowers_LURUModel_2015_08_18.docx?dbid=0&repo=WasteManagement,1456744.88318814,537629.03024964
582,1900115055,19001-15-055,Caroline Courtyard,Recorded,50dbb111-d07e-4d2d-bfd1-af705f9dfd92,8/28/2017 7:54:32 PM,jdpeacock_ncdenr,9/9/2024 6:13:04 PM,jdpeacock_ncdenr,North Generals Boulevard,Lincolnton,Lincoln,Andrew Goodwin,9.77,8/25/2015 12:00:00 AM,-81.2452527803373,35.4856544095963,"https://www.google.com/maps/dir/?api=1&destination=35.48565440959631,-81.24525278033734&travelmode=driving",https://edocs.deq.nc.gov/WasteManagement/edoc/662758/19001_Caroline Courtyard_LURUModel_2015_10_08.docx?dbid=0&repo=WasteManagement,1331678.81212655,639237.104264066
583,1900815060,19008-15-060,Residences at Gateway Village,Recorded,bf8c18fd-5598-4c43-b1fb-9ff0301c41c7,8/28/2017 7:54:32 PM,jdpeacock_ncdenr,11/3/2023 9:00:37 PM,jdpeacock_ncdenr,1100 West Trade Street,Charlotte,Mecklenburg,Carolyn Minnich,4.8,10/21/2015 12:00:00 AM,-80.8525789864357,35.2356662420855,"https://www.google.com/maps/dir/?api=1&destination=35.23566624208547,-80.852578986435717&travelmode=driving",https://edocs.deq.nc.gov/WasteManagement/edoc/662759/19008_Residences at Gateway Village_LURUModel_2015_11_03.docx?dbid=0&repo=WasteManagement,1446849.24746764,545856.336629644
584,1901415018,19014-15-018,West Penn Hardwoods (RN),Recorded,858b991a-4078-4cb4-a46f-f36cdd30d50e,8/28/2017 7:54:32 PM,jdpeacock_ncdenr,9/9/2024 8:05:14 PM,jdpeacock_ncdenr,"1405 Deborah Herman Road, SW",Conover,Catawba,BRS-Property Management,18.64,9/30/2015 12:00:00 AM,-81.2490895611954,35.7126515273016,"https://www.google.com/maps/dir/?api=1&destination=35.71265152730163,-81.249089561195376&travelmode=driving",https://edocs.deq.nc.gov/WasteManagement/edoc/662761/19014_West Penn Hardwoods_LURUModel_2015_10_26.docx?dbid=0&repo=WasteManagement,1332408.6758243,721862.82910414
585,1706113025,17061-13-025,Phoenix Recycling,Recorded,7b1cbc8f-e193-485b-82fc-890021f598bd,8/28/2017 7:54:32 PM,jdpeacock_ncdenr,7/16/2025 9:17:16 PM,jdpeacock_ncdenr,Us 70 Hwy And Pine Grove Road,Havelock,Craven,BRS-Property Management,13.92,12/4/2015 12:00:00 AM,-76.9407981431332,34.9270881232167,"https://www.google.com/maps/dir/?api=1&destination=34.9270881232167,-76.9407981431332&travelmode=driving",https://edocs.deq.nc.gov/WasteManagement/edoc/662633/17061_Phoenix Recycling_LURUModel_2016_01_13.docx?dbid=0&repo=WasteManagement,2617167.74967372,434792.710004061
586,1005406029,10054-06-029,Lexington Home Brands Plant #1,Recorded,55f74ec6-2865-4301-ad04-7010cb20964d,8/28/2017 7:54:32 PM,jdpeacock_ncdenr,11/3/2023 9:00:38 PM,jdpeacock_ncdenr,S. Salisbury Street,Lexington,Davidson,Sharon Eckard,20.5,4/14/2016 12:00:00 AM,-80.2555534153286,35.8194886986351,"https://www.google.com/maps/dir/?api=1&destination=35.819488698635055,-80.255553415328635&travelmode=driving",https://edocs.deq.nc.gov/WasteManagement/edoc/662771/10054_Lexington Home Brands Plant 1_LURUModel_2016_04_29.docx?dbid=0&repo=WasteManagement,1627787.63460588,755541.688911647
587,1502711011,15027-11-011,Riverside Drive,Recorded,ef06029c-58a3-49a1-bfea-65c6685708a9,8/28/2017 7:54:32 PM,jdpeacock_ncdenr,11/3/2023 9:00:38 PM,jdpeacock_ncdenr,233 Riverside Drive,Asheville,Buncombe,Tracy Wahl,1.8,6/21/2016 12:00:00 AM,-82.5719844970079,35.5915531157974,"https://www.google.com/maps/dir/?api=1&destination=35.5915531157974,-82.5719844970079&travelmode=driving",https://edocs.deq.nc.gov/WasteManagement/edoc/662774/15027_Riverside Drive_LURUModel_2016_08_05.docx?dbid=0&repo=WasteManagement,938289.201597631,689326.181579143
588,1602212060,16022-12-060,CHT Facility,Recorded,014721f2-c2b0-43b0-9afd-cb34afd1cdab,8/28/2017 7:54:32 PM,jdpeacock_ncdenr,11/3/2023 9:00:39 PM,jdpeacock_ncdenr,5046 Old Pineville Road,Charlotte,Mecklenburg,Carolyn Minnich,4.5,1/25/2016 12:00:00 AM,-80.8793370814499,35.1716729876622,"https://www.google.com/maps/dir/?api=1&destination=35.171672987662248,-80.8793370814499&travelmode=driving",https://edocs.deq.nc.gov/WasteManagement/edoc/662775/16022_CHT Facility_LURUModel_2016_12_20.docx?dbid=0&repo=WasteManagement,1438419.75185947,522720.760197475
589,1605812055,16058-12-055,General Marble,Recorded,826aacfb-5e3d-46af-8343-2f52a099582e,8/28/2017 7:54:32 PM,jdpeacock_ncdenr,9/8/2026 7:54:54 PM,jdpeacock_ncdenr,350 Generals Blvd.,Lincolnton,Lincoln,Joshawa Billiot,21.82,1/12/2016 12:00:00 AM,-81.2420471960528,35.4866530776322,"https://www.google.com/maps/dir/?api=1&destination=35.486653077632177,-81.2420471960528&travelmode=driving",https://edocs.deq.nc.gov/WasteManagement/edoc/662777/16058_General Marble_LURUModel_2016_04_25.docx?dbid=0&repo=WasteManagement,1332641.03264305,639578.924446568
590,1700713092,17007-13-092,South Bloodworth - RFRU,Recorded,8932b92f-f629-405d-ba5b-36a832b11c9a,8/28/2017 7:54:32 PM,jdpeacock_ncdenr,11/3/2023 9:00:39 PM,jdpeacock_ncdenr,1501-1513 South Bloodworth Street,Raleigh,Wake,Sharon Eckard,2.24,4/26/2016 12:00:00 AM,-78.6338382170271,35.7604125030401,"https://www.google.com/maps/dir/?api=1&destination=35.76041250304013,-78.6338382170271&travelmode=driving",https://edocs.deq.nc.gov/WasteManagement/edoc/662942/17007_South Bloodworth_LURUModel_2016_06_13.docx?dbid=0&repo=WasteManagement,2108632.70605031,731884.721133813
591,1704913036,17049-13-036,Faile's Mini Mart,Recorded,af5cd489-e49d-4aa7-a421-3db88aa03d73,8/28/2017 7:54:32 PM,jdpeacock_ncdenr,9/9/2024 8:05:14 PM,jdpeacock_ncdenr,808 E. Garrison Blvd.,Gastonia,Gaston,BRS-Property Management,0.54,6/1/2016 12:00:00 AM,-81.1697493612775,35.2535316465899,"https://www.google.com/maps/dir/?api=1&destination=35.253531646589856,-81.16974936127751&travelmode=driving",https://edocs.deq.nc.gov/WasteManagement/edoc/662948/17049_Faile's Mini Mart_LURUModel_2016_06_27.docx?dbid=0&repo=WasteManagement,1352303.1399723,554275.422481731
592,1705313041,17053-13-041,Alro Steel Facility,Recorded,59d477c9-10c2-4f6d-85e3-f2199a01e3f5,8/28/2017 7:54:32 PM,jdpeacock_ncdenr,11/3/2023 9:00:40 PM,jdpeacock_ncdenr,7966 National Service Road,Greensboro,Guilford,Joselyn Harriger,10.8,6/23/2016 12:00:00 AM,-79.9826054049783,36.0862851458837,"https://www.google.com/maps/dir/?api=1&destination=36.0862851458837,-79.98260540497833&travelmode=driving",https://edocs.deq.nc.gov/WasteManagement/edoc/662949/17053_Alro Steel Facility_LURUModel_2016_08_05.docx?dbid=0&repo=WasteManagement,1709662.30222106,851742.980760649
593,1705513011,17055-13-011,RAD Lofts,Recorded,40be8a09-395f-4b91-8599-0d8e34b6d168,8/28/2017 7:54:32 PM,jdpeacock_ncdenr,11/3/2023 9:00:40 PM,jdpeacock_ncdenr,146 Roberts Street,Asheville,Buncombe,Tracy Wahl,2.88,5/6/2016 12:00:00 AM,-82.5649379702043,35.5859085110384,"https://www.google.com/maps/dir/?api=1&destination=35.58590851103836,-82.5649379702043&travelmode=driving",https://edocs.deq.nc.gov/WasteManagement/edoc/662951/17055_RAD Lofts_LURUModel_2016_08_11.docx?dbid=0&repo=WasteManagement,940308.996770635,687197.733736306
594,1705713041,17057-13-041,Market Street Storage (RN),Recorded,a184f9c3-d858-467c-adeb-cb50d508931b,8/28/2017 7:54:32 PM,jdpeacock_ncdenr,11/3/2023 9:00:40 PM,jdpeacock_ncdenr,3939 West Market Street,Greensboro,Guilford,Sharon Eckard,4.9,2/29/2016 12:00:00 AM,-79.8526998212456,36.0678535478219,"https://www.google.com/maps/dir/?api=1&destination=36.067853547821947,-79.85269982124562&travelmode=driving",https://edocs.deq.nc.gov/WasteManagement/edoc/662953/17057_Market Street Storage_LURUModel_2016_04_25.docx?dbid=0&repo=WasteManagement,1747987.92471664,844678.675663561
595,1800214060,18002-14-060,Precision Dynamics,Recorded,feb3b3d9-040c-4746-aea9-f81bfa54d3ff,8/28/2017 7:54:32 PM,jdpeacock_ncdenr,11/3/2023 9:00:42 PM,jdpeacock_ncdenr,1033 Carter Av,Charlotte,Mecklenburg,Carolyn Minnich,2.27,4/11/2016 12:00:00 AM,-80.8335395464482,35.2499315090563,"https://www.google.com/maps/dir/?api=1&destination=35.249931509056275,-80.83353954644815&travelmode=driving",https://edocs.deq.nc.gov/WasteManagement/edoc/663150/18002_Precision Dynamics_LURUModel_2016_04_28.docx?dbid=0&repo=WasteManagement,1452629.36910947,550941.687351316
596,1801714060,18017-14-060,3rd and Poplar,Recorded,40c08934-0992-4bfb-b3b4-d6e8a7fcbbd4,8/28/2017 7:54:32 PM,jdpeacock_ncdenr,11/3/2023 9:00:42 PM,jdpeacock_ncdenr,224 W. 3Rd St And 222 S. Church St,Charlotte,Mecklenburg,Carolyn Minnich,0.6,5/13/2016 12:00:00 AM,-80.846845969961,35.2273620390523,"https://www.google.com/maps/dir/?api=1&destination=35.2273620390523,-80.846845969961&travelmode=driving",https://edocs.deq.nc.gov/WasteManagement/edoc/663153/18017_3rd and Poplar_LURUModel_2016_06_13.docx?dbid=0&repo=WasteManagement,1448504.61620414,542802.690177888
597,1804114092,18041-14-092,RayChem Corp.,Recorded,1e6d43e2-90ba-4571-9016-e77f66a3d139,8/28/2017 7:54:32 PM,jdpeacock_ncdenr,2/11/2026 7:45:40 PM,jdpeacock_ncdenr,201 Dickens Road,Fuquay-Varina,Wake,Joselyn Harriger,8.67,3/24/2016 12:00:00 AM,-78.8064629268614,35.6157642226252,"https://www.google.com/maps/dir/?api=1&destination=35.61576422262523,-78.8064629268614&travelmode=driving",https://edocs.deq.nc.gov/WasteManagement/edoc/663140/18041_RayChem Corp_LURUModel_2016_04_28.docx?dbid=0&repo=WasteManagement,2057521.60781339,679090.899884388
598,1804514060,18045-14-060,Seneca Place Shopping Center (RN),Recorded,12590b94-98de-43a5-ae58-b43a48559281,8/28/2017 7:54:32 PM,jdpeacock_ncdenr,7/16/2025 9:17:16 PM,jdpeacock_ncdenr,5033 South Boulevard,Charlotte,Mecklenburg,BRS-Property Management,4.2,4/12/2016 12:00:00 AM,-80.8752269330512,35.1686463218419,"https://www.google.com/maps/dir/?api=1&destination=35.16864632184188,-80.875226933051167&travelmode=driving",https://edocs.deq.nc.gov/WasteManagement/edoc/663143/18045_Seneca Place Shopping Center_LURUModel_2016_04_28.docx?dbid=0&repo=WasteManagement,1439626.98796205,521596.200766817
599,1805514060,18055-14-060,NC Music Factory Apts (RN),Recorded,501bd282-3db1-4c36-b699-c612fccb3c6f,8/28/2017 7:54:32 PM,jdpeacock_ncdenr,11/3/2023 9:00:43 PM,jdpeacock_ncdenr,630 Nc Music Factory Blvd,Charlotte,Mecklenburg,Carolyn Minnich,3.62,1/20/2016 12:00:00 AM,-80.8398236774594,35.2381748348959,"https://www.google.com/maps/dir/?api=1&destination=35.238174834895858,-80.8398236774594&travelmode=driving",https://edocs.deq.nc.gov/WasteManagement/edoc/663145/18055_NC Music Factory Apt (RN)_LURUModel_2016_04_22.docx?dbid=0&repo=WasteManagement,1450674.26868898,546698.34019497
600,1805714060,18057-14-060,1213 W. Morehead (RN),Recorded,60c811d0-ebc3-4728-b38f-94036ea618b7,8/28/2017 7:54:32 PM,jdpeacock_ncdenr,9/9/2024 8:05:14 PM,jdpeacock_ncdenr,"1201, 1207, 1213 W. Morehead Street",Charlotte,Mecklenburg,BRS-Property Management,1.85,6/9/2016 12:00:00 AM,-80.8619450869536,35.2285627585024,"https://www.google.com/maps/dir/?api=1&destination=35.22856275850237,-80.86194508695358&travelmode=driving",https://edocs.deq.nc.gov/WasteManagement/edoc/663147/18057_1213 W. Morehead_LURUModel_2016_08_11.docx?dbid=0&repo=WasteManagement,1444004.5136558,543323.835132971
601,1902115032,19021-15-032,Lakeview Residences (RN),Recorded,c427ad78-e451-49af-823f-5ba05558b181,8/28/2017 7:54:32 PM,jdpeacock_ncdenr,9/9/2024 8:05:14 PM,jdpeacock_ncdenr,2610 Erwin Road,Durham,Durham,BRS-Property Management,5,6/20/2016 12:00:00 AM,-78.9444862907153,36.0113824763211,"https://www.google.com/maps/dir/?api=1&destination=36.011382476321067,-78.9444862907153&travelmode=driving",https://edocs.deq.nc.gov/WasteManagement/edoc/662988/19021_Lakeview Residences_LURUModel_2016_08_05.docx?dbid=0&repo=WasteManagement,2016419.4180363,823043.82949765
602,1902815060,19028-15-060,NoDa Textiles (RN),Recorded,9bc84b1b-b084-4f7f-bdda-eab6f822714f,8/28/2017 7:54:32 PM,jdpeacock_ncdenr,11/3/2023 9:00:44 PM,jdpeacock_ncdenr,430 E. 36Th Street,Charlotte,Mecklenburg,Carolyn Minnich,6.92,3/7/2016 12:00:00 AM,-80.8067134946672,35.2484186492094,"https://www.google.com/maps/dir/?api=1&destination=35.24841864920944,-80.806713494667235&travelmode=driving",https://edocs.deq.nc.gov/WasteManagement/edoc/662991/19028_Noda Textiles_LURUModel_2016_04_25.docx?dbid=0&repo=WasteManagement,1460626.91052905,550244.343273565
603,1903115032,19031-15-032,Elkin Chrysler II (RN),Recorded,700a088b-3522-4293-8854-74e4faa9f7f1,8/28/2017 7:54:32 PM,jdpeacock_ncdenr,9/9/2024 8:05:14 PM,jdpeacock_ncdenr,"905, 925 E. Jackie Robinson Drive",Durham,Durham,BRS-Property Management,6.16,6/8/2016 12:00:00 AM,-78.9016497987317,35.9908674119681,"https://www.google.com/maps/dir/?api=1&destination=35.99086741196805,-78.901649798731668&travelmode=driving",https://edocs.deq.nc.gov/WasteManagement/edoc/662993/19031_Elkin Chrysler_LURUModel_2016_07_08.docx?dbid=0&repo=WasteManagement,2029096.03638381,815585.702353567
604,1903815060,19038-15-060,Dunavant Street,Recorded,fbd35116-6d5c-4194-a66c-7eb1f4a08f5c,8/28/2017 7:54:32 PM,jdpeacock_ncdenr,11/3/2023 9:00:44 PM,jdpeacock_ncdenr,"2115, 2135, 2205 Dunavant Street",Charlotte,Mecklenburg,Carolyn Minnich,4.22,2/11/2016 12:00:00 AM,-80.8658347753951,35.2080836241885,"https://www.google.com/maps/dir/?api=1&destination=35.20808362418854,-80.8658347753951&travelmode=driving",https://edocs.deq.nc.gov/WasteManagement/edoc/662994/19038_Dunavant Street_LURUModel_2016_04_22.docx?dbid=0&repo=WasteManagement,1442703.06875214,535893.696121901
605,1904815068,19048-15-068,The Graduate (RN),Recorded,150f5d7a-3eed-4bd4-a436-b81b0f4a97e5,8/28/2017 7:54:32 PM,jdpeacock_ncdenr,9/9/2024 8:05:14 PM,jdpeacock_ncdenr,106 Mallette Street,Chapel Hill,Orange,BRS-Property Management,0.67,7/1/2016 12:00:00 AM,-79.0596508550704,35.9109516041629,"https://www.google.com/maps/dir/?api=1&destination=35.91095160416286,-79.059650855070387&travelmode=driving",https://edocs.deq.nc.gov/WasteManagement/edoc/662996/19048_The Graduate_LURUModel_2016_08_12.docx?dbid=0&repo=WasteManagement,1982336.64138572,786485.994148895
606,2006216060,20062-16-060,Belton Street Homes,Recorded,45002512-4e5a-487f-aee9-372936aa157e,8/28/2017 7:54:32 PM,jdpeacock_ncdenr,11/3/2023 9:00:45 PM,jdpeacock_ncdenr,300 Block Thru 500 Block Belton Street,Charlotte,Mecklenburg,Joselyn Harriger,3.3,4/24/2017 12:00:00 AM,-80.8675677598879,35.1962199218877,"https://www.google.com/maps/dir/?api=1&destination=35.196219921887725,-80.8675677598879&travelmode=driving",https://edocs.deq.nc.gov/WasteManagement/edoc/745731/20062_Belton Street Homes_LURU Model_20170922.docx?dbid=0&repo=WasteManagement,1442104.28812556,531586.47770223
607,2006416057,20064-16-057,Simpson Oil Company,Recorded,4374c5ff-f0b3-48bc-8ef3-f968e0da5e9b,8/28/2017 7:54:32 PM,jdpeacock_ncdenr,11/3/2023 9:00:45 PM,jdpeacock_ncdenr,544 E. Main Street,Franklin,Macon,Jordan Thompson,0.67,11/13/2017 12:00:00 AM,-83.3730097801067,35.185615228578,"https://www.google.com/maps/dir/?api=1&destination=35.185615228578037,-83.37300978010674&travelmode=driving",https://edocs.deq.nc.gov/WasteManagement/edoc/997400/20064_Simpson Gas and Oil_LURU Model_20180111.docx?dbid=0&repo=WasteManagement,693831.736445308,551253.056151137
608,2006716023,20067-16-023,Sackville Mill,Recorded,5a7a5dfd-503a-4518-a47b-669ee5864637,8/28/2017 7:54:32 PM,jdpeacock_ncdenr,11/3/2023 9:00:45 PM,jdpeacock_ncdenr,1012 S. Washington Street,Shelby,Cleveland,Joselyn Harriger,9.38,11/19/2018 12:00:00 AM,-81.5423592989723,35.2763320930161,"https://www.google.com/maps/dir/?api=1&destination=35.276332093016116,-81.54235929897233&travelmode=driving",https://edocs.deq.nc.gov/WasteManagement/edoc/1387348/20067_Sackville Mill_LURU Model.docx?dbid=0&repo=WasteManagement,1241309.3875508,565210.695886731
609,2006616060,20066-16-060,Parkwood Station (RN),Recorded,308878d1-5716-4425-a09d-4cc593b6a4a8,8/28/2017 7:54:32 PM,jdpeacock_ncdenr,11/3/2023 9:00:46 PM,jdpeacock_ncdenr,"1702, 1706, 1720 N. Brevard Str., 1721 N. Caldwell Str., 414, 418 E. 21St Str., 427 E. 20Th Str.",Charlotte,Mecklenburg,Jordan Thompson,3.49,6/2/2017 12:00:00 AM,-80.8218680447998,35.2369762551798,"https://www.google.com/maps/dir/?api=1&destination=35.2369762551798,-80.821868044799828&travelmode=driving",https://edocs.deq.nc.gov/WasteManagement/edoc/746931/20066_Parkwood Station_LURU Model_20170927.docx?dbid=0&repo=WasteManagement,1456026.7730758,546163.320595726
610,2007216056,20072-16-056,Drexel Heritage,Active Eligible,704e636c-0d2e-41b4-ae94-df2c98d001ed,8/28/2017 7:54:32 PM,jdpeacock_ncdenr,2/13/2025 4:59:32 PM,jdpeacock_ncdenr,70 Blue Ridge Street,Marion,McDowell,Jordan Thompson,15.29,8/11/2017 12:00:00 AM,-82.014639827575,35.6802628849383,"https://www.google.com/maps/dir/?api=1&destination=35.68026288493827,-82.014639827575&travelmode=driving",,1104875.16599722,716103.641147479
611,2007016060,20070-16-060,Scottish Rite Temple (RN),Recorded,1eaa2c87-6614-4a35-b9be-9d084f9f0e52,8/28/2017 7:54:32 PM,jdpeacock_ncdenr,9/9/2024 8:05:14 PM,jdpeacock_ncdenr,"4740, 4640 Randolph Road",Charlotte,Mecklenburg,BRS-Property Management,6.1,6/22/2017 12:00:00 AM,-80.797347539097,35.1719349642493,"https://www.google.com/maps/dir/?api=1&destination=35.17193496424929,-80.797347539096975&travelmode=driving",https://edocs.deq.nc.gov/WasteManagement/edoc/765343/20070_Scottish Rite Temple_LURU Model_20171002.docx?dbid=0&repo=WasteManagement,1462918.74780889,522362.38197723
612,2007416060,20074-16-060,East 7th Street Storage (RN),Recorded,63f068cf-2f14-4b2e-94e5-c58d2377a61a,8/28/2017 7:54:32 PM,jdpeacock_ncdenr,9/9/2024 8:05:14 PM,jdpeacock_ncdenr,East 7Th Street,Charlotte,Mecklenburg,BRS-Property Management,1.06,12/22/2017 12:00:00 AM,-80.8302140084722,35.2222508891759,"https://www.google.com/maps/dir/?api=1&destination=35.22225088917588,-80.83021400847215&travelmode=driving",https://edocs.deq.nc.gov/WasteManagement/edoc/1087614/20074_East 7th Street_LURU Model_20180323.docx?dbid=0&repo=WasteManagement,1453436.31303364,540850.847624898
613,2005316060,20053-16-060,Dilworth Mattress,No Further Interest,0a729a4d-fd59-4bac-99f2-612697e8078b,8/28/2017 7:54:32 PM,jdpeacock_ncdenr,11/3/2023 9:00:47 PM,jdpeacock_ncdenr,242 W. Tremont Avenue,Charlotte,Mecklenburg,Carolyn Minnich,0.43,12/6/2017 12:00:00 AM,-80.8638809542813,35.2109820361907,"https://www.google.com/maps/dir/?api=1&destination=35.21098203619072,-80.8638809542813&travelmode=driving",,1443306.38283423,536937.406304806
614,2007516079,20075-16-079,Washington Mills,Active Eligible,5bf60448-b1f7-48bf-81f2-859e1aca4253,8/28/2017 7:54:32 PM,jdpeacock_ncdenr,6/16/2026 4:22:59 PM,jdpeacock_ncdenr,7801 Nc 135,Mayodan,Rockingham,Jordan Thompson,13.35,9/30/2016 12:00:00 AM,-79.9654912538602,36.4094000014235,"https://www.google.com/maps/dir/?api=1&destination=36.409400001423485,-79.965491253860236&travelmode=driving",,1715863.07918955,969321.675064728
615,2007616092,20076-16-092,Maiden Lane,Recorded,0e602bca-d599-48f8-9924-b8705dced642,8/28/2017 7:54:32 PM,jdpeacock_ncdenr,9/4/2025 8:11:06 PM,jdpeacock_ncdenr,"14, 16, 20 Enterprise St.; 6, 8, 12, 5, 7, 9, 11, 13, 15, 20 Maiden Lane; 303, 305 Oberlin Rd.",Raleigh,Wake,BRS-Property Management,3.36,7/1/2021 12:00:00 AM,-78.6632825160995,35.7881506311663,"https://www.google.com/maps/dir/?api=1&destination=35.78815063116625,-78.66328251609954&travelmode=driving",https://edocs.deq.nc.gov/WasteManagement/ElectronicFile.aspx?docid=1626581&dbid=0&repo=WasteManagement,2099863.03887838,741950.220031649
616,2007716068,20077-16-068,Former Crown Honda,Recorded,68b24797-c09d-48bb-98e7-f69896c42096,8/28/2017 7:54:32 PM,jdpeacock_ncdenr,9/9/2024 8:07:24 PM,jdpeacock_ncdenr,1730 Fordham Blvd.,Chapel Hill,Orange,BRS-Property Management,6.51,1/19/2021 12:00:00 AM,-79.0213672481589,35.9388849580712,"https://www.google.com/maps/dir/?api=1&destination=35.9388849580712,-79.021367248158867&travelmode=driving",https://edocs.deq.nc.gov/WasteManagement/ElectronicFile.aspx?docid=1626593&dbid=0&repo=WasteManagement,1993675.60066314,796649.444950566
617,2007816068,20078-16-068,Performance Auto Mall,Recorded,2c8d21b5-9321-454e-90e7-3ee9157a1fcf,8/28/2017 7:54:32 PM,jdpeacock_ncdenr,2/13/2025 4:59:32 PM,jdpeacock_ncdenr,1806 Fordham Blvd.; 130 Old Durham Rd,Chapel Hill,Orange,Andrew Goodwin,12.93,1/28/2021 12:00:00 AM,-79.0092499297194,35.9444836845312,"https://www.google.com/maps/dir/?api=1&destination=35.944483684531157,-79.009249929719417&travelmode=driving",https://edocs.deq.nc.gov/WasteManagement/ElectronicFile.aspx?docid=1626594&dbid=0&repo=WasteManagement,1997262.80247822,798686.908395305
619,1606112034,16061-12-034,Varco-Pruden (RN),Recorded,79d7393a-7e48-44b6-a8af-0494d01bdb2b,8/28/2017 7:54:32 PM,jdpeacock_ncdenr,11/5/2024 5:21:49 PM,jdpeacock_ncdenr,1140 West Mountain Street,Kernersville,Forsyth,Joshawa Billiot,26.72,8/8/2013 12:00:00 AM,-80.0955168746524,36.1378004914847,"https://www.google.com/maps/dir/?api=1&destination=36.137800491484725,-80.0955168746524&travelmode=driving",https://edocs.deq.nc.gov/WasteManagement/edoc/745774/16061_Varco Pruden Bldgs_LURUModel_20170921.docx?dbid=0&repo=WasteManagement,1676507.6608533,870844.661389232
620,2008216092,20082-16-092,Peden Steel Redevelopment,Recorded,6b4c528a-4596-4820-9413-04417bb57350,8/28/2017 7:54:32 PM,jdpeacock_ncdenr,9/10/2024 2:33:36 PM,jdpeacock_ncdenr,"2200 Atlantic Ave.; 1111, 1121 E. Whitaker Mill Rd.; 1859 Capital Blvd.; 1200 Wicker Drive",Raleigh,Wake,Stephanie Hempel,18.59,11/13/2018 12:00:00 AM,-78.6188119157419,35.8082112955621,"https://www.google.com/maps/dir/?api=1&destination=35.8082112955621,-78.61881191574187&travelmode=driving",https://edocs.deq.nc.gov/WasteManagement/edoc/1261241/20082_Peden Steel_LURU Model.docx?dbid=0&repo=WasteManagement,2113023.83932839,749299.853298232
621,2008316095,20083-16-095,Chestnut at Blowing Rock,No Further Interest,17bb573d-f2e0-43d7-b04e-d0bc611d9131,8/28/2017 7:54:32 PM,jdpeacock_ncdenr,11/3/2023 9:00:48 PM,jdpeacock_ncdenr,"364, 366 Chestnut Drive",Blowing Rock,Watauga,Hayley Irick,3.61,5/23/2017 12:00:00 AM,-81.6769889226795,36.1288119599017,"https://www.google.com/maps/dir/?api=1&destination=36.12881195990169,-81.67698892267947&travelmode=driving",,1209509.23625623,876446.574069887
622,2008416001,20084-16-001,Franklin Baking Co.,Active Eligible,0044dd5f-780c-4203-8e48-b23a3597210b,8/28/2017 7:54:32 PM,jdpeacock_ncdenr,5/11/2026 9:26:46 PM,jdpeacock_ncdenr,704 Bradley Street,Burlington,Alamance,Lauren Fleming,2.92,6/5/2025 12:00:00 AM,-79.431768692473,36.0706881275645,"https://www.google.com/maps/dir/?api=1&destination=36.07068812756454,-79.43176869247304&travelmode=driving",,1872396.18410172,844905.694894567
623,2008616060,20086-16-060,Chadbourn Mill,Recorded,1037186b-9be8-4de9-b840-7269519a0cf2,8/28/2017 7:54:32 PM,jdpeacock_ncdenr,11/3/2023 9:00:49 PM,jdpeacock_ncdenr,451 Jordan Place; 2625 N. Davidson St,Charlotte,Mecklenburg,Bill Schmithorst,5.75,9/1/2017 12:00:00 AM,-80.812486092184,35.2431651247516,"https://www.google.com/maps/dir/?api=1&destination=35.2431651247516,-80.81248609218397&travelmode=driving",https://edocs.deq.nc.gov/WasteManagement/edoc/789462/20086_Chadbourn Mill_LURU Model.docx?dbid=0&repo=WasteManagement,1458868.85039689,548364.078333303
624,2008816092,20088-16-092,Ark-Les Laboratories,Recorded,36c23f9b-fda4-4fbd-8cf9-3b4b6423ff5f,8/28/2017 7:54:32 PM,jdpeacock_ncdenr,11/3/2023 9:00:49 PM,jdpeacock_ncdenr,3400 Yonkers Road,Raleigh,Wake,Bill Schmithorst,5.68,5/8/2018 12:00:00 AM,-78.5878377786354,35.7966149963029,"https://www.google.com/maps/dir/?api=1&destination=35.796614996302857,-78.587837778635375&travelmode=driving",https://edocs.deq.nc.gov/WasteManagement/edoc/1257064/20088_Ark Les Labs_LURU Model.docx?dbid=0&repo=WasteManagement,2122225.20740855,745115.57754606
625,2009016049,20090-16-049,Blue Ridge Textiles,No Further Interest,247de956-08b1-4b04-82dc-519f5e469cf9,8/28/2017 7:54:32 PM,jdpeacock_ncdenr,11/3/2023 9:00:49 PM,jdpeacock_ncdenr,2525 Northside Drive,Statesville,Iredell,Jordan Thompson,5.46,3/1/2018 12:00:00 AM,-80.9342513560014,35.7957479803291,"https://www.google.com/maps/dir/?api=1&destination=35.79574798032911,-80.93425135600135&travelmode=driving",,1426437.89819856,750134.298151642
626,2009416036,20094-16-036,Former Belmont Dyers,Recorded,ba037768-633e-4535-b567-ad888ab139ee,8/28/2017 7:54:32 PM,jdpeacock_ncdenr,11/3/2023 9:00:50 PM,jdpeacock_ncdenr,18 Linestowe Drive,Belmont,Gaston,Bill Schmithorst,11.03,12/12/2017 12:00:00 AM,-81.0143853202298,35.2400255549317,"https://www.google.com/maps/dir/?api=1&destination=35.24002555493171,-81.014385320229835&travelmode=driving",https://edocs.deq.nc.gov/WasteManagement/edoc/996327/20094_Former Belmont Dyers_LURU Model.docx?dbid=0&repo=WasteManagement,1398574.92472513,548383.546142146
627,2009216049,20092-16-049,Purple Heart Homes,Recorded,f048301b-cb39-441b-96ee-03982bc566b2,8/28/2017 7:54:32 PM,jdpeacock_ncdenr,12/1/2025 9:46:03 PM,jdpeacock_ncdenr,775 Washington Avenue,Statesville,Iredell,Jordan Thompson,11.9,11/13/2025 12:00:00 AM,-80.8804940090364,35.7750237637287,"https://www.google.com/maps/dir/?api=1&destination=35.775023763728676,-80.88049400903637&travelmode=driving",,1442233.72290605,742285.872247473
628,2009316041,20093-16-041,Carolina Tank Cleaners,Recorded,58e3567a-27ce-4779-97ae-377c09701448,8/28/2017 7:54:32 PM,jdpeacock_ncdenr,6/3/2025 9:25:07 PM,jdpeacock_ncdenr,1025 Rear Nc Highway 68,Oak Ridge,Guilford,Stephanie Hempel,42.39,11/19/2019 12:00:00 AM,-79.9690629039015,36.129818189474,"https://www.google.com/maps/dir/?api=1&destination=36.129818189474,-79.969062903901545&travelmode=driving",https://edocs.deq.nc.gov/WasteManagement/edoc/1388628/20093_Carolina Tank Cleaners_LURU Model.docx?dbid=0&repo=WasteManagement,1713818.38970938,867550.604329064
629,2008916032,20089-16-032,Former Durham Collision Center,Recorded,2369b050-18e6-4607-9a02-deb892df1e4f,8/28/2017 7:54:32 PM,jdpeacock_ncdenr,9/9/2024 7:42:48 PM,jdpeacock_ncdenr,510 Pettigrew Street,Durham,Durham,BRS-Property Management,2.16,4/25/2018 12:00:00 AM,-78.8977869588023,35.9893176573809,"https://www.google.com/maps/dir/?api=1&destination=35.989317657380937,-78.897786958802286&travelmode=driving",https://edocs.deq.nc.gov/WasteManagement/edoc/1257015/20089_Former Durham Collision Center_LURU Model.docx?dbid=0&repo=WasteManagement,2030239.37202364,815022.713650137
630,2007916092,20079-16-092,3500 Yonkers Road (RFRU),No Further Interest,23920c12-fd9f-4aca-a23e-ae37744fc42c,8/28/2017 7:54:32 PM,jdpeacock_ncdenr,11/3/2023 9:00:51 PM,jdpeacock_ncdenr,3500 Yonkers Road,Raleigh,Wake,Lebeed Kady,5.1,3/8/2017 12:00:00 AM,-78.5859335525112,35.7946875077926,"https://www.google.com/maps/dir/?api=1&destination=35.794687507792567,-78.58593355251122&travelmode=driving",,2122792.81814997,744416.336490482
631,2006916092,20069-16-092,TKC Garner Land,No Further Interest,9a000078-3d98-49af-b731-a3b859aef69a,8/28/2017 7:54:32 PM,jdpeacock_ncdenr,11/3/2023 9:00:51 PM,jdpeacock_ncdenr,3850 Auburn Church Road,Garner,Wake,Sharon Eckard,14.01,4/27/2017 12:00:00 AM,-78.5765423892773,35.7255952893252,"https://www.google.com/maps/dir/?api=1&destination=35.72559528932518,-78.5765423892773&travelmode=driving",,2125685.0420243,719279.348378733
632,2006816074,20068-16-074,Pitt County Bus Garage,No Further Interest,4e4a23fa-a1a6-4190-8fc3-83fab21415d9,8/28/2017 7:54:32 PM,jdpeacock_ncdenr,11/3/2023 9:00:51 PM,jdpeacock_ncdenr,901 Mall Drive,Greenville,Pitt,Lebeed Kady,22,4/10/2017 12:00:00 AM,-77.4060146069564,35.5701704829348,"https://www.google.com/maps/dir/?api=1&destination=35.57017048293481,-77.4060146069564&travelmode=driving",,2473992.69022389,666245.454774812
633,2100217010,21002-17-010,Eagle Island,Recorded,b8247e2d-c3b6-42ab-b13b-79f94c1ceaa1,8/28/2017 7:54:32 PM,jdpeacock_ncdenr,6/16/2026 4:22:59 PM,jdpeacock_ncdenr,"Battleship Road, Ne",Leland,Brunswick,Stephanie Hempel,31,6/12/2020 12:00:00 AM,-77.9535476879309,34.2311420275538,"https://www.google.com/maps/dir/?api=1&destination=34.2311420275538,-77.95354768793085&travelmode=driving",https://edocs.deq.nc.gov/WasteManagement/ElectronicFile.aspx?docid=1516882&dbid=0&repo=WasteManagement,2316321.38220756,176780.922550976
634,2100117001,21001-17-001,Woody Drive,No Further Interest,246c76a2-3498-47d1-8fff-e815e1823e37,8/28/2017 7:54:32 PM,jdpeacock_ncdenr,11/3/2023 9:00:52 PM,jdpeacock_ncdenr,609 Woody Drive,Graham,Alamance,Sarah Young,21.73,2/20/2017 12:00:00 AM,-79.3877720470854,36.0605392193325,"https://www.google.com/maps/dir/?api=1&destination=36.06053921933251,-79.38777204708543&travelmode=driving",,1885384.42124856,841157.520304307
635,2100417060,21004-17-060,Taylor Salt & Chemical,Recorded,c9875dd6-40cb-4e01-89bf-940542e8888c,8/28/2017 7:54:32 PM,jdpeacock_ncdenr,11/3/2023 9:00:52 PM,jdpeacock_ncdenr,3915 Glenwood Drive,Charlotte,Mecklenburg,Jordan Thompson,3.74,11/12/2019 12:00:00 AM,-80.8869727640309,35.249720446252,"https://www.google.com/maps/dir/?api=1&destination=35.249720446251985,-80.886972764030858&travelmode=driving",https://edocs.deq.nc.gov/WasteManagement/edoc/1386857/21004_Taylor Salt and Chemical_LURU Model.docx?dbid=0&repo=WasteManagement,1436678.24254721,551163.80698581
636,2009116060,20091-16-060,Berryhill Road,No Further Interest,affde214-93f2-4cfb-975e-779a2a56d94c,8/28/2017 7:54:32 PM,jdpeacock_ncdenr,11/3/2023 9:00:52 PM,jdpeacock_ncdenr,1225 Berryhill Road,Charlotte,Mecklenburg,Bill Schmithorst,1.61,1/4/2019 12:00:00 AM,-80.8751680738373,35.2356725812367,"https://www.google.com/maps/dir/?api=1&destination=35.235672581236685,-80.87516807383734&travelmode=driving",,1440105.33477439,545985.281253651
637,2100517060,21005-17-060,Palmer's Automotive,Recorded,c84247c9-8a6d-40e6-9d00-f08625238a14,8/28/2017 7:54:32 PM,jdpeacock_ncdenr,4/8/2025 7:20:15 PM,jdpeacock_ncdenr,"1900, 1916 S. Tryon St, 401 W. Worthington Ave",Charlotte,Mecklenburg,Joshawa Billiot,0.54,9/19/2018 12:00:00 AM,-80.8641984313507,35.2134408585986,"https://www.google.com/maps/dir/?api=1&destination=35.213440858598638,-80.86419843135074&travelmode=driving",https://edocs.deq.nc.gov/WasteManagement/edoc/1257409/21005_Palmers Auto_LURU Model.docx?dbid=0&repo=WasteManagement,1443228.37544431,537833.902543306
638,2100617018,21006-17-018,"Wentworth Furniture, Former",Recorded,9aec4914-3e34-419d-9c73-84fdebe5218d,8/28/2017 7:54:32 PM,jdpeacock_ncdenr,9/9/2024 8:05:14 PM,jdpeacock_ncdenr,1808 Emmanuel Church Road,Conover,Catawba,BRS-Property Management,4.38,11/13/2020 5:00:00 AM,-81.1904715095272,35.6956709301573,"https://www.google.com/maps/dir/?api=1&destination=35.695670930157348,-81.190471509527185&travelmode=driving",https://edocs.deq.nc.gov/WasteManagement/ElectronicFile.aspx?docid=1517422&dbid=0&repo=WasteManagement,1349668.90639564,715294.582398146
639,2100717092,21007-17-092,Hoke Street Passage Home,Recorded,b2a05004-0ec6-467a-88c4-31f7d8b4f609,8/28/2017 7:54:32 PM,jdpeacock_ncdenr,2/13/2025 4:59:32 PM,jdpeacock_ncdenr,"500/506 Hoke St; 1402, 1412 Garner Rd",Raleigh,Wake,Stephanie Hempel,3.4,1/6/2020 12:00:00 AM,-78.6325921649064,35.7628354007089,"https://www.google.com/maps/dir/?api=1&destination=35.762835400708937,-78.632592164906427&travelmode=driving",https://edocs.deq.nc.gov/WasteManagement/ElectronicFile.aspx?docid=1826270&dbid=0&repo=WasteManagement,2109050.84268121,732760.076994643
640,2100817092,21008-17-092,Peace Street Phase II,Recorded,b8a0c2b6-8467-4783-83b8-a139636e031e,8/28/2017 7:54:32 PM,jdpeacock_ncdenr,11/3/2023 9:00:53 PM,jdpeacock_ncdenr,401/407 W. Peace St; 517/523 Capital Blvd; 506 N. Harrington St; 312/304 W. Johnson St; 501 N. Dawson St,Raleigh,Wake,Sharon Eckard,3.32,6/28/2019 12:00:00 AM,-78.6438449469988,35.7877715361788,"https://www.google.com/maps/dir/?api=1&destination=35.78777153617882,-78.6438449469988&travelmode=driving",https://edocs.deq.nc.gov/WasteManagement/edoc/1378285/21008_Peace Street Phase II_LURU Model.docx?dbid=0&repo=WasteManagement,2105628.22091755,741832.350188643
641,2008516051,20085-16-051,Arbors at East Village II (RN),No Further Interest,69bf8129-93c4-44b8-8f14-a0ad2a7dddfc,8/28/2017 7:54:32 PM,jdpeacock_ncdenr,11/3/2023 9:00:53 PM,jdpeacock_ncdenr,56 Bent Branch Loop Rd,Clayton,Johnston,Sharon Eckard,3.76,6/12/2018 12:00:00 AM,-78.4460284244442,35.6415030564502,"https://www.google.com/maps/dir/?api=1&destination=35.64150305645023,-78.4460284244442&travelmode=driving",,2164592.65843463,688862.415446311
642,2101017019,21010-17-019,Reman Properties,Recorded,fda0d846-812b-4776-8d07-6e4fd9f4bf75,8/28/2017 7:54:32 PM,jdpeacock_ncdenr,11/3/2023 9:00:54 PM,jdpeacock_ncdenr,270 Moncure Pittsboro Road,Pittsboro,Chatham,Sharon Eckard,20.37,6/18/2018 12:00:00 AM,-79.1752411632834,35.7026909792827,"https://www.google.com/maps/dir/?api=1&destination=35.70269097928265,-79.17524116328343&travelmode=driving",https://edocs.deq.nc.gov/WasteManagement/edoc/1257225/21010_Webster Poultry_LURU Model.docx?dbid=0&repo=WasteManagement,1947973.54967897,710720.3582789
643,2100917092,21009-17-092,301 Hillsborough,No Further Interest,4af197f3-93fc-4e18-a6a1-2c99ef3230dd,8/28/2017 7:54:32 PM,jdpeacock_ncdenr,9/8/2026 9:10:27 PM,jdpeacock_ncdenr,301/309/327 Hillsborough St; 320/324 W. Morgan St,Raleigh,Wake,James Rudder,.5,4/18/2018 12:00:00 AM,-78.6434934013066,35.7801805395465,"https://www.google.com/maps/dir/?api=1&destination=35.78018053954646,-78.64349340130661&travelmode=driving",,2105742.40376006,739069.664441064
644,2101117060,21011-17-060,South Boulevard Carvana,Recorded,bf87416d-7a16-4ab0-a77f-bdd595078b4a,8/28/2017 7:54:32 PM,jdpeacock_ncdenr,11/3/2023 9:00:54 PM,jdpeacock_ncdenr,"3621, 3627 South Boulevard",Charlotte,Mecklenburg,Jordan Thompson,1.95,5/7/2018 12:00:00 AM,-80.873584200269,35.191770898326,"https://www.google.com/maps/dir/?api=1&destination=35.191770898326,-80.873584200268965&travelmode=driving",https://edocs.deq.nc.gov/WasteManagement/edoc/1257060/21011_South Blvd Carvana_LURU Model.docx?dbid=0&repo=WasteManagement,1440276.65825063,530001.442158401
645,2101217036,21012-17-036,Spring Ford Knit Co,Recorded,f4ae52e7-89db-4ba5-85c4-40ddea263c2f,8/28/2017 7:54:32 PM,jdpeacock_ncdenr,5/11/2026 9:26:46 PM,jdpeacock_ncdenr,2349 Plastics Drive,Gastonia,Gaston,BRS-Property Management,9.48,11/14/2019 12:00:00 AM,-81.1446414658854,35.2778922530835,"https://www.google.com/maps/dir/?api=1&destination=35.27789225308352,-81.14464146588541&travelmode=driving",https://edocs.deq.nc.gov/WasteManagement/edoc/1389912/21012_Spring%20Ford%20Knitting_LURU%20Model.docx?dbid=0&repo=WasteManagement,1359988.51830231,562976.453964144
646,2101317060,21013-17-060,Thrift Rd II (RFRU),No Further Interest,9b1953cb-de3d-49e4-b9b3-10b6c274f234,8/28/2017 7:54:32 PM,jdpeacock_ncdenr,11/3/2023 9:00:55 PM,jdpeacock_ncdenr,2317 Thrift Road,Charlotte,Mecklenburg,Bill Schmithorst,2.82,1/4/2019 12:00:00 AM,-80.87409809526,35.2351602332591,"https://www.google.com/maps/dir/?api=1&destination=35.235160233259116,-80.87409809526&travelmode=driving",,1440421.25540239,545792.814775065
647,2101417023,21014-17-023,Dicey Mills,Active Eligible,29f6f980-4cc1-47a2-a041-18cdcf73bdfd,8/28/2017 7:54:32 PM,jdpeacock_ncdenr,11/3/2023 9:00:55 PM,jdpeacock_ncdenr,430 Neisler Street,Shelby,Cleveland,Peter Doorn,24.67,4/20/2017 12:00:00 AM,-81.5675155954718,35.2885890293941,"https://www.google.com/maps/dir/?api=1&destination=35.288589029394117,-81.567515595471846&travelmode=driving",,1233919.26912896,569863.306004062
648,2100317092,21003-17-092,Fuquay Varina Arts Center,No Further Interest,2038902d-ad6a-485f-9afb-dde11d854470,8/28/2017 7:54:32 PM,jdpeacock_ncdenr,11/3/2023 9:00:55 PM,jdpeacock_ncdenr,118 E. Jones St; 131 N. Fuquay Ave,Fuquay-Varina,Wake,Sharon Eckard,3.69,5/21/2020 12:00:00 AM,-78.7987654408293,35.5861402070174,"https://www.google.com/maps/dir/?api=1&destination=35.586140207017415,-78.798765440829328&travelmode=driving",,2059831.21769547,668313.097621143
649,2008716036,20087-16-036,Osage Mill,No Further Interest,5685e73e-3e35-4e4a-bb06-2d3c5ad9f274,8/28/2017 7:54:32 PM,jdpeacock_ncdenr,10/27/2025 3:52:35 PM,jdpeacock_ncdenr,201 South 12th Street,Bessemer City,Gaston,Caroline Goodwin,5.17,1/7/2019 12:00:00 AM,-81.2842513372953,35.2830794632083,"https://www.google.com/maps/dir/?api=1&destination=35.283079463208288,-81.284251337295345&travelmode=driving",,1318380.22717522,565791.021169648
650,2101817060,21018-17-060,East Craighead Storage,Recorded,1a59248b-b477-4c05-aba6-90a2cecc655d,8/28/2017 7:54:32 PM,jdpeacock_ncdenr,1/14/2026 3:52:58 PM,jdpeacock_ncdenr,Philemon Avenue,Charlotte,Mecklenburg,Jordan Thompson,15,12/29/2025 5:00:00 PM,-80.8008823316309,35.2526707761673,"https://www.google.com/maps/dir/?api=1&destination=35.252670776167285,-80.80088233163086&travelmode=driving",https://edocs.deq.nc.gov/WasteManagement/ElectronicFile.aspx?docid=2182785&dbid=0&repo=WasteManagement,1462395.61991814,551760.001987651
651,2101517090,21015-17-090,Five Points Gateway Redevelopment,Recorded,411091d6-7c75-4bdd-8232-13e10ec67e5a,8/28/2017 7:54:32 PM,jdpeacock_ncdenr,11/3/2023 9:00:56 PM,jdpeacock_ncdenr,"320, 322 E. Franklin Street",Monroe,Union,Carolyn Minnich,1.8,8/24/2020 12:00:00 AM,-80.5466387059683,34.9823141158033,"https://www.google.com/maps/dir/?api=1&destination=34.9823141158033,-80.54663870596833&travelmode=driving",https://edocs.deq.nc.gov/WasteManagement/ElectronicFile.aspx?docid=1516951&dbid=0&repo=WasteManagement,1536753.67986314,452098.787596554
652,2101717034,21017-17-034,Corona Auto Repair,Pending,663744e7-feed-4fd9-bbb0-b7d8e8d64531,8/28/2017 7:54:32 PM,jdpeacock_ncdenr,11/3/2023 9:00:56 PM,jdpeacock_ncdenr,2350 Old Lexington Rd,Winston-Salem,Forsyth,Bill Schmithorst,1.15,3/23/2017 12:00:00 AM,-80.2273078655971,36.0679913248426,"https://www.google.com/maps/dir/?api=1&destination=36.0679913248426,-80.227307865597126&travelmode=driving",,1637279.03589864,845888.719503313
653,2102117038,21021-17-038,Stanley Furniture - Graham,No Further Interest,c909c6de-e271-4faf-83fa-3c2c5b80e490,8/28/2017 7:54:32 PM,jdpeacock_ncdenr,7/9/2024 10:12:22 PM,jdpeacock_ncdenr,68 Snowbird Road,Robbinsville,Graham,Jordan Thompson,37.47,6/9/2024 12:00:00 AM,-83.815258742471,35.3206827284879,"https://www.google.com/maps/dir/?api=1&destination=35.320682728487917,-83.81525874247096&travelmode=driving",,564219.297179893,606465.588114306
654,2102217060,21022-17-060,Adams Property,Recorded,c24327f4-ccf3-4b16-afdf-67aa9015b2b2,8/28/2017 7:54:32 PM,jdpeacock_ncdenr,9/4/2025 8:11:06 PM,jdpeacock_ncdenr,510 West Tremont Ave,Charlotte,Mecklenburg,Andrew Goodwin,1.98,1/5/2023 12:00:00 AM,-80.8685529909675,35.2118458661105,"https://www.google.com/maps/dir/?api=1&destination=35.211845866110515,-80.86855299096754&travelmode=driving",,1441917.04473364,537277.969271973
655,2102417060,21024-17-060,Block 42,Recorded,bfa5ccac-b1bc-408f-81dc-fda7835ae8b3,8/28/2017 7:54:32 PM,jdpeacock_ncdenr,6/3/2025 9:25:07 PM,jdpeacock_ncdenr,500 North College Street,Charlotte,Mecklenburg,Joshawa Billiot,3.55,7/24/2018 12:00:00 AM,-80.8366191531223,35.2293170610267,"https://www.google.com/maps/dir/?api=1&destination=35.2293170610267,-80.83661915312234&travelmode=driving",https://edocs.deq.nc.gov/WasteManagement/edoc/1275845/21024_Block 42_LURU Model.docx?dbid=0&repo=WasteManagement,1451571.31249855,543457.430666313
656,2102317041,21023-17-041,Vivi-Color Graphics,Ineligible,e8f472d4-a8f1-44e1-82b4-ae3a036740f7,8/28/2017 7:54:32 PM,jdpeacock_ncdenr,11/3/2023 9:00:57 PM,jdpeacock_ncdenr,612 Industrial Avenue,Greensboro,Guilford,Hayley Irick,0.91,5/19/2017 12:00:00 AM,-79.775321232639,36.0257472510992,"https://www.google.com/maps/dir/?api=1&destination=36.025747251099155,-79.775321232639&travelmode=driving",,1770736.73387772,829163.68832089
657,1004306012,10043-06-012,Doblin Mastercraft,No Further Interest,8103562b-40f4-4a63-b923-7c60c8687a20,8/28/2017 7:54:32 PM,jdpeacock_ncdenr,2/12/2026 9:32:25 PM,jdpeacock_ncdenr,2128 S Sterling St,Morganton,Burke,Tracy Wahl,22.67,6/30/2008 12:00:00 AM,-81.6614319549541,35.7248596721839,"https://www.google.com/maps/dir/?api=1&destination=35.7248596721839,-81.66143195495405&travelmode=driving",,1210160.19427189,729331.983785227
658,901005012,09010-05-012,Rexnord Industries,No Further Interest,e4cca565-7b76-4749-bcb1-17b2a9bcc883,8/28/2017 7:54:32 PM,jdpeacock_ncdenr,2/13/2025 5:41:14 PM,jdpeacock_ncdenr,Chain Dr,Morganton,Burke,Tracy Wahl,79.22,5/8/2009 12:00:00 AM,-81.7959521956567,35.7032754486975,"https://www.google.com/maps/dir/?api=1&destination=35.703275448697525,-81.795952195656668&travelmode=driving",,1170027.30275306,722576.094409898
659,1001106012,10011-06-012,Knob Creek Property,No Further Interest,6df9336a-d27e-4dfe-bda3-f19f40def04d,8/28/2017 7:54:32 PM,jdpeacock_ncdenr,9/8/2026 9:10:27 PM,jdpeacock_ncdenr,1185-1190 Drexel Road,Morganton,Burke,Tracy Wahl,22.67,1/24/2012 12:00:00 AM,-81.6171994549246,35.7311382253522,"https://www.google.com/maps/dir/?api=1&destination=35.73113822535216,-81.61719945492463&travelmode=driving",,1223344.37394021,731267.493693724
660,2102817034,21028-17-034,Calsto Heating & Cooling,No Further Interest,55f89194-404a-4873-96b8-1d15ca12e5c3,8/28/2017 7:54:32 PM,jdpeacock_ncdenr,11/3/2023 9:00:58 PM,jdpeacock_ncdenr,5649 Country Club Rd,Winston-Salem,Forsyth,Hayley Irick,0.81,9/14/2017 12:00:00 AM,-80.3719165893061,36.093853798978,"https://www.google.com/maps/dir/?api=1&destination=36.09385379897799,-80.37191658930605&travelmode=driving",,1594673.68246122,855862.165435642
661,2103017036,21030-17-036,Trenton Cotton Mill,Recorded,c5b28e02-bc8f-4ff5-a692-e026beada61c,8/28/2017 7:54:32 PM,jdpeacock_ncdenr,7/8/2026 8:24:00 PM,jdpeacock_ncdenr,620 W. Franklin Blvd.,Gastonia,Gaston,Joshawa Billiot,6.83,10/29/2018 12:00:00 AM,-81.1919847923195,35.2633751426367,"https://www.google.com/maps/dir/?api=1&destination=35.263375142636747,-81.19198479231947&travelmode=driving",https://edocs.deq.nc.gov/WasteManagement/edoc/1260763/21030_Trenton Cotton Mill_LURU Model.docx?dbid=0&repo=WasteManagement,1345745.75446506,558002.876969054
662,2103117060,21031-17-060,Ideal Tool & Die,Recorded,e9caa12f-4c2c-4a37-b536-a5a1d96edb39,8/28/2017 7:54:32 PM,jdpeacock_ncdenr,11/3/2023 9:00:59 PM,jdpeacock_ncdenr,"3021, 3029 Bank Street",Charlotte,Mecklenburg,Carolyn Minnich,0.52,12/18/2018 12:00:00 AM,-80.8752290207148,35.2013251614881,"https://www.google.com/maps/dir/?api=1&destination=35.20132516148814,-80.87522902071481&travelmode=driving",https://edocs.deq.nc.gov/WasteManagement/edoc/1359777/21031_Ideal Tool and Die_LURU Model.docx?dbid=0&repo=WasteManagement,1439851.01572922,533487.307890058
663,2007316060,20073-16-060,Highland Mill #3 - East 33rd Street,Recorded,a393b339-63fd-4f98-a733-948f49e78f32,8/28/2017 7:54:32 PM,jdpeacock_ncdenr,11/3/2023 9:00:59 PM,jdpeacock_ncdenr,East 33Rd Street,Charlotte,Mecklenburg,Joselyn Harriger,0.82,12/14/2016 12:00:00 AM,-80.8085505761849,35.2462833628252,"https://www.google.com/maps/dir/?api=1&destination=35.2462833628252,-80.808550576184885&travelmode=driving",https://edocs.deq.nc.gov/WasteManagement/ElectronicFile.aspx?docid=662964&dbid=0&repo=WasteManagement,1460064.37392446,549477.330043808
664,2006116025,20061-16-025,Clarke Power Services,Recorded,9c1027a7-de35-4d3f-8321-f274767774f9,8/28/2017 7:54:32 PM,jdpeacock_ncdenr,7/16/2025 9:17:16 PM,jdpeacock_ncdenr,Glenburnie Rd; Trent Rd; Mlk Jr. Blvd,New Bern,Craven,Joselyn Harriger,34,2/28/2017 12:00:00 AM,-77.1016560305175,35.0958478731018,"https://www.google.com/maps/dir/?api=1&destination=35.09584787310178,-77.101656030517518&travelmode=driving",https://edocs.deq.nc.gov/WasteManagement/edoc/744617/20061_Glenburnie (Clarke Power)_LURU Model_20170921.docx?dbid=0&repo=WasteManagement,2567788.46391806,495238.070084229
665,2007116032,20071-16-032,Howerton-Byran,Recorded,f34c906e-614a-47bf-a69d-06ee4c751e2e,8/28/2017 7:54:32 PM,jdpeacock_ncdenr,11/3/2023 9:01:00 PM,jdpeacock_ncdenr,"1001,1003,1005 W. Main Str.; 1006,1010,1014,1016 W. Peabody Street",Durham,Durham,Sharon Eckard,1.45,6/16/2017 12:00:00 AM,-78.910796652304,36.0003927018967,"https://www.google.com/maps/dir/?api=1&destination=36.0003927018967,-78.910796652304&travelmode=driving",https://edocs.deq.nc.gov/WasteManagement/edoc/764561/20071_Howerton Bryan_LURU Model_20170928.docx?dbid=0&repo=WasteManagement,2026386.98110639,819050.558940888
667,2103317060,21033-17-060,Tremont Music Hall,Recorded,01e09896-c145-4ffa-988d-0195abab5796,8/28/2017 7:54:32 PM,jdpeacock_ncdenr,11/3/2023 9:01:00 PM,jdpeacock_ncdenr,400 W. Tremont Avenue,Charlotte,Mecklenburg,Joselyn Harriger,0.86,10/3/2018 12:00:00 AM,-80.8673547706512,35.2114987566936,"https://www.google.com/maps/dir/?api=1&destination=35.21149875669362,-80.867354770651175&travelmode=driving",https://edocs.deq.nc.gov/WasteManagement/edoc/1257569/21033_Beacham Property_LURU Model.docx?dbid=0&repo=WasteManagement,1442272.50071564,537144.929183722
668,100697060,01006-97-060,Hamilton Property,Recorded,70db6a39-7407-4e97-b8a2-0e51d6da38dd,8/28/2017 7:54:32 PM,jdpeacock_ncdenr,9/9/2024 7:42:49 PM,jdpeacock_ncdenr,216 Dunavant St,Charlotte,Mecklenburg,BRS-Property Management,0.9,4/10/2001 12:00:00 AM,-80.8656689404261,35.2079756188349,"https://www.google.com/maps/dir/?api=1&destination=35.207975618834915,-80.86566894042612&travelmode=driving",https://edocs.deq.nc.gov/WasteManagement/edoc/741770/01006_Hamilton Property_LURU Model_20170912.docx?dbid=0&repo=WasteManagement,1442751.8567123,535853.464246973
669,2103417060,21034-17-060,1300 South Tryon St,Recorded,5b6ab0aa-a2f1-462d-a0b8-1711a9eb1189,8/28/2017 7:54:32 PM,jdpeacock_ncdenr,11/3/2023 9:01:00 PM,jdpeacock_ncdenr,1300 South Tryon Street,Charlotte,Mecklenburg,Bill Schmithorst,0.34,9/19/2018 12:00:00 AM,-80.8542770975302,35.2184524489956,"https://www.google.com/maps/dir/?api=1&destination=35.2184524489956,-80.854277097530215&travelmode=driving",https://edocs.deq.nc.gov/WasteManagement/edoc/1257369/21034_1300 South Tryon_LURU Model.docx?dbid=0&repo=WasteManagement,1446225.2611828,539602.025975555
670,2103517055,21035-17-055,Textile Piece Dyeing (RRU),RFR PC Complete,98692fc6-73ab-4583-b615-61abbb9fb518,8/28/2017 7:54:32 PM,jdpeacock_ncdenr,11/3/2023 9:01:01 PM,jdpeacock_ncdenr,319 N. Generals Blvd.,Lincolnton,Lincoln,Caroline Goodwin,21.96,12/16/2022 12:00:00 AM,-81.245433531003,35.4835249857553,"https://www.google.com/maps/dir/?api=1&destination=35.48352498575528,-81.245433531003&travelmode=driving",,1331607.48976263,638463.48737298
671,1100907060,11009-07-060,Rea Asphalt Plant Addition,Recorded,8a6046b6-8c66-4815-98bf-f923657080fc,,,11/3/2023 9:01:01 PM,jdpeacock_ncdenr,2701 Youngblood St,Charlotte,Mecklenburg,Carolyn Minnich,0.77,8/10/2007 12:00:00 AM,-80.8682798734053,35.2024045095853,"https://www.google.com/maps/dir/?api=1&destination=35.20240450958525,-80.868279873405328&travelmode=driving",https://edocs.deq.nc.gov/WasteManagement/ElectronicFile.aspx?docid=742411&dbid=0&repo=WasteManagement,1441933.9429938,533840.920699894
672,2103717011,21037-17-011,Micromatic Textron,No Further Interest,14f53b6c-a762-44a9-84ab-609634df9b49,,,7/9/2024 10:12:22 PM,jdpeacock_ncdenr,121 Lytle Cove Road,Swannanoa,Buncombe,Caroline Goodwin,12.95,6/9/2024 12:00:00 AM,-82.3689497752664,35.6004701875479,"https://www.google.com/maps/dir/?api=1&destination=35.600470187547856,-82.368949775266415&travelmode=driving",,998724.073509797,690460.088432059
673,2103917060,21039-17-060,Matthews Morse Supply Co,Recorded,78d7c973-0601-4ede-af18-2fd791ef3423,,,5/11/2026 9:26:46 PM,jdpeacock_ncdenr,2100 Suttle Avenue,Charlotte,Mecklenburg,Sydney Janda,1.65,6/26/2018 12:00:00 AM,-80.872302010325,35.2251267071792,"https://www.google.com/maps/dir/?api=1&destination=35.225126707179157,-80.87230201032503&travelmode=driving",https://edocs.deq.nc.gov/WasteManagement/edoc/1257234/21039_Matthew Morse Supply_LURU Model.docx?dbid=0&repo=WasteManagement,1440888.60912646,542131.693488389
674,2104217011,21042-17-011,The Patton,Ineligible,3cc9a61e-e9cc-4a28-b77d-2cd1129b2d3e,,,11/3/2023 9:01:02 PM,jdpeacock_ncdenr,248 Patton Avenue,Asheville,Buncombe,Jordan Thompson,1.57,9/18/2017 12:00:00 AM,-82.5614090464976,35.5926644158545,"https://www.google.com/maps/dir/?api=1&destination=35.592664415854486,-82.5614090464976&travelmode=driving",,941445.731701881,689617.465773478
675,2104417080,21044-17-080,Narsi Development Salisbury,No Further Interest,dbc30f81-69d0-4d2b-9c9a-a7be647480fe,,,11/3/2023 9:01:02 PM,jdpeacock_ncdenr,1300 S. Jake Alexander Blvd.,Salisbury,Rowan,Caroline Goodwin,1.47,9/4/2019 12:00:00 AM,-80.4786007922888,35.642376323802,"https://www.google.com/maps/dir/?api=1&destination=35.642376323802,-80.4786007922888&travelmode=driving",,1560708.80550922,691992.651311815
676,2104617041,21046-17-041,Piedmont Plating,Ineligible,233823f3-46d1-4f5e-a6b5-e40546cccc94,,,11/3/2023 9:01:02 PM,jdpeacock_ncdenr,3005 Holts Chapel Road,Greensboro,Guilford,Hayley Irick,4.5,9/14/2017 12:00:00 AM,-79.7518157164889,36.0768782653282,"https://www.google.com/maps/dir/?api=1&destination=36.0768782653282,-79.751815716489&travelmode=driving",,1777828.19311997,847722.917934641
677,2104517011,21045-17-011,Woodfin Auto & Salvage,Recorded,89bdd813-03ae-43da-8597-296f2bffeb4b,,,11/3/2023 9:01:03 PM,jdpeacock_ncdenr,"1420, 1430 Riverside Drive",Asheville,Buncombe,Caroline Goodwin,3.3,3/8/2019 12:00:00 AM,-82.6005264157042,35.6257859351909,"https://www.google.com/maps/dir/?api=1&destination=35.62578593519093,-82.600526415704238&travelmode=driving",https://edocs.deq.nc.gov/WasteManagement/edoc/1360026/21045_Woodfin Auto and Salvage_LURU Model.docx?dbid=0&repo=WasteManagement,930261.128414974,702084.351600811
678,2104817060,21048-17-060,Wepak Corp,Recorded,13897d91-9b53-4e68-8261-146ee4fead67,,,11/3/2023 9:01:03 PM,jdpeacock_ncdenr,"314, 322 W. Bland Street",Charlotte,Mecklenburg,Caroline Goodwin,1.37,5/30/2019 12:00:00 AM,-80.8576573390868,35.219830427034,"https://www.google.com/maps/dir/?api=1&destination=35.21983042703401,-80.857657339086757&travelmode=driving",https://edocs.deq.nc.gov/WasteManagement/edoc/1360211/21048_Wepak Corp_LURU Model.docx?dbid=0&repo=WasteManagement,1445225.26187047,540122.31922631
679,2006016019,20060-16-019,Townsend & McCrary Site,Recorded,b145dcdb-5053-4336-9edb-16988e723560,,,4/9/2026 4:08:37 PM,jdpeacock_ncdenr,"1100, 1101, 1200 E 3rd St; 1240, 1314 E 11th St",Siler City,Chatham,Stephanie Hempel,34.3,9/21/2017 12:00:00 AM,-79.4491716632781,35.7308529904536,"https://www.google.com/maps/dir/?api=1&destination=35.73085299045357,-79.449171663278065&travelmode=driving",https://edocs.deq.nc.gov/WasteManagement/edoc/824442/20060_Townsend Acme-McCurary Site_LURU Model_20171024.docx?dbid=0&repo=WasteManagement,1866693.23159689,721226.615481555
680,2001816092,20018-16-092,Storage Max,Recorded,5c5f87c9-7a73-4e04-857a-506c728e3fbe,,,9/9/2024 7:42:49 PM,jdpeacock_ncdenr,1936 Wake Forest Road,Raleigh,Wake,BRS-Property Management,1.39,10/2/2017 12:00:00 AM,-78.6238104470399,35.8072305341881,"https://www.google.com/maps/dir/?api=1&destination=35.80723053418808,-78.62381044703994&travelmode=driving",https://edocs.deq.nc.gov/WasteManagement/edoc/828779/20018_Storage Max VI_LURU Model_20171025.docx?dbid=0&repo=WasteManagement,2111543.12477013,748937.208026141
681,2105517034,21055-17-034,Leonard Oil Plant,RFR PC Complete,66f324b1-d104-4d50-9ae9-7f0a7d1cee83,,,4/8/2024 2:37:14 PM,jdpeacock_ncdenr,2037 Vargrave Street,Winston-Salem,Forsyth,Caroline Goodwin,1.09,1/12/2024 12:00:00 AM,-80.2306703642453,36.0710271508383,"https://www.google.com/maps/dir/?api=1&destination=36.07102715083832,-80.23067036424531&travelmode=driving",,1636299.02539147,847006.077832893
682,2105617060,21056-17-060,Yons Property,Recorded,8f9751f7-6db3-41ec-b4d7-48a917fad90b,,,11/3/2023 9:01:04 PM,jdpeacock_ncdenr,"9812, 9908 John Price Road",Charlotte,Mecklenburg,Caroline Goodwin,26.96,11/20/2018 12:00:00 AM,-80.9458945856766,35.1282067409938,"https://www.google.com/maps/dir/?api=1&destination=35.12820674099384,-80.9458945856766&travelmode=driving",https://edocs.deq.nc.gov/WasteManagement/edoc/1261364/21056_Yons Property_LURU Model.docx?dbid=0&repo=WasteManagement,1418223.56193697,507287.853071228
683,1501111011,15011-11-011,BASF Enka Landfill,Recorded,77e809cb-4022-49c1-be75-cf657005e433,,,11/3/2023 9:01:04 PM,jdpeacock_ncdenr,Sand Hill Road,Asheville,Buncombe,Tracy Wahl,29.88,4/5/2016 12:00:00 AM,-82.6455663134285,35.5471853017554,"https://www.google.com/maps/dir/?api=1&destination=35.547185301755356,-82.6455663134285&travelmode=driving",https://edocs.deq.nc.gov/WasteManagement/edoc/662773/15011_BASF Enka_LURUModel_2016_12_20.docx?dbid=0&repo=WasteManagement,915835.089353725,673983.544941649
684,2200118060,22001-18-060,South Graham Tower,Recorded,fcf0df2c-c3a7-43cf-b37c-d23d96c674ff,,,11/3/2023 9:01:04 PM,jdpeacock_ncdenr,401 South Graham Street,Charlotte,Mecklenburg,Bill Schmithorst,0.67,11/19/2020 12:00:00 AM,-80.8502052349923,35.2278407440133,"https://www.google.com/maps/dir/?api=1&destination=35.22784074401326,-80.85020523499226&travelmode=driving",https://edocs.deq.nc.gov/WasteManagement/ElectronicFile.aspx?docid=1628563&dbid=0&repo=WasteManagement,1447504.85179947,542995.561511308
685,2200518034,22005-18-034,Salem Paper,Recorded,686a26e6-5c26-48e4-8a01-8be4acf53ae3,,,11/3/2023 9:01:05 PM,jdpeacock_ncdenr,1149 Canal Dr; 1064/1040 W. Northwest Blvd,Winston-Salem,Forsyth,Caroline Goodwin,2.83,5/6/2020 5:00:00 AM,-80.2609705625036,36.10251114361,"https://www.google.com/maps/dir/?api=1&destination=36.10251114361,-80.2609705625036&travelmode=driving",https://edocs.deq.nc.gov/WasteManagement/ElectronicFile.aspx?docid=1516879&dbid=0&repo=WasteManagement,1627490.4222738,858578.821419641
686,2200618065,22006-18-065,Hanover Center,No Further Interest,3c940aa0-edb9-47bb-b4c6-578a68c10f1f,,,11/3/2023 9:01:05 PM,jdpeacock_ncdenr,"303 Independence Blvd; 3709, 3711 Oleander Dr.",Wilmington,New Hanover,Sam Watson,39.03,11/5/2018 12:00:00 AM,-77.9041747217427,34.2162470377566,"https://www.google.com/maps/dir/?api=1&destination=34.21624703775656,-77.9041747217427&travelmode=driving",,2331305.04088847,171521.365156725
687,2200418032,22004-18-032,Witherspoon Nursery,Recorded,a5fdeb2f-75f8-4706-a718-c0658c1042b3,,,7/16/2025 9:17:16 PM,jdpeacock_ncdenr,3312 Watkins Raod,Durham,Durham,BRS-Property Management,8,1/9/2020 12:00:00 AM,-78.9906385418823,35.9519808463784,"https://www.google.com/maps/dir/?api=1&destination=35.9519808463784,-78.9906385418823&travelmode=driving",https://edocs.deq.nc.gov/WasteManagement/ElectronicFile.aspx?docid=1390016&dbid=0&repo=WasteManagement,2002771.57262863,801415.99250406
688,2200318074,22003-18-074,Life Science Building,Active Eligible,e3f8a334-939c-4c41-b005-35e0f5e1f45e,,,9/4/2025 8:11:06 PM,jdpeacock_ncdenr,"Evans, Tenth, Ninth, Forbes, Cotanche",Greenville,Pitt,Sharon Eckard,3.9,2/27/2018 12:00:00 AM,-77.3732293628438,35.6064900787768,"https://www.google.com/maps/dir/?api=1&destination=35.6064900787768,-77.3732293628438&travelmode=driving",,2483524.31715797,679621.177039057
689,2200218092,22002-18-092,Overture Cary,Recorded,2a8bdc31-f950-4947-990f-096da0e26c78,,,9/9/2024 8:07:25 PM,jdpeacock_ncdenr,"3612, 3624 Davis Drive",Cary,Wake,BRS-Property Management,7.03,12/3/2020 12:00:00 AM,-78.8476285556802,35.8248071930117,"https://www.google.com/maps/dir/?api=1&destination=35.82480719301173,-78.847628555680245&travelmode=driving",https://edocs.deq.nc.gov/WasteManagement/ElectronicFile.aspx?docid=1517406&dbid=0&repo=WasteManagement,2045170.06854014,755158.394730732
690,2106017096,21060-17-096,Acme United Corp,No Further Interest,43cf71d7-f19e-4f99-841a-e4c09120e3fe,,,12/1/2025 9:46:03 PM,jdpeacock_ncdenr,701 S. Wilson Street And Other Parcels,Fremont,Wayne,,12.69,9/23/2025 12:00:00 AM,-77.9801637977371,35.5378131874649,"https://www.google.com/maps/dir/?api=1&destination=35.537813187464856,-77.980163797737148&travelmode=driving",,2303390.79192705,652221.28006731
691,2105917092,21059-17-092,South Street Condos - West,Recorded,40a3aa20-c0a9-4778-94cf-30ab538a8faf,,,12/1/2025 9:46:03 PM,jdpeacock_ncdenr,"601, 607, 609, 611, 615, 617 W. South Street; 712 S. Sounders Street",Raleigh,Wake,Lourdes Barallobre,1.74,1/10/2020 12:00:00 AM,-78.649171298316,35.7721550455438,"https://www.google.com/maps/dir/?api=1&destination=35.77215504554378,-78.649171298316&travelmode=driving",https://edocs.deq.nc.gov/WasteManagement/ElectronicFile.aspx?docid=1516623&dbid=0&repo=WasteManagement,2104068.64267188,736142.458025143
692,2105817065,21058-17-065,Arrive Wilmington,Active Eligible,81da4360-317f-4ffc-b1ac-bba1f10e0d8b,,,4/9/2024 8:14:02 PM,jdpeacock_ncdenr,101/105/108 S. 2Nd; 209 Mcclaine Alley,Wilmington,New Hanover,Claire Sorrell,0.72,6/23/2023 12:00:00 AM,-77.9470783975332,34.2339066700476,"https://www.google.com/maps/dir/?api=1&destination=34.23390667004755,-77.947078397533218&travelmode=driving",,2318266.16801614,177807.714132562
693,2105717065,21057-17-065,Ezzell Trucking,Active Eligible,59737618-9957-484c-836b-8f4f44fa2af1,,,9/8/2026 7:54:54 PM,jdpeacock_ncdenr,233 Sutton Lake Road,Wilmington,New Hanover,Celeste Dobill,14.54,8/3/2026 12:00:00 AM,-77.9788692710169,34.2915720135097,"https://www.google.com/maps/dir/?api=1&destination=34.2915720135097,-77.9788692710169&travelmode=driving",,2308441.24868964,198692.989619151
694,2105417026,21054-17-026,Fayetteville Mixed Use Development,Recorded,8945e736-78a6-4a78-a5b3-3e4f5309f6a6,,,9/9/2024 8:05:14 PM,jdpeacock_ncdenr,Tract 3 and Tract 4,Fayetteville,Cumberland,BRS-Property Management,2.07,5/17/2019 12:00:00 AM,-78.8839777071116,35.0549594255295,"https://www.google.com/maps/dir/?api=1&destination=35.05495942552954,-78.8839777071116&travelmode=driving",https://edocs.deq.nc.gov/WasteManagement/edoc/1376869/21054_Fayetteville Mixed Use Dev_LURU Model.docx?dbid=0&repo=WasteManagement,2034722.14258564,474948.467290804
695,2105317092,21053-17-092,Guilford Mills Redevelopment,Recorded,4a71f949-bd5d-4abb-8030-e277ea334966,,,4/8/2025 7:20:15 PM,jdpeacock_ncdenr,200 Dickens Road,Fuquay-Varina,Wake,Stephanie Hempel,40.94,12/23/2019 12:00:00 AM,-78.8045344571667,35.6131043113456,"https://www.google.com/maps/dir/?api=1&destination=35.6131043113456,-78.80453445716665&travelmode=driving",https://edocs.deq.nc.gov/WasteManagement/ElectronicFile.aspx?docid=1525983&dbid=0&repo=WasteManagement,2058096.67031156,678123.882461473
696,2105217060,21052-17-060,Little Rock Road,Recorded,27d85490-70de-4bf7-8c13-870431369014,,,9/4/2025 8:11:06 PM,jdpeacock_ncdenr,6108 Wilkinson Blvd,Charlotte,Mecklenburg,BRS-Property Management,4.9,7/17/2018 12:00:00 AM,-80.9436939151857,35.235931091319,"https://www.google.com/maps/dir/?api=1&destination=35.235931091319017,-80.9436939151857&travelmode=driving",https://edocs.deq.nc.gov/WasteManagement/edoc/1257272/21052_Little Rock Road_LURU Model.docx?dbid=0&repo=WasteManagement,1419649.0151228,546472.901997566
697,2105117035,21051-17-035,Sterling Mill Lofts,Recorded,2eca68b4-11aa-4f4a-8b0c-f404672c2b5c,,,9/9/2024 8:05:14 PM,jdpeacock_ncdenr,106 East Green Street,Franklinton,Franklin,BRS-Property Management,8.57,3/27/2019 12:00:00 AM,-78.4562922946964,36.1001777371572,"https://www.google.com/maps/dir/?api=1&destination=36.100177737157168,-78.45629229469638&travelmode=driving",https://edocs.deq.nc.gov/WasteManagement/edoc/1376880/21051_Sterling Mill Lofts_LURU Model.docx?dbid=0&repo=WasteManagement,2160628.72312105,855803.327298731
698,2105017092,21050-17-092,South Saunders Street Assemblage,Recorded,0f3001c3-97f2-4a38-9981-13a38db271e5,,,9/9/2024 6:13:04 PM,jdpeacock_ncdenr,"0, 927, 951, 1001, 1015, 1017, 1019, 1021, 1021B, 1023, 1025, 1027, 1029, 1031, 1033, 1035, 1041 S. Saunders St.; 1019 Mt. Hope Drive; 0 S. Dawson St.; 0 Green St.",Raleigh,Wake,Andrew Goodwin,9.15,6/23/2023 12:00:00 AM,-78.6479677873206,35.7681535218509,"https://www.google.com/maps/dir/?api=1&destination=35.76815352185091,-78.64796778732062&travelmode=driving",,2104430.8089423,734687.206670567
699,2104917032,21049-17-032,West Club Boulevard,No Further Interest,bf67bcb0-da05-4693-84cb-485fb34ea941,,,7/9/2024 10:12:22 PM,jdpeacock_ncdenr,1058 West Club Blvd.,Durham,Durham,Brad Atkinson,2.51,6/9/2024 12:00:00 AM,-78.9101821298076,36.0179702012861,"https://www.google.com/maps/dir/?api=1&destination=36.0179702012861,-78.9101821298076&travelmode=driving",,2026562.96631873,825449.349292889
700,2104717041,21047-17-041,High Point Multi Stadium,Recorded,24f3bc4e-97c8-4d39-a77e-3e1eb2d50174,,,4/9/2026 4:08:37 PM,jdpeacock_ncdenr,"201,206,210,215,300,305,307 Church Av.; 207,211,213,215,217,303 Gatewood Av.; 305,307 N. Elm St.; 207,209,211,216,308 Pine St.; 500,504,508,516 W. English Rd.; 204,208,210,212,214,216,218 N. Lindsay St.",High Point,Guilford,Joshawa Billiot,11.35,12/11/2020 5:00:00 AM,-80.0114578467456,35.9592706609262,"https://www.google.com/maps/dir/?api=1&destination=35.95927066092615,-80.011457846745628&travelmode=driving",https://edocs.deq.nc.gov/WasteManagement/ElectronicFile.aspx?docid=1517400&dbid=0&repo=WasteManagement,1700666.23031822,805594.442152396
701,2103817032,21038-17-032,West Main Street Assemblage,Recorded,ee836c27-cd31-491f-a48f-8c5695dc9570,,,9/9/2024 7:42:49 PM,jdpeacock_ncdenr,1105/1107 W. Main St; 1024/1026 W. Peabody St,Durham,Durham,BRS-Property Management,0.79,11/15/2019 12:00:00 AM,-78.9118525928728,36.0012133330694,"https://www.google.com/maps/dir/?api=1&destination=36.001213333069416,-78.911852592872776&travelmode=driving",https://edocs.deq.nc.gov/WasteManagement/edoc/1387328/21038_West Main Street Assemblage_LURU Model.docx?dbid=0&repo=WasteManagement,2026074.37083922,819349.00814715
702,2104317001,21043-17-001,Granite Mill,Recorded,88180c20-51bd-405b-9252-f0a97e69a889,,,9/9/2024 8:05:14 PM,jdpeacock_ncdenr,122 E. Main Street,Haw River,Alamance,BRS-Property Management,10.06,1/4/2019 12:00:00 AM,-79.3678022916499,36.0904382224028,"https://www.google.com/maps/dir/?api=1&destination=36.090438222402767,-79.3678022916499&travelmode=driving",https://edocs.deq.nc.gov/WasteManagement/edoc/1359877/21043_Granite Mill_LURU Model.docx?dbid=0&repo=WasteManagement,1891327.31520264,852019.227255389
703,2102917042,21029-17-042,Organic Production Services,Ineligible,df73a267-7892-467c-945e-5b2f39a11e50,,,11/3/2023 9:01:09 PM,jdpeacock_ncdenr,802 Julian R. Allsbrook Hwy,Weldon,Halifax,Sharon Eckard,0.39,9/4/2019 12:00:00 AM,-77.6124188390137,36.4328200097723,"https://www.google.com/maps/dir/?api=1&destination=36.432820009772257,-77.61241883901371&travelmode=driving",,2408230.78729914,979320.097981229
704,2102717098,21027-17-098,McCall Farms,Active Eligible,9af607f2-dc1f-4ada-b341-ad1212f61326,,,11/6/2025 6:25:29 PM,jdpeacock_ncdenr,"2202 Charleston Street, Se",Wilson,Wilson,Shristi Shrestha,12.35,10/10/2025 12:00:00 AM,-77.8997044071353,35.6962734931073,"https://www.google.com/maps/dir/?api=1&destination=35.696273493107256,-77.899704407135275&travelmode=driving",,2326686.37099198,710149.051022559
705,2102517065,21025-17-065,Southern Wood Piedmont,No Further Interest,6f6fc867-9e29-44e2-a1db-1cbd001e23b8,,,10/7/2024 10:08:38 PM,jdpeacock_ncdenr,1500 South Front Street,Wilmington,New Hanover,Sharon Eckard,90,8/21/2024 12:00:00 AM,-77.9503010587055,34.2140169295963,"https://www.google.com/maps/dir/?api=1&destination=34.21401692959631,-77.9503010587055&travelmode=driving",,2317368.63634664,170559.075742722
706,2102017078,21020-17-078,Maxton Feed Mill,Recorded,8f87953a-3bd7-4670-806f-3ea7d48ba29a,,,9/9/2024 8:05:14 PM,jdpeacock_ncdenr,214 W. Rockingham Road,Maxton,Robeson,BRS-Property Management,351.34,10/19/2018 12:00:00 AM,-79.3599551383371,34.7605898929729,"https://www.google.com/maps/dir/?api=1&destination=34.760589892972916,-79.359955138337085&travelmode=driving",https://edocs.deq.nc.gov/WasteManagement/edoc/1261084/21020_Maxton Feed Mill_LURU Model.docx?dbid=0&repo=WasteManagement,1891890.81210713,367993.553904474
707,2101917092,21019-17-092,Homewood Banks Apartments,Recorded,60205feb-bbe9-4b31-9398-529c7e1535ff,,,8/5/2025 7:37:13 PM,jdpeacock_ncdenr,5510 Homewood Banks Drive,Raleigh,Wake,Joselyn Harriger,16.02,9/17/2019 12:00:00 AM,-78.681526729037,35.8353094054789,"https://www.google.com/maps/dir/?api=1&destination=35.83530940547887,-78.68152672903699&travelmode=driving",https://edocs.deq.nc.gov/WasteManagement/edoc/1378496/21019_Homewood Banks Apt_LURU Model.docx?dbid=0&repo=WasteManagement,2094397.19777597,759097.949515641
708,2201118060,22011-18-060,Former Clinipad,Recorded,12f746d4-7ca3-4adb-97ff-55226d414f70,,,11/3/2023 9:01:10 PM,jdpeacock_ncdenr,7101 Macfarlane Blvd,Charlotte,Mecklenburg,Jordan Thompson,50.58,12/17/2019 12:00:00 AM,-80.7698926632164,35.2867969523257,"https://www.google.com/maps/dir/?api=1&destination=35.286796952325716,-80.7698926632164&travelmode=driving",https://edocs.deq.nc.gov/WasteManagement/ElectronicFile.aspx?docid=1390109&dbid=0&repo=WasteManagement,1471867.19415081,564011.775712401
709,2200718060,22007-18-060,South Tryon Commercial,Recorded,1dac851b-c5aa-46a1-9a5e-8c44653b9af0,,,4/8/2025 7:20:15 PM,jdpeacock_ncdenr,2027 S. Tryon Street,Charlotte,Mecklenburg,Joshawa Billiot,2.39,4/26/2019 12:00:00 AM,-80.8655931213794,35.2117224611797,"https://www.google.com/maps/dir/?api=1&destination=35.21172246117967,-80.86559312137936&travelmode=driving",https://edocs.deq.nc.gov/WasteManagement/edoc/1360185/22007_South Tryon Commercial_LURU Model.docx?dbid=0&repo=WasteManagement,1442800.12564464,537216.437898979
710,2200918060,22009-18-060,Charlotte Naval Ammo Depot,Recorded,04e84114-093c-42ff-9114-ce9f17cd4be2,,,11/3/2023 9:01:11 PM,jdpeacock_ncdenr,3100 Nevada Blvd,Charlotte,Mecklenburg,Bill Schmithorst,17.08,9/26/2018 12:00:00 AM,-80.9393486948268,35.1204591997758,"https://www.google.com/maps/dir/?api=1&destination=35.12045919977578,-80.9393486948268&travelmode=driving",https://edocs.deq.nc.gov/WasteManagement/edoc/1257454/22009_Charlotte Naval Ammo Depot_LURU Model.docx?dbid=0&repo=WasteManagement,1420125.30058755,504430.457211226
711,2200818060,22008-18-060,Charlotte Aircraft,Recorded,959be35a-1a05-4cd9-b0aa-c8ea761004ed,,,11/3/2023 9:01:11 PM,jdpeacock_ncdenr,7705 W T Harris Boulevard,Charlotte,Mecklenburg,Carolyn Minnich,8.31,7/8/2019 12:00:00 AM,-80.7234088976171,35.2136533321521,"https://www.google.com/maps/dir/?api=1&destination=35.21365333215214,-80.72340889761713&travelmode=driving",https://edocs.deq.nc.gov/WasteManagement/edoc/1360399/22008_Charlotte Aircraft_LURU Model.docx?dbid=0&repo=WasteManagement,1485274.34811072,537151.393081561
712,2201318060,22013-18-060,Harding Office,Complete,2f8842fa-7afd-4c0c-a077-1f3dce5ec54b,,,4/8/2024 2:42:41 PM,jdpeacock_ncdenr,"1301, 1309 Harding Place",Charlotte,Mecklenburg,Jordan Thompson,0.5,8/31/2018 12:00:00 AM,-80.8382937206957,35.2091147507527,"https://www.google.com/maps/dir/?api=1&destination=35.209114750752676,-80.838293720695688&travelmode=driving",,1450983.95474939,536165.504633397
713,2201218087,22012-18-087,Singer Furniture Bryson City,No Further Interest,1681fc00-79fa-4d78-bf5a-bccdd702c3a6,,,7/9/2024 10:12:22 PM,jdpeacock_ncdenr,"918, 1018 Bryson Walk",Bryson City,Swain,Tracy Wahl,20.5,6/3/2024 12:00:00 AM,-83.4588308772388,35.4226368689556,"https://www.google.com/maps/dir/?api=1&destination=35.422636868955628,-83.458830877238825&travelmode=driving",,672088.35178256,638570.315899476
714,2201418060,22014-18-060,Brightwalk Phase VI,Recorded,b91ea7ea-b519-475a-b05f-1e5246ed5aeb,,,4/9/2026 4:08:37 PM,jdpeacock_ncdenr,Intersection Statesville Ave and Woodward Ave,Charlotte,Mecklenburg,Sydney Janda,3.54,9/13/2018 12:00:00 AM,-80.836406184181,35.2507183749855,"https://www.google.com/maps/dir/?api=1&destination=35.2507183749855,-80.83640618418104&travelmode=driving",https://edocs.deq.nc.gov/WasteManagement/edoc/1257328/22014_Brightwalk_LURU Model.docx?dbid=0&repo=WasteManagement,1451778.97907797,551243.83405672
715,1802614092,18026-14-092,Powerhouse Square,Recorded,71a39080-d4d2-4623-8f50-92cf2b881f6d,,,9/9/2024 8:05:14 PM,jdpeacock_ncdenr,"116 N. West St; 505, 513 W. Jones St and 125 Harr",Raleigh,Wake,BRS-Property Management,3.2,12/12/2014 12:00:00 AM,-78.6462030047893,35.7821375187251,"https://www.google.com/maps/dir/?api=1&destination=35.782137518725065,-78.64620300478927&travelmode=driving",https://edocs.deq.nc.gov/WasteManagement/edoc/839534/18026_Power%20House%20Square_LURU%20Model_20171130.docx?dbid=0&repo=WasteManagement,2104936.18686855,739779.112825304
716,2201018092,22010-18-092,Glenwood Square,Recorded,75cdcf0b-dc52-40fe-81ad-34b71bc45327,,,9/8/2026 7:54:54 PM,jdpeacock_ncdenr,"11, 117 S. Boylan Ave; 615, 621, 623 Hillsborough St.; 615 W. Morgan St.",Raleigh,Wake,Kelly Johnson,2.02,12/30/2020 5:00:00 AM,-78.6489410886386,35.7804400261112,"https://www.google.com/maps/dir/?api=1&destination=35.78044002611124,-78.648941088638566&travelmode=driving",https://edocs.deq.nc.gov/WasteManagement/ElectronicFile.aspx?docid=1522002&dbid=0&repo=WasteManagement,2104126.26591621,739158.35684897
717,2103617060,21036-17-060,Norfolk Southern Intermodal Facility II,Recorded,e1edb0f8-7ac6-4387-97d7-c4e581464714,6/27/2018 7:21:30 PM,kamarkey_ncdenr,9/9/2024 8:05:14 PM,jdpeacock_ncdenr,325 Parkwood Avenue And 16Th Street,Charlotte,Mecklenburg,BRS-Property Management,2.54,10/4/2018 12:00:00 AM,-80.8257596938083,35.2353781377829,"https://www.google.com/maps/dir/?api=1&destination=35.235378137782916,-80.8257596938083&travelmode=driving",https://edocs.deq.nc.gov/WasteManagement/edoc/1257546/21036_Norfolk Southern Intermodal II_LURU Model.docx?dbid=0&repo=WasteManagement,1454854.23736313,545603.139629483
1717,2201518060,22015-18-060,Westinghouse Electric (RN),No Further Interest,7fef71d4-2b2f-430b-9ae1-2f7a83dcd9ec,7/6/2018 2:22:02 PM,kamarkey_ncdenr,11/3/2023 9:01:13 PM,jdpeacock_ncdenr,"1513, 1515, 1521 S. Mint Street",Charlotte,Mecklenburg,Jordan Thompson,0.51,5/17/2018 12:00:00 AM,-80.8740914631068,35.2270437698574,"https://www.google.com/maps/dir/?api=1&destination=35.227043769857445,-80.874091463106765&travelmode=driving",,1440367.47204539,542839.357427388
1719,2201618060,22016-18-060,Quality Products Co,Recorded,b037f6a5-09bb-445a-942b-366662d8ff69,7/6/2018 2:36:29 PM,kamarkey_ncdenr,11/3/2023 9:01:13 PM,jdpeacock_ncdenr,"1513, 1515, 1521 S. Mint Street",Charlotte,Mecklenburg,Bill Schmithorst,0.51,7/8/2020 12:00:00 AM,-80.8610718625238,35.2186503721614,"https://www.google.com/maps/dir/?api=1&destination=35.21865037216145,-80.86107186252384&travelmode=driving",https://edocs.deq.nc.gov/WasteManagement/ElectronicFile.aspx?docid=1516920&dbid=0&repo=WasteManagement,1444197.60808589,539712.020178139
1720,2201718092,22017-18-092,Motor Pool (RN),Recorded,fd9fcbba-c364-4530-b444-8a90352968ed,7/6/2018 2:56:46 PM,kamarkey_ncdenr,9/4/2025 8:11:06 PM,jdpeacock_ncdenr,415 S. Blount; 422 S. Person Streets,Raleigh,Wake,Andrew Goodwin,1.33,1/24/2022 12:00:00 AM,-78.6358086228475,35.7747684778474,"https://www.google.com/maps/dir/?api=1&destination=35.77476847784742,-78.63580862284746&travelmode=driving",https://edocs.deq.nc.gov/WasteManagement/ElectronicFile.aspx?docid=1749120&dbid=0&repo=WasteManagement,2108028.96349138,737107.997432649
1721,2201818092,22018-18-092,Westinghouse Electric Meter and Light,Recorded,270b0c0f-1081-4407-9907-9c49eed566a8,7/6/2018 3:01:43 PM,kamarkey_ncdenr,9/4/2025 8:11:06 PM,jdpeacock_ncdenr,2728 Capital Blvd,Raleigh,Wake,Stephanie Hempel,32.25,10/26/2020 12:00:00 AM,-78.6000333946441,35.8149843837073,"https://www.google.com/maps/dir/?api=1&destination=35.8149843837073,-78.6000333946441&travelmode=driving",https://edocs.deq.nc.gov/WasteManagement/ElectronicFile.aspx?docid=1516990&dbid=0&repo=WasteManagement,2118581.74586347,751787.126538888
1722,2201918041,22019-18-041,Cone Mill - Greensboro (RN),Recorded,7730b8a5-368d-48b7-bc0e-789c76db92ca,7/6/2018 3:14:52 PM,kamarkey_ncdenr,11/3/2023 9:01:14 PM,jdpeacock_ncdenr,1700 - 1701 Fairview Street,Greensboro,Guilford,Bill Schmithorst,21.17,10/14/2019 12:00:00 AM,-79.7722556803029,36.1010181398787,"https://www.google.com/maps/dir/?api=1&destination=36.1010181398787,-79.77225568030286&travelmode=driving",https://edocs.deq.nc.gov/WasteManagement/edoc/1389441/22019_Cone%20Mills%20Greensboro_LURU%20Model.docx?dbid=0&repo=WasteManagement,1771856.36549672,856556.797576562
1723,2202018092,22020-18-092,Ward Transformer Co (RN),Active Eligible,343b1d59-1021-4687-b939-0e9fa39ed626,7/6/2018 4:05:57 PM,kamarkey_ncdenr,4/9/2026 4:08:37 PM,jdpeacock_ncdenr,"6730, 6800, 6833, 6848 Mount Herman Rd; 900 Lumley Rd",Raleigh,Wake,Celeste Dobill,34.54,9/24/2025 12:00:00 AM,-78.7724063219758,35.901134305428,"https://www.google.com/maps/dir/?api=1&destination=35.901134305427966,-78.77240632197578&travelmode=driving",,2067823.99403273,782608.671851054
1725,2202118060,22021-18-060,Big Bertha Service Station (RN),Recorded,57f1ed11-be71-4e86-bdef-cf0b900b303e,7/6/2018 4:30:40 PM,kamarkey_ncdenr,11/3/2023 9:01:14 PM,jdpeacock_ncdenr,"1100, 1106, 1108 N. Graham St; 413 Dalton Ave",Charlotte,Mecklenburg,Jordan Thompson,3.14,12/23/2019 12:00:00 AM,-80.8354058799992,35.238945392756,"https://www.google.com/maps/dir/?api=1&destination=35.238945392756,-80.83540587999917&travelmode=driving",https://edocs.deq.nc.gov/WasteManagement/edoc/1388081/22021_Big Bertha Service Station_LURU Model.docx?dbid=0&repo=WasteManagement,1451998.34970222,546954.316060975
1726,2202218060,22022-18-060,Pfister Dyes & Chemicals (RN),Recorded,40775788-ed99-432e-8395-6838d68b0168,7/6/2018 4:40:34 PM,kamarkey_ncdenr,11/3/2023 9:01:15 PM,jdpeacock_ncdenr,4233 Trailer Drive,Charlotte,Mecklenburg,Bill Schmithorst,5.75,2/1/2019 12:00:00 AM,-80.8110049196133,35.2785634362817,"https://www.google.com/maps/dir/?api=1&destination=35.278563436281736,-80.81100491961325&travelmode=driving",https://edocs.deq.nc.gov/WasteManagement/edoc/1359930/22022_Pfister Dyes and Chemical_LURU Model.docx?dbid=0&repo=WasteManagement,1459546.03309764,561236.965645224
1727,2202318060,22023-18-060,Woodlawn Green (RN),Recorded,edce231d-0fec-4d97-af77-62fda3051f9e,7/6/2018 4:54:41 PM,kamarkey_ncdenr,4/9/2026 4:08:37 PM,jdpeacock_ncdenr,"5000, 5019, 5111 Nations Crossing Road",Charlotte,Mecklenburg,Sydney Janda,19.77,8/9/2019 12:00:00 AM,-80.8840413453985,35.177137044894,"https://www.google.com/maps/dir/?api=1&destination=35.177137044894,-80.88404134539853&travelmode=driving",https://edocs.deq.nc.gov/WasteManagement/edoc/1360562/22023_Woodlawn Green_LURU Model.docx?dbid=0&repo=WasteManagement,1437051.93766597,524735.647243813
1728,2202418092,22024-18-092,NC State Tailgate Parking  (RN),Recorded,a589eb31-741a-43a2-a658-287d3e6b1255,7/6/2018 5:02:22 PM,kamarkey_ncdenr,9/9/2024 8:05:14 PM,jdpeacock_ncdenr,"4110, 4200 Trinity Road",Raleigh,Wake,BRS-Property Management,18.4,10/17/2019 12:00:00 AM,-78.7109319746077,35.8007341907375,"https://www.google.com/maps/dir/?api=1&destination=35.8007341907375,-78.710931974607746&travelmode=driving",https://edocs.deq.nc.gov/WasteManagement/edoc/1387049/22024_NC State Tailgate Parking_LURU Model.docx?dbid=0&repo=WasteManagement,2085718.07208964,746486.015750065
1729,2202518065,22025-18-065,WWAY,Recorded,70011b37-e0f6-4e27-b529-f56338152298,7/6/2018 5:08:30 PM,kamarkey_ncdenr,8/6/2024 8:26:19 PM,jdpeacock_ncdenr,615 North Front St,Wilmington,New Hanover,Shristi Shrestha,1.7,7/16/2024 12:00:00 AM,-77.9499103088423,34.2424549615116,"https://www.google.com/maps/dir/?api=1&destination=34.24245496151162,-77.94991030884226&travelmode=driving",,2317377.29282539,180909.555369809
1730,2202618060,22026-18-060,Jim Griffin Roofing Co (RN),Recorded,f78f3c25-862f-40e9-beb4-dadcd433831b,7/6/2018 5:15:22 PM,kamarkey_ncdenr,11/3/2023 9:01:16 PM,jdpeacock_ncdenr,1120 South Mint Street,Charlotte,Mecklenburg,Jordan Thompson,1.013,8/9/2019 12:00:00 AM,-80.8561004372483,35.2227372254224,"https://www.google.com/maps/dir/?api=1&destination=35.22273722542241,-80.8561004372483&travelmode=driving",https://edocs.deq.nc.gov/WasteManagement/edoc/1360567/22026_Jim Griffin Roofing_LURU Model.docx?dbid=0&repo=WasteManagement,1445709.94397198,541171.350264728
1732,2202718065,22027-18-065,Upper Dean,Recorded,6b31a7dd-d12c-4927-9dad-a890edd0c5e2,7/6/2018 5:22:03 PM,kamarkey_ncdenr,11/3/2023 9:01:17 PM,jdpeacock_ncdenr,111 Cowan Street,Wilmington,New Hanover,Caroline Goodwin,5.19,12/23/2019 12:00:00 AM,-77.9488756393754,34.2490516966503,"https://www.google.com/maps/dir/?api=1&destination=34.24905169665026,-77.94887563937537&travelmode=driving",https://edocs.deq.nc.gov/WasteManagement/ElectronicFile.aspx?docid=1525977&dbid=0&repo=WasteManagement,2317664.57637155,183313.556795388
1733,2202818036,22028-18-036,McBess Industries,Active Eligible,ee4ba229-6c7e-4b1b-b113-c36af49dcc3e,7/6/2018 5:30:40 PM,kamarkey_ncdenr,8/7/2026 5:05:12 PM,jdpeacock_ncdenr,101 S. Lincoln Street,High Shoals,Gaston,Jordan Thompson,30.35,6/19/2018 12:00:00 AM,-81.2011978063656,35.3980396959709,"https://www.google.com/maps/dir/?api=1&destination=35.398039695970937,-81.201197806365556&travelmode=driving",,1344083.01992963,607063.031145141
1734,2202918043,22029-18-043,Gulf Refining Co,Active Eligible,28a787c1-be4d-46a0-94f0-f8f7bceba888,7/6/2018 5:42:32 PM,kamarkey_ncdenr,11/3/2023 9:01:17 PM,jdpeacock_ncdenr,101 West Duke Street,Dunn,Harnett,Lauren Fleming,0.96,6/4/2018 12:00:00 AM,-78.6160324433659,35.3024663951041,"https://www.google.com/maps/dir/?api=1&destination=35.302466395104148,-78.6160324433659&travelmode=driving",,2114559.93960264,565228.010156557
1735,2203018080,22030-18-080,Durafiber,Recorded,4cebb290-8a59-4a2a-b88c-644ff6200fa7,7/6/2018 8:09:34 PM,kamarkey_ncdenr,8/7/2026 5:05:12 PM,jdpeacock_ncdenr,7401 Statesville Blvd,Salisbury,Rowan,Joshawa Billiot,515.28,9/15/2022 12:00:00 AM,-80.6080607889919,35.7148625398652,"https://www.google.com/maps/dir/?api=1&destination=35.7148625398652,-80.608060788991935&travelmode=driving",https://edocs.deq.nc.gov/WasteManagement/ElectronicFile.aspx?docid=1755880&dbid=0&repo=WasteManagement,1522676.86156014,718970.843418315
1736,2203118013,22031-18-013,K Town Furniture (RN),Recorded,ad0158fe-e38d-4de1-bf57-20117d0f2afd,7/6/2018 8:22:07 PM,kamarkey_ncdenr,11/3/2023 9:01:18 PM,jdpeacock_ncdenr,Chestnut Ave.; Laureate Way; W 1st St.,Kannapolis,Cabarrus,Bill Schmithorst,7.7,1/17/2020 12:00:00 AM,-80.6268836271086,35.4982003538056,"https://www.google.com/maps/dir/?api=1&destination=35.49820035380564,-80.626883627108626&travelmode=driving",https://edocs.deq.nc.gov/WasteManagement/ElectronicFile.aspx?docid=1516626&dbid=0&repo=WasteManagement,1515797.80838914,640212.886761308
1737,2203218011,22032-18-011,Asheville Dyeing and Finishing,Pending,47dc3361-4c2d-4801-ab38-d2eccb74516d,7/6/2018 8:28:16 PM,kamarkey_ncdenr,11/3/2023 9:01:18 PM,jdpeacock_ncdenr,850 Warren Wilson Rd,Swannanoa,Buncombe,Caroline Goodwin,40.39,5/4/2018 12:00:00 AM,-82.4306316798472,35.6131846746037,"https://www.google.com/maps/dir/?api=1&destination=35.61318467460365,-82.4306316798472&travelmode=driving",,980558.885758892,695712.916837141
1738,2203318060,22033-18-060,Yorkshire Drive (RN),Recorded,75557579-100c-4bd8-b084-262d79dc2018,7/6/2018 8:34:16 PM,kamarkey_ncdenr,4/9/2026 4:08:37 PM,jdpeacock_ncdenr,"3605, 3603, 3707 S Tryon St; 336, 330, 324 Yorkshire Dr.",Charlotte,Mecklenburg,Sydney Janda,3.17,8/9/2019 12:00:00 AM,-80.8782800123678,35.1938154138377,"https://www.google.com/maps/dir/?api=1&destination=35.19381541383773,-80.87828001236782&travelmode=driving",https://edocs.deq.nc.gov/WasteManagement/edoc/1360460/22033_Yorkshire Drive_LURU Model.docx?dbid=0&repo=WasteManagement,1438888.05243206,530771.905840561
1739,2203418032,22034-18-032,Fairey Finishing Plant (RN),Recorded,d2c7243f-26e5-4a19-82cf-0b50d7426e80,7/6/2018 8:39:02 PM,kamarkey_ncdenr,2/9/2026 5:11:51 PM,jdpeacock_ncdenr,1604 E. Lawson Street,Durham,Durham,Shristi Shrestha,4.33,12/18/2023 12:00:00 AM,-78.8821731991211,35.9736130246515,"https://www.google.com/maps/dir/?api=1&destination=35.973613024651478,-78.882173199121127&travelmode=driving",,2034796.27596755,809282.477755308
1740,2203518065,22035-18-065,BASF-New Hanover,No Further Interest,d41d87dc-9db1-4699-a67f-9a62b1f61599,7/6/2018 8:43:08 PM,kamarkey_ncdenr,11/3/2023 9:01:19 PM,jdpeacock_ncdenr,110 Vitamin Drive,Wilmington,New Hanover,James Rudder,586.8,9/22/2020 12:00:00 AM,-78.00150713535,34.3326527285329,"https://www.google.com/maps/dir/?api=1&destination=34.332652728532885,-78.00150713534998&travelmode=driving",,2301453.16161597,213573.52875565
1741,2203618034,22036-18-034,RJ Reynolds,Recorded,ba7ef557-0349-43c8-ade7-d799c91221e3,7/6/2018 8:54:58 PM,kamarkey_ncdenr,11/3/2023 9:01:19 PM,jdpeacock_ncdenr,175 N. Chestnut St; 121 N. Church St,Winston-Salem,Forsyth,Caroline Goodwin,3.28,2/3/2020 12:00:00 AM,-80.241967089851,36.0962077818039,"https://www.google.com/maps/dir/?api=1&destination=36.09620778180387,-80.241967089851&travelmode=driving",https://edocs.deq.nc.gov/WasteManagement/ElectronicFile.aspx?docid=1516836&dbid=0&repo=WasteManagement,1633075.34187822,856213.568604231
1742,2203718051,22037-18-051,Clayton Spinning Mill (RN),Recorded,d068783a-91ba-4daf-b194-bf9a691b2fd7,7/6/2018 9:02:03 PM,kamarkey_ncdenr,10/14/2025 9:37:03 PM,jdpeacock_ncdenr,300 Mill Street,Clayton,Johnston,Andrew Goodwin,32,6/18/2019 12:00:00 AM,-78.4488195919346,35.646121301575,"https://www.google.com/maps/dir/?api=1&destination=35.64612130157503,-78.4488195919346&travelmode=driving",https://edocs.deq.nc.gov/WasteManagement/edoc/1376867/22037_Clayton Spinning Mill_LURU Model.docx?dbid=0&repo=WasteManagement,2163754.04331397,690538.714915231
1743,2203818011,22038-18-011,Fishburne Lanfill,Recorded,860f3626-0ee8-4480-8cf2-5d0e0102024d,7/6/2018 9:07:38 PM,kamarkey_ncdenr,11/3/2023 9:01:20 PM,jdpeacock_ncdenr,39 Bradley Branch Road,Arden,Buncombe,Jordan Thompson,11.69,7/22/2019 12:00:00 AM,-82.5276468282532,35.4529301988268,"https://www.google.com/maps/dir/?api=1&destination=35.45293019882676,-82.5276468282532&travelmode=driving",https://edocs.deq.nc.gov/WasteManagement/edoc/1360101/22038_Fishburne Landfill_LURU Model.docx?dbid=0&repo=WasteManagement,949669.684414059,638432.653117061
2745,2203918060,22039-18-060,1300 West Morehead Street,No Further Interest,953e1955-cf1a-41cb-9a55-e401af4511ca,7/13/2018 8:38:31 PM,kamarkey_ncdenr,11/3/2023 9:01:20 PM,jdpeacock_ncdenr,1300 W. Morehead Street,Charlotte,Mecklenburg,Caroline Goodwin,0.36,4/25/2019 12:00:00 AM,-80.8625314955786,35.229341971419,"https://www.google.com/maps/dir/?api=1&destination=35.22934197141899,-80.862531495578637&travelmode=driving",,1443834.74693497,543610.66067481
2746,2204018060,22040-18-060,Metromont Concrete,Recorded,a7673cf5-0aeb-4bbf-8fb3-6f99b74fe012,7/16/2018 1:09:53 PM,kamarkey_ncdenr,11/3/2023 9:01:21 PM,jdpeacock_ncdenr,4101 Greensboro Street,Charlotte,Mecklenburg,Bill Schmithorst,18.51,12/2/2019 12:00:00 AM,-80.7956218949864,35.2554287673427,"https://www.google.com/maps/dir/?api=1&destination=35.25542876734271,-80.79562189498644&travelmode=driving",https://edocs.deq.nc.gov/WasteManagement/edoc/1390206/22040_Metromont%20Concrete_LURU%20Model.docx?dbid=0&repo=WasteManagement,1463983.96615088,552735.151940227
2747,2204118032,22041-18-032,Boy's Esso Service Center,Recorded,6138ce8e-3c9d-4da0-bf04-8a10185ed033,7/16/2018 2:51:34 PM,kamarkey_ncdenr,9/9/2024 8:05:14 PM,jdpeacock_ncdenr,,Durham,Durham,BRS-Property Management,1.22,9/11/2020 12:00:00 AM,-78.9222691912532,36.005604743524,"https://www.google.com/maps/dir/?api=1&destination=36.005604743524017,-78.92226919125325&travelmode=driving",https://edocs.deq.nc.gov/WasteManagement/ElectronicFile.aspx?docid=1516985&dbid=0&repo=WasteManagement,2022991.94229281,820945.007907897
2748,2204218060,22042-18-060,Matheson Ave II,Recorded,4febe104-7588-4a88-993a-786973875426,7/16/2018 2:59:14 PM,kamarkey_ncdenr,11/3/2023 9:01:21 PM,jdpeacock_ncdenr,2710 Chick Godley Road,Charlotte,Mecklenburg,Carolyn Minnich,14.43,7/19/2018 12:00:00 AM,-80.8122316129671,35.2479593643298,"https://www.google.com/maps/dir/?api=1&destination=35.247959364329816,-80.81223161296705&travelmode=driving",https://edocs.deq.nc.gov/WasteManagement/edoc/1360021/22042_Matheson Ave II_LURU Model.docx?dbid=0&repo=WasteManagement,1458976.67006314,550107.244138315
2749,2204318092,22043-18-092,301 Hillsborough II,Recorded,19974d2d-766f-409e-bb1c-ba8278d0d80a,7/16/2018 3:23:25 PM,kamarkey_ncdenr,7/16/2025 9:17:16 PM,jdpeacock_ncdenr,301 Hillsborough II,Raleigh,Wake,BRS-Property Management,1.85,4/23/2021 12:00:00 AM,-78.6442174464973,35.7802039893808,"https://www.google.com/maps/dir/?api=1&destination=35.78020398938078,-78.6442174464973&travelmode=driving",https://edocs.deq.nc.gov/WasteManagement/ElectronicFile.aspx?docid=1626596&dbid=0&repo=WasteManagement,2105527.61875655,739077.429517388
2750,2204618060,22046-18-060,Associated Engineering,No Further Interest,0e8eccb0-b237-4acf-ad66-99231cce1892,8/1/2018 1:25:17 PM,kamarkey_ncdenr,11/3/2023 9:01:22 PM,jdpeacock_ncdenr,433 E. Johns Street,Matthews,Mecklenburg,Bill Schmithorst,2.45,12/1/2018 12:00:00 AM,-80.7176463682371,35.1138542760024,"https://www.google.com/maps/dir/?api=1&destination=35.11385427600241,-80.717646368237126&travelmode=driving",,1486366.83477089,500805.992019221
2751,2204718068,22047-18-068,University Place Mall,Recorded,a3c53dee-b809-47b1-af51-24a2158b8ab3,8/1/2018 3:21:27 PM,kamarkey_ncdenr,9/9/2024 6:13:04 PM,jdpeacock_ncdenr,"201, 205, 215, 217, 219, 221, 223, 225, 227, 229, 231, 233, 235, 237, 239, 241 S. Estes Drive; 900 Willow Drive",Chapel Hill,Orange,Andrew Goodwin,39.5,12/21/2022 12:00:00 AM,-79.0274576352844,35.9281925382244,"https://www.google.com/maps/dir/?api=1&destination=35.92819253822442,-79.027457635284378&travelmode=driving",,1991871.62592463,792757.70634298
2752,2204818032,22048-18-032,Venable Tobacco Company,Recorded,ac7b50f9-f9a6-49ed-8c6f-a090ce58eb5c,8/1/2018 3:38:40 PM,kamarkey_ncdenr,9/4/2025 8:11:06 PM,jdpeacock_ncdenr,"302, 380 E. Pettigrew Street",Durham,Durham,BRS-Property Management,3.76,12/28/2023 12:00:00 AM,-78.8991015376237,35.9916801751795,"https://www.google.com/maps/dir/?api=1&destination=35.9916801751795,-78.89910153762365&travelmode=driving",https://edocs.deq.nc.gov/WasteManagement/ElectronicFile.aspx?docid=1826378&dbid=0&repo=WasteManagemen,2029849.59491606,815882.321839064
2753,2204918060,22049-18-060,Youngs Service Station,Recorded,11a7fcf0-9ec2-4ec8-bf14-d578a6f0a5a9,8/1/2018 3:52:59 PM,kamarkey_ncdenr,9/9/2024 8:05:14 PM,jdpeacock_ncdenr,"115, 119, 125 Brevard Street",Charlotte,Mecklenburg,BRS-Property Management,.35,5/2/2019 12:00:00 AM,-80.8406943431965,35.2239180375882,"https://www.google.com/maps/dir/?api=1&destination=35.223918037588248,-80.8406943431965&travelmode=driving",https://edocs.deq.nc.gov/WasteManagement/edoc/1360196/22049_Youngs Service Station_LURU Model.docx?dbid=0&repo=WasteManagement,1450318.13423064,541515.361059651
2754,2205018011,22050-18-011,Johnson's Arco Service Station,Recorded,aeea5f22-01f6-4a16-8df9-dbf95e5b0afe,8/1/2018 4:11:17 PM,kamarkey_ncdenr,10/14/2025 9:37:03 PM,jdpeacock_ncdenr,"714, 700 Haywood Rd; 12 Fairfax Av",Asheville,Buncombe,Andrew Goodwin,0.66,1/19/2024 12:00:00 AM,-82.5914807204958,35.5771913594826,"https://www.google.com/maps/dir/?api=1&destination=35.5771913594826,-82.59148072049578&travelmode=driving",,932307.726683974,684311.403222889
2755,2205118092,22051-18-092,Wheat Fields Development,Recorded,1f623859-c4ac-4151-a9cc-c789eb8ed92c,8/21/2018 7:06:58 PM,kamarkey_ncdenr,6/3/2025 10:31:29 PM,jdpeacock_ncdenr,1009 Forestville Rd,Wake Forest,Wake,BRS-Property Management,5.32,1/25/2021 12:00:00 AM,-78.5065658014529,35.9430411261996,"https://www.google.com/maps/dir/?api=1&destination=35.94304112619955,-78.506565801452865&travelmode=driving",https://edocs.deq.nc.gov/WasteManagement/ElectronicFile.aspx?docid=1626597&dbid=0&repo=WasteManagement,2146060.8437923,798524.671186983
2756,2205218060,22052-18-060,Cone Mills-Pineville,Recorded,2ee809ae-4127-4e56-b3e5-c0cedbba350f,8/21/2018 7:10:18 PM,kamarkey_ncdenr,11/3/2023 9:01:23 PM,jdpeacock_ncdenr,436 Cone Avenue,Pineville,Mecklenburg,Jordan Thompson,28.3,5/31/2019 12:00:00 AM,-80.8964702671961,35.0839178397948,"https://www.google.com/maps/dir/?api=1&destination=35.0839178397948,-80.896470267196136&travelmode=driving",https://edocs.deq.nc.gov/WasteManagement/edoc/1377240/22052_Cone Mills Pineville_LURU Model.docx?dbid=0&repo=WasteManagement,1432690.55268797,490886.376359805
2757,2008116092,20081-16-092,S. West Street,Recorded,b78b496a-a677-42db-be5c-208f165ec300,10/12/2018 7:49:06 PM,jdpeacock_ncdenr,11/3/2023 9:01:23 PM,jdpeacock_ncdenr,"304, 310 S. West Street",Raleigh,Wake,Sharon Eckard,0.29,9/25/2018 12:00:00 AM,-78.6464094536839,35.7768189668438,"https://www.google.com/maps/dir/?api=1&destination=35.77681896684376,-78.64640945368386&travelmode=driving",https://edocs.deq.nc.gov/WasteManagement/edoc/1257445/20081_S West Street_LURU Model.docx?dbid=0&repo=WasteManagement,2104881.85036306,737842.988416731
2758,2104017090,21040-17-090,Chemstreams Inc.,Recorded,0706d48f-f5b1-4ca5-ad1b-02b8f0726734,10/12/2018 8:04:58 PM,jdpeacock_ncdenr,11/3/2023 9:01:24 PM,jdpeacock_ncdenr,3501 Gribble Road,Stallings,Union,Bill Schmithorst,2.9,9/28/2018 12:00:00 AM,-80.6782639451999,35.0847713522369,"https://www.google.com/maps/dir/?api=1&destination=35.0847713522369,-80.67826394519994&travelmode=driving",https://edocs.deq.nc.gov/WasteManagement/edoc/1257531/21040_Chemstreams Inc_LURU Model.docx?dbid=0&repo=WasteManagement,1497963.43559338,490021.680582643
2759,2204518034,22045-18-034,Thomasville Plant H II,No Further Interest,6bdc37e9-abf5-4777-8fde-a435e3806315,10/29/2018 7:15:10 PM,cegoodwin_ncdenr,11/3/2023 9:01:24 PM,jdpeacock_ncdenr,1201 Patterson Ave,Winston-Salem,Forsyth,Caroline Goodwin,4.18,4/17/2019 12:00:00 AM,-80.2392005013217,36.1102380430933,"https://www.google.com/maps/dir/?api=1&destination=36.1102380430933,-80.23920050132172&travelmode=driving",,1633956.41393498,861310.50394839
2760,2204418060,22044-18-060,Eastway Plaza,Active Eligible,0dd9e592-b27c-4dc3-843c-aa88b62ef7d9,10/29/2018 7:28:06 PM,kamarkey_ncdenr,11/3/2023 9:01:24 PM,jdpeacock_ncdenr,"4525-4545, 4447 The Plaza; 413 Eastway Dr",Charlotte,Mecklenburg,Carolyn Minnich,25.25,11/6/2018 12:00:00 AM,-80.778674340052,35.2517460201046,"https://www.google.com/maps/dir/?api=1&destination=35.25174602010463,-80.778674340052&travelmode=driving",,1469018.47707923,551303.96681048
2761,2205318092,22053-18-092,Carolina Coach Co.,Recorded,5bfdec96-fce8-4b9d-b5c2-e968711959e4,10/29/2018 7:38:52 PM,kamarkey_ncdenr,9/10/2024 2:33:36 PM,jdpeacock_ncdenr,"1201, 1208 Blount Street",Raleigh,Wake,Joshawa Billiot,3.86,9/21/2021 5:00:00 AM,-78.6364460497244,35.7653310807437,"https://www.google.com/maps/dir/?api=1&destination=35.765331080743728,-78.63644604972438&travelmode=driving",https://edocs.deq.nc.gov/WasteManagement/ElectronicFile.aspx?docid=1626521&dbid=0&repo=WasteManagement,2107852.46810947,733672.186390892
2762,2205418060,22054-18-060,2100 S Tryon St,Recorded,2d7560a4-b7b5-49ca-993e-00b35190a565,10/29/2018 7:53:28 PM,kamarkey_ncdenr,11/3/2023 9:01:25 PM,jdpeacock_ncdenr,2100 S. Tryon Street,Charlotte,Mecklenburg,Bill Schmithorst,2.82,12/21/2020 5:00:00 AM,-80.8672046131014,35.2104632021201,"https://www.google.com/maps/dir/?api=1&destination=35.21046320212005,-80.86720461310145&travelmode=driving",https://edocs.deq.nc.gov/WasteManagement/ElectronicFile.aspx?docid=1526271&dbid=0&repo=WasteManagement,1442310.25490522,536767.268521726
2763,2205518060,22055-18-060,Charlotte Oil and Fertilizer Works,Recorded,a39ea8eb-e6ba-4e8b-b6d6-9130336a88b4,10/29/2018 7:57:17 PM,kamarkey_ncdenr,10/7/2024 10:16:51 PM,jdpeacock_ncdenr,2151 Hawkins Street,Charlotte,Mecklenburg,Joshawa Billiot,2.21,1/9/2020 12:00:00 AM,-80.8620987606191,35.2091036021976,"https://www.google.com/maps/dir/?api=1&destination=35.209103602197636,-80.86209876061913&travelmode=driving",https://edocs.deq.nc.gov/WasteManagement/ElectronicFile.aspx?docid=1516621&dbid=0&repo=WasteManagement,1443825.79386888,536243.89259997
2764,2205618060,22056-18-060,Charlotte Packing,Active Eligible,054ebbf3-20bd-48f5-9d40-ae06980568cb,10/29/2018 8:06:22 PM,kamarkey_ncdenr,11/3/2023 9:01:25 PM,jdpeacock_ncdenr,935 Hamilton Street,Charlotte,Mecklenburg,Jordan Thompson,11.11,12/23/2019 12:00:00 AM,-80.8484219003493,35.2413273434725,"https://www.google.com/maps/dir/?api=1&destination=35.241327343472456,-80.848421900349265&travelmode=driving",,1448128.70717905,547893.173435226
2765,2205718034,22057-18-034,Wade's Amoco Station,Recorded,a3bc051d-6585-4bb1-886d-a8ba0fadaae7,10/29/2018 8:18:06 PM,kamarkey_ncdenr,11/3/2023 9:01:26 PM,jdpeacock_ncdenr,1300 Patterson Avenue,Winston-Salem,Forsyth,Caroline Goodwin,0.17,9/17/2020 12:00:00 AM,-80.2420713175633,36.1109370107666,"https://www.google.com/maps/dir/?api=1&destination=36.1109370107666,-80.2420713175633&travelmode=driving",https://edocs.deq.nc.gov/WasteManagement/ElectronicFile.aspx?docid=1517425&dbid=0&repo=WasteManagement,1633111.63839355,861575.533602059
2766,2205818043,22058-18-043,Former Erwin Mills,Recorded,945614ff-d984-48d3-acfb-efcf17916157,10/29/2018 8:28:11 PM,kamarkey_ncdenr,4/8/2025 7:20:15 PM,jdpeacock_ncdenr,200 North 13Th Street,Erwin,Harnett,Stephanie Hempel,55.25,12/30/2022 12:00:00 AM,-78.6795764509093,35.3283835127804,"https://www.google.com/maps/dir/?api=1&destination=35.3283835127804,-78.679576450909266&travelmode=driving",,2095570.81189856,574593.241097972
2767,2205918032,22059-18-032,Monsanto Co (RN) GlaxoSmithKline LLC,Recorded,4c1d81c9-47aa-4c26-a26a-802889f9e7ed,10/30/2018 2:22:55 PM,kamarkey_ncdenr,9/8/2026 7:54:54 PM,jdpeacock_ncdenr,3029 E. Cornwallis Rd,Durham,Durham,Joellen Meitl,107.17,7/24/2020 12:00:00 AM,-78.8655981345779,35.918888554153,"https://www.google.com/maps/dir/?api=1&destination=35.918888554153035,-78.8655981345779&travelmode=driving",https://edocs.deq.nc.gov/WasteManagement/ElectronicFile.aspx?docid=1516932&dbid=0&repo=WasteManagement,2039796.77318439,789396.76063706
2768,2206018034,22060-18-034,Calsto Heating & Cooling 2,No Further Interest,2614d902-ba38-46be-9419-244ba67a4879,10/30/2018 2:26:09 PM,kamarkey_ncdenr,7/9/2024 10:12:22 PM,jdpeacock_ncdenr,5649 Country Club Road,Winston-Salem,Forsyth,Caroline Goodwin,0.81,6/9/2024 12:00:00 AM,-80.3718393043779,36.0937269979052,"https://www.google.com/maps/dir/?api=1&destination=36.09372699790522,-80.37183930437787&travelmode=driving",,1594695.87664255,855815.694071889
2769,2206118092,22061-18-092,NCDOT-CC Mangum-US64E,Recorded,4b908fbf-f8ba-435b-a3fd-60c1aac4220f,10/30/2018 2:31:07 PM,kamarkey_ncdenr,2/13/2025 4:59:32 PM,jdpeacock_ncdenr,"5000 Raleigh Beach Rd; 1130 N. Rogers Ln.; 2911, 3000, 3001 Sunrise Valley Pl.; 3100, 3101, 3106, 3110, 3111,3200, 3201 Columbia River Ln.; 2900 Platte River Dr",Raleigh,Wake,Andrew Goodwin,55.99,12/4/2020 12:00:00 AM,-78.5463387709043,35.7948783917972,"https://www.google.com/maps/dir/?api=1&destination=35.794878391797155,-78.54633877090434&travelmode=driving",https://edocs.deq.nc.gov/WasteManagement/ElectronicFile.aspx?docid=1522036&dbid=0&repo=WasteManagement,2134534.31271155,744537.134805307
2771,2103217060,21032-17-060,Radiator Specialty Tract E,Recorded,cd99e0b7-55e6-44d0-8a0d-5001c9f73c96,11/6/2018 9:23:11 PM,jdpeacock_ncdenr,4/8/2025 7:20:15 PM,jdpeacock_ncdenr,2120/2140 Suttle Ave; 2016/2024/2108 Wilkinson Blv,Charlotte,Mecklenburg,Joshawa Billiot,10.02,10/17/2018 12:00:00 AM,-80.8731282527395,35.2243334622603,"https://www.google.com/maps/dir/?api=1&destination=35.2243334622603,-80.8731282527395&travelmode=driving",https://edocs.deq.nc.gov/WasteManagement/edoc/1261106/21032_Radiator Specialty Tract E_LURU Model.docx?dbid=0&repo=WasteManagement,1440636.45641555,541847.702258483
2772,2206218092,22062-18-092,Smokey Hollow 2,Recorded,a8a2441f-5fd5-40d7-86bc-6468690d6197,11/21/2018 7:45:46 PM,kamarkey_ncdenr,11/3/2023 9:01:27 PM,jdpeacock_ncdenr,421 N. Harrington Street; 500 N. West Street,Raleigh,Wake,Sharon Eckard,3.43,9/23/2019 12:00:00 AM,-78.6451367821218,35.7862583029006,"https://www.google.com/maps/dir/?api=1&destination=35.7862583029006,-78.64513678212178&travelmode=driving",https://edocs.deq.nc.gov/WasteManagement/edoc/1387025/22062_Smokey Hollow 2_LURU Model.docx?dbid=0&repo=WasteManagement,2105247.06288722,741280.173143387
2773,2206318032,22063-18-032,Liggett & Myers Tobacco Co,Recorded,48dd3df4-8cd1-4186-9157-1210abbc2bee,11/21/2018 7:50:38 PM,kamarkey_ncdenr,9/9/2024 8:05:14 PM,jdpeacock_ncdenr,"321, 301 Liggett St; 506, 508, 606 Fernway Ave",Durham,Durham,BRS-Property Management,2.79,4/18/2022 4:00:00 PM,-78.9048116000336,36.0006803875988,"https://www.google.com/maps/dir/?api=1&destination=36.0006803875988,-78.90481160003364&travelmode=driving",https://edocs.deq.nc.gov/WasteManagement/ElectronicFile.aspx?docid=1755741&dbid=0&repo=WasteManagement,2028157.24659473,819156.927166477
2774,2206418076,22064-18-076,MB Plating,No Further Interest,b12e2cda-f33b-4bce-a7e0-ff62b7cd03eb,11/21/2018 7:55:56 PM,kamarkey_ncdenr,11/3/2023 9:01:28 PM,jdpeacock_ncdenr,1301 Corporation Drive,Archdale,Randolph,Caroline Goodwin,1.5,2/21/2019 12:00:00 AM,-80.0073910169421,35.9167478291974,"https://www.google.com/maps/dir/?api=1&destination=35.91674782919741,-80.00739101694212&travelmode=driving",,1701712.66457705,790104.101742059
2775,2206518041,22065-18-041,"ATCO Rubber Products, Inc",No Further Interest,dd371d53-6949-47ba-a72b-45aef994c546,11/21/2018 8:00:24 PM,kamarkey_ncdenr,11/3/2023 9:01:28 PM,jdpeacock_ncdenr,2806 Patterson Street,Greensboro,Guilford,James Rudder,3.28,3/24/2023 12:00:00 AM,-79.8414483561138,36.058064106859,"https://www.google.com/maps/dir/?api=1&destination=36.058064106858978,-79.84144835611384&travelmode=driving",,1751282.97488505,841086.760603309
2776,2206618076,22066-18-076,Worthville Mill,No Further Interest,a42ed6f9-9fd7-4177-b39a-2e4619945168,11/21/2018 8:03:11 PM,kamarkey_ncdenr,9/9/2024 6:13:04 PM,jdpeacock_ncdenr,216 Russell Walker Ave; 0 Russell Walker Ave,Randleman,Randolph,Claire Sorrell,6.8,9/3/2024 12:00:00 AM,-79.777737914183,35.8016402770744,"https://www.google.com/maps/dir/?api=1&destination=35.80164027707437,-79.777737914183035&travelmode=driving",,1769383.01348805,747594.430199891
2777,2206818060,22068-18-060,Philcron Automotive,No Further Interest,fb5ea026-e01b-402b-8bb4-cba6fc31a9ac,12/28/2018 5:20:48 PM,kamarkey_ncdenr,11/3/2023 9:01:28 PM,jdpeacock_ncdenr,2161 Hawkins Street,Charlotte,Mecklenburg,Cody Cannon,1.55,10/16/2019 12:00:00 AM,-80.8628960630209,35.2088502918797,"https://www.google.com/maps/dir/?api=1&destination=35.208850291879656,-80.8628960630209&travelmode=driving",,1443585.95215698,536156.186082482
2778,2206918060,22069-18-060,Okey Hosiery,Recorded,8daab0fd-154f-4fc2-b342-8ffeb62aa01f,12/28/2018 5:37:16 PM,kamarkey_ncdenr,11/3/2023 9:01:29 PM,jdpeacock_ncdenr,"110, 118 E. Kingston Ave",Charlotte,Mecklenburg,Bill Schmithorst,1.16,7/3/2019 12:00:00 AM,-80.8578391388548,35.2131415330014,"https://www.google.com/maps/dir/?api=1&destination=35.21314153300141,-80.857839138854828&travelmode=driving",https://edocs.deq.nc.gov/WasteManagement/edoc/1360247/22069_Okey Hosiery_LURU Model.docx?dbid=0&repo=WasteManagement,1445125.41823813,537689.377569899
2779,2207018090,22070-18-090,RSC Indian Trail,Recorded,60d266a9-8857-41c9-a6a8-90e284cc6746,12/28/2018 6:01:01 PM,kamarkey_ncdenr,4/9/2026 4:08:37 PM,jdpeacock_ncdenr,600 Radiator Road,Indian Trail,Union,Stephanie Hempel,73,4/19/2021 12:00:00 AM,-80.6525148514639,35.0626137043712,"https://www.google.com/maps/dir/?api=1&destination=35.062613704371216,-80.6525148514639&travelmode=driving",https://edocs.deq.nc.gov/WasteManagement/ElectronicFile.aspx?docid=1626606&dbid=0&repo=WasteManagement,1505531.09303021,481829.582465559
2780,2207118019,22071-18-019,Pittsboro General Store,No Further Interest,6372b1a9-441c-4a96-bb2e-3cd784aef476,12/28/2018 7:55:28 PM,kamarkey_ncdenr,11/3/2023 9:01:29 PM,jdpeacock_ncdenr,"0, 39 West St; 10, 20, 56 Sanford Rd",Pittsboro,Chatham,Hayley Irick,1.48,3/29/2021 12:00:00 AM,-79.1779602212982,35.7201530788261,"https://www.google.com/maps/dir/?api=1&destination=35.7201530788261,-79.17796022129822&travelmode=driving",,1947177.68512897,717077.738608733
2782,2207218060,22072-18-060,Consos Chemical Facility,Recorded,57786358-feda-431a-a9cb-59826baa0daf,12/28/2018 8:08:23 PM,kamarkey_ncdenr,2/13/2025 4:59:32 PM,jdpeacock_ncdenr,,Charlotte,Mecklenburg,Joshawa Billiot,28.6,12/3/2020 12:00:00 AM,-80.8401963307123,35.2883984364094,"https://www.google.com/maps/dir/?api=1&destination=35.288398436409445,-80.84019633071227&travelmode=driving",https://edocs.deq.nc.gov/WasteManagement/ElectronicFile.aspx?docid=1517405&dbid=0&repo=WasteManagement,1450901.83450681,564975.988350898
2783,2207318001,22073-18-001,Tarheel Army Missile Plant,Ineligible,3bb2165f-de9a-4e26-9a46-d837aac22d4f,12/31/2018 1:00:11 PM,kamarkey_ncdenr,11/3/2023 9:01:30 PM,jdpeacock_ncdenr,204 N. Graham Hopedale Rd,Burlington,Alamance,Sharon Eckard,22.15,8/25/2020 12:00:00 AM,-79.4080624831137,36.0980650628804,"https://www.google.com/maps/dir/?api=1&destination=36.09806506288044,-79.4080624831137&travelmode=driving",,1879443.22775039,854842.138932392
2784,2207418060,22074-18-060,Gathings Motor Company,Recorded,b798a3b3-9664-4c61-a081-2984e753f52d,12/31/2018 1:21:10 PM,kamarkey_ncdenr,11/3/2023 9:01:30 PM,jdpeacock_ncdenr,1100 - 1200 Block Of S. Tryon Street,Charlotte,Mecklenburg,Carolyn Minnich,4.88,2/11/2020 12:00:00 AM,-80.8538768309747,35.2194351477859,"https://www.google.com/maps/dir/?api=1&destination=35.219435147785887,-80.8538768309747&travelmode=driving",https://edocs.deq.nc.gov/WasteManagement/ElectronicFile.aspx?docid=1516837&dbid=0&repo=WasteManagement,1446351.46467055,539957.378611311
2785,2207518092,22075-18-092,Seaboard Station (RN),Recorded,65943d82-b01d-46d9-8da2-06d193f8883d,12/31/2018 1:29:30 PM,kamarkey_ncdenr,7/16/2025 9:17:16 PM,jdpeacock_ncdenr,"605, 721 Halifax St.; 10 W. Franklin St.; 802 Semart Dr.",Raleigh,Wake,Stephanie Hempel,6.72,12/22/2022 12:00:00 AM,-78.639620556369,35.7895189518294,"https://www.google.com/maps/dir/?api=1&destination=35.78951895182935,-78.63962055636895&travelmode=driving",,2106878.76369205,742472.917477056
2786,2207618060,22076-18-060,West Boulevard,Recorded,d5e62339-4290-42d9-a9d2-da6e2d7d38df,12/31/2018 2:29:05 PM,kamarkey_ncdenr,11/3/2023 9:01:30 PM,jdpeacock_ncdenr,"200, 204, 208, 212, 216, 224 W. Blvd.; 1721, 1725 S. Tryon St.",Charlotte,Mecklenburg,Bill Schmithorst,1.8,12/13/2019 12:00:00 AM,-80.8606724989437,35.2138610046552,"https://www.google.com/maps/dir/?api=1&destination=35.2138610046552,-80.8606724989437&travelmode=driving",https://edocs.deq.nc.gov/WasteManagement/edoc/1390218/22076_West%20Blvd_LURU%20Model.docx?dbid=0&repo=WasteManagement,1444284.19354264,537967.028261304
2787,2207718092,22077-18-092,B&M Motor Works,Recorded,f1236753-77d4-4915-997d-e453a3aeead0,12/31/2018 2:49:17 PM,kamarkey_ncdenr,9/9/2024 8:05:14 PM,jdpeacock_ncdenr,"5701, 5707, 5713, 5715, 5717 Hillsborough St.; 19, 23, 27, 31 Oakdale Dr.; 14, 16, 18, 20, 24 Burton Ave.; 5700 Waycross St.; 5699 Western Blvd.",Raleigh,Wake,BRS-Property Management,7.38,10/20/2020 12:00:00 AM,-78.7279898885327,35.7852258817614,"https://www.google.com/maps/dir/?api=1&destination=35.78522588176138,-78.727989888532676&travelmode=driving",https://edocs.deq.nc.gov/WasteManagement/ElectronicFile.aspx?docid=1517426&dbid=0&repo=WasteManagement,2080675.3741698,740826.793144643
2788,2207818092,22078-18-092,Jimmy's Gulf Service Station,Recorded,94407cc6-3610-4290-b7d4-007f78a9f15a,12/31/2018 2:59:22 PM,kamarkey_ncdenr,4/8/2025 7:20:15 PM,jdpeacock_ncdenr,,Raleigh,Wake,Joshawa Billiot,2.49,10/20/2020 12:00:00 AM,-78.6767577717104,35.7900666864557,"https://www.google.com/maps/dir/?api=1&destination=35.790066686455688,-78.67675777171037&travelmode=driving",https://edocs.deq.nc.gov/WasteManagement/ElectronicFile.aspx?docid=1523822&dbid=0&repo=WasteManagement,2095864.34871306,742634.365973055
2789,2207918060,22079-18-060,Former Cottman Transmissions,Recorded,f90bd2ba-b910-45d9-bb49-76ae9a32255c,12/31/2018 3:21:56 PM,kamarkey_ncdenr,12/1/2025 9:46:03 PM,jdpeacock_ncdenr,"501, 601 Sugar Creek Road",Charlotte,Mecklenburg,Bill Schmithorst,4.77,10/14/2025 12:00:00 AM,-80.7909762506987,35.252676415057,"https://www.google.com/maps/dir/?api=1&destination=35.252676415057,-80.79097625069873&travelmode=driving",,1465352.53034289,551708.554255888
2790,2208018060,22080-18-060,Tyvola Road Former Landfill,Recorded,f1ff36d4-6bbd-4142-95f6-176102b8aa31,12/31/2018 4:02:08 PM,kamarkey_ncdenr,5/11/2026 9:26:46 PM,jdpeacock_ncdenr,409 Tyvola Rd,Charlotte,Mecklenburg,Joselyn Harriger,20.95,3/30/2021 12:00:00 AM,-80.8872402758724,35.1653450747391,"https://www.google.com/maps/dir/?api=1&destination=35.1653450747391,-80.887240275872358&travelmode=driving",https://edocs.deq.nc.gov/WasteManagement/ElectronicFile.aspx?docid=1626608&dbid=0&repo=WasteManagement,1436014.63363822,520462.988794401
2791,2208118011,22081-18-011,"PE Valve Manufacturing, Former",Recorded,c5a62be4-f2f2-49a0-84ce-4661433285c6,12/31/2018 4:10:09 PM,kamarkey_ncdenr,9/9/2024 8:05:14 PM,jdpeacock_ncdenr,1140 Sweeten Creek Road,Asheville,Buncombe,BRS-Property Management,1.63,5/5/2023 12:00:00 AM,-82.520986143637,35.543640871691,"https://www.google.com/maps/dir/?api=1&destination=35.543640871691,-82.52098614363703&travelmode=driving",,952822.793593392,671356.946192235
2792,2208218007,22082-18-007,Washington MGP Site,Recorded,27203768-4fd6-4368-b1ca-8b68325fd169,1/18/2019 6:37:08 PM,kamarkey_ncdenr,9/9/2024 8:05:14 PM,jdpeacock_ncdenr,211 N. Bridge St; 401 W. 3Rd St,Washington,Beaufort,BRS-Property Management,3.57,10/28/2021 12:00:00 AM,-77.0591078124638,35.5462451488738,"https://www.google.com/maps/dir/?api=1&destination=35.54624514887376,-77.05910781246385&travelmode=driving",https://edocs.deq.nc.gov/WasteManagement/ElectronicFile.aspx?docid=1626500&dbid=0&repo=WasteManagement,2577308.12565297,659375.64043048
2793,2208318001,22083-18-001,Texfi-Haw River II,Recorded,3641cddc-253a-4356-9b26-4384ed79705e,1/18/2019 6:40:59 PM,kamarkey_ncdenr,9/4/2025 8:11:06 PM,jdpeacock_ncdenr,"105, 205 Stone Street",Haw River,Alamance,Stephanie Graham,18.36,9/3/2025 12:00:00 AM,-79.3641282967334,36.0902565782632,"https://www.google.com/maps/dir/?api=1&destination=36.09025657826317,-79.36412829673338&travelmode=driving",,1892412.61257271,851949.10075523
2794,1804314027,18043-14-027,Moyock Muscle,Recorded,a1df1795-c52c-4602-a799-8d34764b9236,1/24/2019 3:50:21 PM,jdpeacock_ncdenr,12/2/2025 3:42:34 PM,jdpeacock_ncdenr,369 Caratoke Highway,Moyock,Currituck,BRS-Property Management,5.2,10/6/2016 12:00:00 AM,-76.1837477964619,36.5326608476414,"https://www.google.com/maps/dir/?api=1&destination=36.53266084764143,-76.18374779646186&travelmode=driving",https://edocs.deq.nc.gov/WasteManagement/edoc/663141/18043_Moyock Muscle_LURUModel_2016_12_20.docx?dbid=0&repo=WasteManagement,2827434.18445496,1024557.27128623
2795,2106117060,21061-17-060,Berryhill-Thrift Road,Recorded,dbcef5b5-7221-4673-ac09-2b120da72447,2/11/2019 6:59:40 PM,jdpeacock_ncdenr,11/3/2023 9:01:33 PM,jdpeacock_ncdenr,1225 Berryhill Road; 2317 Thrift Road,Charlotte,Mecklenburg,Bill Schmithorst,3.83,1/9/2019 12:00:00 AM,-80.8747764983133,35.2351109639648,"https://www.google.com/maps/dir/?api=1&destination=35.2351109639648,-80.87477649831325&travelmode=driving",https://edocs.deq.nc.gov/WasteManagement/edoc/1359928/21061_Berryhill-Thrift Roads_LURU Model.docx?dbid=0&repo=WasteManagement,1440218.37916772,545778.711456805
2796,2006516032,20065-16-032,University Ford,Recorded,9de13067-5239-48e5-8055-81b5240f7b8c,2/15/2019 8:17:31 PM,kamarkey_ncdenr,9/9/2024 8:05:14 PM,jdpeacock_ncdenr,600 Julian Carr St.; 601 Willard St.,Durham,Durham,BRS-Property Management,11.19,9/22/2020 4:00:00 AM,-78.9066452156352,35.9939739480804,"https://www.google.com/maps/dir/?api=1&destination=35.99397394808038,-78.906645215635166&travelmode=driving",https://edocs.deq.nc.gov/WasteManagement/ElectronicFile.aspx?docid=1521997&dbid=0&repo=WasteManagement,2027617.16466963,816715.120698392
2797,1601412063,16014-12-063,Parker Zenith,No Further Interest,d3e0406c-9db1-48e3-989f-f692dfa4bff0,3/4/2019 9:10:16 PM,jdpeacock_ncdenr,11/3/2023 9:01:34 PM,jdpeacock_ncdenr,160 Taylor Street,Aberdeen,Moore,Sam Watson,5.27,10/30/2015 12:00:00 AM,-79.4384114114951,35.1357452575118,"https://www.google.com/maps/dir/?api=1&destination=35.135745257511765,-79.4384114114951&travelmode=driving",,1868930.13361913,504618.656309888
2798,1102507084,11025-07-084,Ciba Specialty Chemicals Facility,No Further Interest,d0c1293b-52eb-43cf-9245-bdcfecaaf85d,3/4/2019 9:10:17 PM,jdpeacock_ncdenr,11/3/2023 9:01:34 PM,jdpeacock_ncdenr,2028 Kingsley Drive,Albemarle,Stanly,Sharon Eckard,0,8/31/2011 12:00:00 AM,-80.2209117387265,35.3505620094289,"https://www.google.com/maps/dir/?api=1&destination=35.35056200942891,-80.220911738726528&travelmode=driving",,1635957.67075922,584749.6043154
2799,1001706020,10017-06-020,Blevins Oil - Andrews,No Further Interest,7a18228b-0514-4a67-8da6-3e32fc0ad502,3/4/2019 9:10:17 PM,jdpeacock_ncdenr,3/7/2025 11:13:05 PM,jdpeacock_ncdenr,6 Teas St,Andrews,Cherokee,Tracy Wahl,,11/28/2007 12:00:00 AM,-83.8298618606801,35.1996846306642,"https://www.google.com/maps/dir/?api=1&destination=35.199684630664166,-83.82986186068008&travelmode=driving",,557726.756031141,562692.358075649
2800,901905011,09019-05-011,Asheville Industries,No Further Interest,38a75471-74b7-4593-a6fd-c382028bd817,3/4/2019 9:10:18 PM,jdpeacock_ncdenr,3/7/2025 11:13:05 PM,jdpeacock_ncdenr,20 Glenn Bridge St,Arden,Buncombe,Tracy Wahl,,2/2/2015 12:00:00 AM,-82.5191116743171,35.4653161581939,"https://www.google.com/maps/dir/?api=1&destination=35.4653161581939,-82.5191116743171&travelmode=driving",,952369.673108548,642847.631163731
2802,1100707011,11007-07-011,Day Warehouse,No Further Interest,75111f0a-74f3-4391-843f-b3c72fe3bed7,3/4/2019 9:10:18 PM,jdpeacock_ncdenr,3/7/2025 11:13:05 PM,jdpeacock_ncdenr,336 Old Lyman Street,Asheville,Buncombe,Tracy Wahl,,2/2/2015 12:00:00 AM,-82.5665078164096,35.5779438958619,"https://www.google.com/maps/dir/?api=1&destination=35.5779438958619,-82.5665078164096&travelmode=driving",,939738.427373722,684317.46751523
2803,1403910011,14039-10-011,WNC Stockyard,No Further Interest,d9769dd0-c1e1-47a9-bccd-d7c1f7f5dc54,3/4/2019 9:10:19 PM,jdpeacock_ncdenr,11/3/2023 9:01:35 PM,jdpeacock_ncdenr,157 - 165 Craven Street,Asheville,Buncombe,Tracy Wahl,6.5,6/25/2012 12:00:00 AM,-82.573458502145,35.5889244531172,"https://www.google.com/maps/dir/?api=1&destination=35.58892445311717,-82.573458502145&travelmode=driving",,937816.83443214,688385.807147563
2804,1301509011,13015-09-011,Broad Street Development,No Further Interest,5da5338c-39cc-4d01-8165-f888931c90d3,3/4/2019 9:10:19 PM,jdpeacock_ncdenr,11/3/2023 9:01:35 PM,jdpeacock_ncdenr,136 Merrimon Avenue,Asheville,Buncombe,Tracy Wahl,4.61,3/21/2012 12:00:00 AM,-82.5531725020092,35.6040034731722,"https://www.google.com/maps/dir/?api=1&destination=35.60400347317225,-82.553172502009218&travelmode=driving",,944040.517522797,693654.214261651
2851,2300319060,23003-19-060,Liberty Engine Parts,Recorded,8f40f212-a9e3-4e07-b580-ee63f0c02f3e,3/4/2019 9:13:01 PM,jdpeacock_ncdenr,9/9/2024 8:05:14 PM,jdpeacock_ncdenr,"1411, 1419 Ameron Drive",Charlotte,Mecklenburg,BRS-Property Management,2.17,6/11/2020 12:00:00 AM,-80.8139259464063,35.2662496214197,"https://www.google.com/maps/dir/?api=1&destination=35.26624962141973,-80.81392594640634&travelmode=driving",https://edocs.deq.nc.gov/WasteManagement/ElectronicFile.aspx?docid=1516880&dbid=0&repo=WasteManagement,1458592.52778681,556772.047409728
2878,1606012060,16060-12-060,Abernathy Lumber II,No Further Interest,a42eb2ae-992b-4abe-b74b-686625bcd9c9,3/4/2019 9:13:08 PM,jdpeacock_ncdenr,11/3/2023 9:01:36 PM,jdpeacock_ncdenr,308 E. Craighead Road,Charlotte,Mecklenburg,Carolyn Minnich,13.84,4/28/2014 12:00:00 AM,-80.7986353569534,35.2521753700801,"https://www.google.com/maps/dir/?api=1&destination=35.25217537008007,-80.79863535695341&travelmode=driving",,1463063.05395073,551567.56930165
2879,1701413060,17014-13-060,Zagora - New,No Further Interest,2f8283ef-c5ba-4687-a112-ae7777c9d8af,3/4/2019 9:13:08 PM,jdpeacock_ncdenr,11/3/2023 9:01:36 PM,jdpeacock_ncdenr,1327 S. Mint St; 309 Lincoln St,Charlotte,Mecklenburg,Geoffrey Little,1.41,10/28/2015 12:00:00 AM,-80.8567856185206,35.2200955370549,"https://www.google.com/maps/dir/?api=1&destination=35.2200955370549,-80.8567856185206&travelmode=driving",,1445487.3689578,540213.917140231
2880,804004060,08040-04-060,Freuhauf Trailer Corp.,No Further Interest,7414a161-61e0-4da6-9da1-1817a6dd8c34,3/4/2019 9:13:09 PM,jdpeacock_ncdenr,11/3/2023 9:01:36 PM,jdpeacock_ncdenr,310 Dalton Ave,"Charlotte
",Mecklenburg,Carolyn Minnich,0,9/14/2005 12:00:00 AM,-80.8309588429682,35.239574668609,"https://www.google.com/maps/dir/?api=1&destination=35.239574668609045,-80.83095884296817&travelmode=driving",,1453330.18758972,547158.779890895
2881,1804614060,18046-14-060,North College Apartments,No Further Interest,a81c7938-6cee-40c8-8b45-2bc241f478fb,3/4/2019 9:13:09 PM,jdpeacock_ncdenr,11/3/2023 9:01:37 PM,jdpeacock_ncdenr,300 & 314 North College Street,Charlotte,Mecklenburg,Joe Ghiold,0.93,10/9/2015 12:00:00 AM,-80.8395184235735,35.2279765854301,"https://www.google.com/maps/dir/?api=1&destination=35.2279765854301,-80.8395184235735&travelmode=driving",,1450696.62592772,542985.685218722
2882,1806314060,18063-14-060,Northend Square,No Further Interest,57344859-c842-4878-93bf-07a78cd6c6e9,3/4/2019 9:13:09 PM,jdpeacock_ncdenr,11/3/2023 9:01:37 PM,jdpeacock_ncdenr,813 Oaklawn Avenue,Charlotte,Mecklenburg,Jordan Thompson,7,10/27/2016 12:00:00 AM,-80.8365457020405,35.2454990790893,"https://www.google.com/maps/dir/?api=1&destination=35.24549907908932,-80.83654570204052&travelmode=driving",,1451702.19314231,549345.387722388
2883,1903015060,19030-15-060,Mount Hope Machinery,No Further Interest,4ed21534-31de-48dd-99c4-d069474c74a9,3/4/2019 9:13:09 PM,jdpeacock_ncdenr,11/3/2023 9:01:37 PM,jdpeacock_ncdenr,2000 Donald Ross Road,Charlotte,Mecklenburg,Carolyn Minnich,2.96,6/16/2015 12:00:00 AM,-80.8948054416446,35.2164485223823,"https://www.google.com/maps/dir/?api=1&destination=35.21644852238228,-80.8948054416446&travelmode=driving",,1434109.09971964,539101.398039818
2884,2001116060,20011-16-060,Central Avenue Apts II (RN),No Further Interest,f9885c5d-b0ed-4ea3-96dc-f908df13f81a,3/4/2019 9:13:10 PM,jdpeacock_ncdenr,9/9/2024 8:05:14 PM,jdpeacock_ncdenr,"1931,1933, 2007, 2013, 2027, 2009 Central Ave",Charlotte,Mecklenburg,BRS-Property Management,1.84,1/25/2017 12:00:00 AM,-80.8065178071528,35.2200237278034,"https://www.google.com/maps/dir/?api=1&destination=35.22002372780338,-80.80651780715277&travelmode=driving",,1460497.27299306,539910.796027318
2885,802904081,08029-04-081,Cliffside Mills Property,No Further Interest,421dd2e1-59e8-48f8-9e89-1cd8020b023b,3/4/2019 9:13:10 PM,jdpeacock_ncdenr,11/3/2023 9:01:38 PM,jdpeacock_ncdenr,Us Hwy 221A,Cliffside,Rutherford,Tracy Wahl,0,2/1/2012 12:00:00 AM,-81.77505428536,35.2498449072596,"https://www.google.com/maps/dir/?api=1&destination=35.249844907259615,-81.77505428536&travelmode=driving",,1171616.38422056,557434.317082554
2886,1502811082,15028-11-082,Interpane Glass,No Further Interest,54f7a46a-87bd-45f4-8160-2c7520bf841a,3/4/2019 9:13:10 PM,jdpeacock_ncdenr,11/3/2023 9:01:38 PM,jdpeacock_ncdenr,520 E. Railroad Street,Clinton,Sampson,Tony Duque,19,9/11/2014 12:00:00 AM,-78.3053572981204,34.994900177951,"https://www.google.com/maps/dir/?api=1&destination=34.994900177951017,-78.3053572981204&travelmode=driving",,2208033.91046272,453798.3445649
2887,1101407013,11014-07-013,Collins & Aikman,No Further Interest,bc660fdb-112a-4bc0-bf56-2e771b70baaa,3/4/2019 9:13:10 PM,jdpeacock_ncdenr,11/3/2023 9:01:39 PM,jdpeacock_ncdenr,661 Old Charlotte Road,Concord,Cabarrus,Sandra Moore,0,9/14/2007 12:00:00 AM,-80.5917485943121,35.3903888312955,"https://www.google.com/maps/dir/?api=1&destination=35.390388831295517,-80.59174859431212&travelmode=driving",,1525624.85139905,600809.329413727
2888,1701813030,17018-13-030,Cooleemee Cotton Mill,No Further Interest,869731ef-3284-4aee-aa3e-9d5884f32e21,3/4/2019 9:13:11 PM,jdpeacock_ncdenr,11/3/2023 9:01:39 PM,jdpeacock_ncdenr,314 Main Street,Cooleemee,Davie,Geoffrey Little,17.9,5/13/2015 12:00:00 AM,-80.556959770082,35.8073280575991,"https://www.google.com/maps/dir/?api=1&destination=35.80732805759913,-80.556959770082&travelmode=driving",,1538371.86855589,752381.550874978
2889,1805414036,18054-14-036,Webb Metals,No Further Interest,9df68c65-96a5-4ea6-8292-198d087736e3,3/4/2019 9:13:11 PM,jdpeacock_ncdenr,11/3/2023 9:01:39 PM,jdpeacock_ncdenr,1305 Philadelphia Church Rd & Cloninger Rd,Dallas,Gaston,Tony Duque,4.37,1/20/2015 12:00:00 AM,-81.1739908984615,35.3355736180723,"https://www.google.com/maps/dir/?api=1&destination=35.335573618072338,-81.17399089846148&travelmode=driving",,1351691.04408364,584155.052682981
2891,1201708032,12017-08-032,Wrenn Field,No Further Interest,e2eb2ad2-72ff-4472-91fa-2a05fcfdcce0,3/4/2019 9:13:11 PM,jdpeacock_ncdenr,11/3/2023 9:01:40 PM,jdpeacock_ncdenr,1213 Wrenn Road,Durham,Durham,Will Service,16.63,12/11/2009 12:00:00 AM,-78.8504896682035,35.946280788729,"https://www.google.com/maps/dir/?api=1&destination=35.94628078872904,-78.850489668203465&travelmode=driving",,2044255.32135388,799374.278411642
2892,500201032,05002-01-032,Chapel Hill Road Site,No Further Interest,7e92db9f-98ef-41da-abc8-675bbc906f64,3/4/2019 9:13:11 PM,jdpeacock_ncdenr,11/3/2023 9:01:40 PM,jdpeacock_ncdenr,1904 Chapel Hill Rd,Durham,Durham,Tony Duque,0,3/19/2001 12:00:00 AM,-78.9252332738859,35.988645168154,"https://www.google.com/maps/dir/?api=1&destination=35.988645168154015,-78.925233273885937&travelmode=driving",,2022119.8790763,814770.67576839
2893,1102307032,11023-07-032,North Mangum Street Properties,No Further Interest,160077bf-3c29-453d-96a1-236d57b49f0d,3/4/2019 9:13:12 PM,jdpeacock_ncdenr,11/3/2023 9:01:40 PM,jdpeacock_ncdenr,"601, 603, 605, 607 N. Mangum ; 103, 107,109 Broadw",Durham,Durham,Sharon Eckard,0,9/30/2011 12:00:00 AM,-78.8963849070945,36.0001195921372,"https://www.google.com/maps/dir/?api=1&destination=36.000119592137175,-78.896384907094458&travelmode=driving",,2030650.04869571,818955.280916229
2894,1603012032,16030-12-032,Counter Culture Coffee Facility,No Further Interest,58606918-1357-4b0c-a5b8-181815f218fe,3/4/2019 9:13:12 PM,jdpeacock_ncdenr,11/3/2023 9:01:40 PM,jdpeacock_ncdenr,812 Mallard Avenue,Durham,Durham,Lisa Taber,2.42,5/14/2015 12:00:00 AM,-78.8882496811877,35.9972957547017,"https://www.google.com/maps/dir/?api=1&destination=35.99729575470174,-78.88824968118767&travelmode=driving",,2033057.59637405,817929.95193015
2895,801904032,08019-04-032,West Village Expansion,No Further Interest,21841319-729e-49ee-9bb1-bca9bdbf47c2,3/4/2019 9:13:12 PM,jdpeacock_ncdenr,11/3/2023 9:01:41 PM,jdpeacock_ncdenr,601 W. Main St.,Durham,Durham,Daphne Olszewski,0,3/2/2006 12:00:00 AM,-78.9072795826114,35.9988085300743,"https://www.google.com/maps/dir/?api=1&destination=35.998808530074328,-78.9072795826114&travelmode=driving",,2027427.86157055,818474.838307559
2896,1100307032,11003-07-032,Wrights Executive Sales,No Further Interest,8f311697-b248-478a-8050-6402b7fb5045,3/4/2019 9:13:12 PM,jdpeacock_ncdenr,11/3/2023 9:01:41 PM,jdpeacock_ncdenr,403 West Geer Street & 721 Rigsbee Ave,Durham,Durham,Will Service,0,8/31/2011 12:00:00 AM,-78.9000671693543,36.0035327092331,"https://www.google.com/maps/dir/?api=1&destination=36.0035327092331,-78.90006716935426&travelmode=driving",,2029559.58893439,820196.616031975
2897,1003206032,10032-06-032,Ellis Road Property,No Further Interest,bfdc4c87-cbff-4f8f-809f-ee731db60ed4,3/4/2019 9:13:13 PM,jdpeacock_ncdenr,11/3/2023 9:01:41 PM,jdpeacock_ncdenr,603 Ellis Rd,Durham,Durham,Lisa Taber,0,3/3/2007 12:00:00 AM,-78.8683797179857,35.9698425550845,"https://www.google.com/maps/dir/?api=1&destination=35.969842555084547,-78.8683797179857&travelmode=driving",,2038948.56359471,807943.646771565
2898,1702813032,17028-13-032,United Methodist Retirement,No Further Interest,e14e1e41-cd58-4b20-a9d5-747310807e09,3/4/2019 9:13:13 PM,jdpeacock_ncdenr,11/3/2023 9:01:41 PM,jdpeacock_ncdenr,2610 Erwin Road,Durham,Durham,Joe Ghiold,0.86,3/13/2015 12:00:00 AM,-78.9444361110865,36.0087022014305,"https://www.google.com/maps/dir/?api=1&destination=36.00870220143046,-78.94443611108649&travelmode=driving",,2016434.80514464,822068.15362747
2899,1100107032,11001-07-032,Coffin Shop,No Further Interest,4714ed84-1f40-4f71-8b24-f2bd521e3f0e,3/4/2019 9:13:13 PM,jdpeacock_ncdenr,11/3/2023 9:01:42 PM,jdpeacock_ncdenr,715 Washington Street,Durham,Durham,Sharon Eckard,0,9/30/2011 12:00:00 AM,-78.9027591254548,36.0043365720349,"https://www.google.com/maps/dir/?api=1&destination=36.00433657203492,-78.90275912545482&travelmode=driving",,2028763.05837522,820488.449765891
2900,1101207032,11012-07-032,Elkins Chrysler Mitsubishi,No Further Interest,b33e389c-e2fd-4222-93da-96c92358d43a,3/4/2019 9:13:13 PM,jdpeacock_ncdenr,11/3/2023 9:01:42 PM,jdpeacock_ncdenr,905 East Jackie Robinson Drive,Durham,Durham,Lisa Taber,6.21,5/27/2015 12:00:00 AM,-78.9027447918449,35.9904464961068,"https://www.google.com/maps/dir/?api=1&destination=35.990446496106848,-78.90274479184492&travelmode=driving",,2028772.2515983,815432.160993978
2901,904705032,09047-05-032,American Tobacco Historic District Phase II,No Further Interest,41fb14bf-80d3-49fb-aa05-21d05a71e348,3/4/2019 9:13:13 PM,jdpeacock_ncdenr,11/3/2023 9:01:42 PM,jdpeacock_ncdenr,300 Blackwell St,Durham,Durham,Sharon Eckard,0,10/13/2014 12:00:00 AM,-78.9033254964316,35.9941797433982,"https://www.google.com/maps/dir/?api=1&destination=35.9941797433982,-78.90332549643156&travelmode=driving",,2028599.13580281,816790.974549309
2902,1101307032,11013-07-032,Heritage Square,No Further Interest,7970b3c6-5934-4b20-9d35-4a457d5dc2ea,3/4/2019 9:13:14 PM,jdpeacock_ncdenr,11/3/2023 9:01:42 PM,jdpeacock_ncdenr,401 E. Lakewood Ave & 606 Fayetteville St,Durham,Durham,Lisa Taber,6.33,5/14/2015 12:00:00 AM,-78.8967595812459,35.98815145182,"https://www.google.com/maps/dir/?api=1&destination=35.98815145182,-78.8967595812459&travelmode=driving",,2030543.75133614,814598.505180985
2903,1100807032,11008-07-032,Unity Oil Company,No Further Interest,2e078e81-cbce-4552-b95d-ea77ce6f2941,3/4/2019 9:13:14 PM,jdpeacock_ncdenr,11/3/2023 9:01:43 PM,jdpeacock_ncdenr,1404 Angier Avenue,Durham,Durham,Lisa Taber,0,10/8/2007 12:00:00 AM,-78.8861032614054,35.9851988806295,"https://www.google.com/maps/dir/?api=1&destination=35.9851988806295,-78.88610326140535&travelmode=driving",,2033697.57934606,813527.156929985
2904,906105032,09061-05-032,Solectron,No Further Interest,318a79c2-9b74-4d09-aae2-afdd5870c3fd,3/4/2019 9:13:14 PM,jdpeacock_ncdenr,11/3/2023 9:01:43 PM,jdpeacock_ncdenr,4102 S Miami Blvd,Durham,Durham,Sandra Moore,0,2/14/2007 12:00:00 AM,-78.8517845600731,35.9056171722091,"https://www.google.com/maps/dir/?api=1&destination=35.90561717220908,-78.851784560073057&travelmode=driving",,2043894.13834922,784571.66792506
2906,801004045,08010-04-045,Old WNC Fairgrounds,No Further Interest,8d4a105f-8977-4054-84b3-99c0e13f307f,3/4/2019 9:13:14 PM,jdpeacock_ncdenr,3/7/2025 11:13:05 PM,jdpeacock_ncdenr,James St,East Flat Rock,Henderson,Tracy Wahl,,1/3/2012 12:00:00 AM,-82.4308369160594,35.2887966469899,"https://www.google.com/maps/dir/?api=1&destination=35.2887966469899,-82.430836916059377&travelmode=driving",,976418.35007672,577720.958595812
2907,600202021,06002-02-021,Leary Brothers Storage,No Further Interest,20e9debc-86b1-428f-9696-5352a3fd4b94,3/4/2019 9:13:15 PM,jdpeacock_ncdenr,11/3/2023 9:01:44 PM,jdpeacock_ncdenr,Virginia Rd,Edenton,Chowan,Tony Duque,0,7/16/2004 12:00:00 AM,-76.6062704770546,36.0700211201435,"https://www.google.com/maps/dir/?api=1&destination=36.07002112014347,-76.60627047705462&travelmode=driving",,2707381.53873397,852914.412472889
2909,1804914031,18049-14-031,GP Bowdens Sawmill,No Further Interest,e65683a6-b3e3-40c0-94dc-18df34122014,3/4/2019 9:13:15 PM,jdpeacock_ncdenr,11/3/2023 9:01:44 PM,jdpeacock_ncdenr,120 Warren Road,Faison,Duplin,James Rudder,70.86,9/28/2015 12:00:00 AM,-78.1159615667316,35.0570987562943,"https://www.google.com/maps/dir/?api=1&destination=35.05709875629434,-78.11596156673164&travelmode=driving",,2264551.63535355,476884.72457315
2910,401600026,04016-00-026,Texfi Industries,No Further Interest,602ec7b9-81f2-42cb-aa58-90b308eb8477,3/4/2019 9:13:15 PM,jdpeacock_ncdenr,11/3/2023 9:01:44 PM,jdpeacock_ncdenr,601 Hoffer Dr,Fayetteville,Cumberland,Tony Duque,0,12/31/2000 12:00:00 AM,-78.8685866589181,35.0823610645591,"https://www.google.com/maps/dir/?api=1&destination=35.0823610645591,-78.86858665891812&travelmode=driving",,2039314.93097222,484926.670759559
2912,904505026,09045-05-026,Burlington Textile Manufacturing,No Further Interest,b393aab6-7186-499f-878c-ae5b029df50b,3/4/2019 9:13:16 PM,jdpeacock_ncdenr,11/3/2023 9:01:44 PM,jdpeacock_ncdenr,700 Quality Rd,Fayetteville,Cumberland,Tony Duque,0,8/11/2011 12:00:00 AM,-78.9044601645059,35.0266542671357,"https://www.google.com/maps/dir/?api=1&destination=35.026654267135655,-78.9044601645059&travelmode=driving",,2028602.38907714,464640.674586222
2913,702103026,07021-03-026,Wellman Site,No Further Interest,b41550d7-7ee0-403a-a794-7254df1e235b,3/4/2019 9:13:16 PM,jdpeacock_ncdenr,11/3/2023 9:01:45 PM,jdpeacock_ncdenr,3224 Cedar Creek Rd,Fayetteville,Cumberland,Lisa Taber,0,4/16/2004 12:00:00 AM,-78.7878218344165,34.9881839459261,"https://www.google.com/maps/dir/?api=1&destination=34.98818394592609,-78.787821834416476&travelmode=driving",,2063550.07705563,450694.135550231
2914,905705036,09057-05-036,Norcap Plant,No Further Interest,c235ae61-d21e-434c-ae40-12d9b6b06ef9,3/4/2019 9:13:16 PM,jdpeacock_ncdenr,11/3/2023 9:01:45 PM,jdpeacock_ncdenr,2633 Plastics Dr,Gastonia,Gaston,Carolyn Minnich,0,3/13/2006 12:00:00 AM,-81.1411452790614,35.2784984181141,"https://www.google.com/maps/dir/?api=1&destination=35.27849841811408,-81.141145279061377&travelmode=driving",,1361036.46010405,563174.492938146
2915,1000606041,10006-06-041,Talley Laundry Machine Company,No Further Interest,b0fda4c9-00a1-43a5-8556-63d754512423,3/4/2019 9:13:16 PM,jdpeacock_ncdenr,11/3/2023 9:01:45 PM,jdpeacock_ncdenr,1708 Fairfax Rd,Greensboro,Guilford,Sharon Eckard,0,9/30/2009 12:00:00 AM,-79.8734958406686,36.0457182147739,"https://www.google.com/maps/dir/?api=1&destination=36.045718214774,-79.8734958406686&travelmode=driving",,1741770.97750489,836674.480713978
2916,1001306041,10013-06-041,Cone Mills Plant,No Further Interest,e5d3eb59-d45a-4232-9daa-1b8b4454e559,3/4/2019 9:13:17 PM,jdpeacock_ncdenr,11/3/2023 9:01:46 PM,jdpeacock_ncdenr,1800 Fairview St,Greensboro,Guilford,Michael Bowers,0,6/20/2012 12:00:00 AM,-79.7729734291599,36.1004364570549,"https://www.google.com/maps/dir/?api=1&destination=36.100436457054855,-79.772973429159947&travelmode=driving",,1771642.67924431,856346.699899644
2917,1102107041,11021-07-041,"Color Works, Inc.",No Further Interest,d46fc1f1-b5a4-4f69-9d78-0369c76bf172,3/4/2019 9:13:17 PM,jdpeacock_ncdenr,11/3/2023 9:01:46 PM,jdpeacock_ncdenr,3008 & 3010 Executive Drive,Greensboro,Guilford,Tony Duque,0,7/2/2008 12:00:00 AM,-79.7841620606858,36.0287127094244,"https://www.google.com/maps/dir/?api=1&destination=36.0287127094244,-79.7841620606858&travelmode=driving",,1768131.06422031,830263.694322973
2918,904305041,09043-05-041,LaRoche Site,No Further Interest,732e0d54-e785-40f9-8a7a-0b7cf7df7747,3/4/2019 9:13:17 PM,jdpeacock_ncdenr,11/3/2023 9:01:46 PM,jdpeacock_ncdenr,500 Broome Rd,Greensboro,Guilford,Lisa Taber,0,10/1/2007 12:00:00 AM,-79.7814863433238,36.0384776118329,"https://www.google.com/maps/dir/?api=1&destination=36.038477611832867,-79.7814863433238&travelmode=driving",,1768950.21710956,833812.037291899
2919,1202808041,12028-08-041,Guilford Orthopaedic Property,No Further Interest,7029e8f5-160e-4756-9905-cb86d45d5a2e,3/4/2019 9:13:17 PM,jdpeacock_ncdenr,11/3/2023 9:01:46 PM,jdpeacock_ncdenr,809 Green Valley Road,Greensboro,Guilford,Sharon Eckard,0.83,9/17/2015 12:00:00 AM,-79.8222453958968,36.0904955797803,"https://www.google.com/maps/dir/?api=1&destination=36.09049557978026,-79.82224539589677&travelmode=driving",,1757056.7005423,852844.93557772
2920,1005506041,10055-06-041,Traders Chevrolet,No Further Interest,aa9d1a88-b42b-4312-a12c-fe4c506d27da,3/4/2019 9:13:18 PM,jdpeacock_ncdenr,11/3/2023 9:01:46 PM,jdpeacock_ncdenr,707 E Bessemer Ave,Greensboro,Guilford,Sharon Eckard,0,8/15/2011 12:00:00 AM,-79.7806886292059,36.0856700048473,"https://www.google.com/maps/dir/?api=1&destination=36.085670004847337,-79.780688629205855&travelmode=driving",,1769321.1642023,850989.176493972
2921,701203041,07012-03-041,Tar Heel Lift,No Further Interest,fbb1d5b7-c9d4-4820-9273-485ebdaa6372,3/4/2019 9:13:18 PM,jdpeacock_ncdenr,11/3/2023 9:01:47 PM,jdpeacock_ncdenr,7055 Albert Pick Rd,Greensboro,Guilford,Tony Duque,0,6/16/2015 12:00:00 AM,-79.9460786151684,36.0753705871771,"https://www.google.com/maps/dir/?api=1&destination=36.07537058717706,-79.946078615168375&travelmode=driving",,1720416.97428122,847665.039441481
2923,1500211041,15002-11-041,United Metal,No Further Interest,a3fb89d7-84c1-478f-b6f9-274a0a804097,3/4/2019 9:13:18 PM,jdpeacock_ncdenr,11/3/2023 9:01:47 PM,jdpeacock_ncdenr,133 Blue Bell Road,Greensboro,Guilford,Sharon Eckard,1.59,11/17/2014 12:00:00 AM,-79.7899458926023,36.02759740291,"https://www.google.com/maps/dir/?api=1&destination=36.027597402910047,-79.7899458926023&travelmode=driving",,1766417.64179413,829871.265317812
2924,700103041,07001-03-041,AMP - N. Church St.,No Further Interest,5111367b-1068-4def-905a-8221126e82da,3/4/2019 9:13:18 PM,jdpeacock_ncdenr,11/3/2023 9:01:47 PM,jdpeacock_ncdenr,1126 N Church St,Greensboro,Guilford,Tony Duque,0,6/4/2015 12:00:00 AM,-79.784064523105,36.089930992253,"https://www.google.com/maps/dir/?api=1&destination=36.089930992253,-79.784064523105&travelmode=driving",,1768335.91945364,852548.140895724
2925,1902015041,19020-15-041,United Metal II,No Further Interest,e2fd794c-43c0-4cd0-b6a7-6a48b1b77e56,3/4/2019 9:13:19 PM,jdpeacock_ncdenr,11/3/2023 9:01:48 PM,jdpeacock_ncdenr,133 Blue Bell Road,Greensboro,Guilford,Joe Ghiold,1.59,9/28/2015 12:00:00 AM,-79.7899458926023,36.02759740291,"https://www.google.com/maps/dir/?api=1&destination=36.027597402910047,-79.7899458926023&travelmode=driving",,1766417.64179413,829871.265317812
2926,1402710018,14027-10-018,"S & W Chemicals, Inc. Facility",No Further Interest,94e5b7a6-db04-4fda-aac1-a537019564b1,3/4/2019 9:13:19 PM,jdpeacock_ncdenr,11/3/2023 9:01:48 PM,jdpeacock_ncdenr,"1530 1St Avenue, Sw",Hickory,Catawba,Tracy Wahl,6.65,8/8/2014 12:00:00 AM,-81.3660813596203,35.7296382776026,"https://www.google.com/maps/dir/?api=1&destination=35.729638277602625,-81.366081359620267&travelmode=driving",,1297836.03565213,728851.255415976
2928,1103507013,11035-07-013,Pillowtex Plant 4 and Substation,No Further Interest,90f13fb2-7998-49eb-9362-c4aed2d89fb9,3/4/2019 9:13:19 PM,jdpeacock_ncdenr,11/3/2023 9:01:48 PM,jdpeacock_ncdenr,211 West F Street And 210 West D Street,Kannapolis,Cabarrus,Sharon Eckard,0,9/17/2015 12:00:00 AM,-80.6289603918653,35.4923215785836,"https://www.google.com/maps/dir/?api=1&destination=35.49232157858362,-80.62896039186533&travelmode=driving",,1515144.65549597,638083.647253394
2929,1603812023,16038-12-023,Anvil Knitwear,No Further Interest,39c47cac-bad6-4b5f-9c64-d929d01cec6c,3/4/2019 9:13:20 PM,jdpeacock_ncdenr,11/3/2023 9:01:49 PM,jdpeacock_ncdenr,304 Linwood Road,Kings Mountain,Cleveland,Tony Duque,14.9,11/26/2012 12:00:00 AM,-81.3336745544915,35.2518994066191,"https://www.google.com/maps/dir/?api=1&destination=35.2518994066191,-81.3336745544915&travelmode=driving",,1303364.1276143,554791.480504721
2930,300699023,03006-99-023,Glen Raven Mills,No Further Interest,f5e919e4-8a2d-471e-8f16-83f161250641,3/4/2019 9:13:20 PM,jdpeacock_ncdenr,11/3/2023 9:01:49 PM,jdpeacock_ncdenr,114 Raven Dr,Kings Mountain,Cleveland,Tony Duque,0,10/11/2013 12:00:00 AM,-81.3477049241976,35.2738953129004,"https://www.google.com/maps/dir/?api=1&destination=35.273895312900365,-81.347704924197558&travelmode=driving",,1299365.93744797,562893.339300975
2931,1003506029,10035-06-029,Lexington Furniture  - 1,No Further Interest,f8841341-a4b2-4a19-8e8a-4d44f34da22e,3/4/2019 9:13:20 PM,jdpeacock_ncdenr,11/3/2023 9:01:49 PM,jdpeacock_ncdenr,3979 Old Linwood Rd,Lexington,Davidson,Sharon Eckard,0,8/5/2011 12:00:00 AM,-80.3115283482856,35.7648457877214,"https://www.google.com/maps/dir/?api=1&destination=35.764845787721448,-80.311528348285648&travelmode=driving",,1610931.84581096,735868.230555221
2932,1401310055,14013-10-055,Ingles Grocery & Gas,No Further Interest,6a7f7870-6f34-428a-b9fe-7f03eb5c5503,3/4/2019 9:13:20 PM,jdpeacock_ncdenr,11/3/2023 9:01:49 PM,jdpeacock_ncdenr,2130 E. Main Street,Lincolnton,Lincoln,Tracy Wahl,16.81,1/23/2014 12:00:00 AM,-81.2214896342788,35.4788116569757,"https://www.google.com/maps/dir/?api=1&destination=35.4788116569757,-81.22148963427875&travelmode=driving",,1338695.23510155,636588.082987309
2933,1102807055,11028-07-055,Cochrane Furniture,No Further Interest,69d8ff23-7f30-43bc-a316-8aa85443e757,3/4/2019 9:13:20 PM,jdpeacock_ncdenr,11/3/2023 9:01:49 PM,jdpeacock_ncdenr,402 Edwards Street,Lincolnton,Lincoln,Sharon Eckard,0,8/31/2011 12:00:00 AM,-81.2447548059843,35.4723540168192,"https://www.google.com/maps/dir/?api=1&destination=35.472354016819217,-81.244754805984257&travelmode=driving",,1331717.55909631,634394.141509056
2934,905005079,09050-05-079,Liberty Embroidery Facility,No Further Interest,ff713715-7603-49df-a12b-88ddddb15150,3/4/2019 9:13:21 PM,jdpeacock_ncdenr,11/3/2023 9:01:50 PM,jdpeacock_ncdenr,301 Highway St,Madison,Rockingham,Daphne Olszewski,0,1/3/2006 12:00:00 AM,-79.9674118016387,36.3886754437576,"https://www.google.com/maps/dir/?api=1&destination=36.388675443757577,-79.96741180163866&travelmode=driving",,1715224.35999456,961781.955236062
2935,2300119060,23001-19-060,ESTUL Tools & Manufacturing Company,Recorded,601a0c66-27e6-4bcd-8c58-309c9dd7a7a1,3/4/2019 9:13:21 PM,jdpeacock_ncdenr,4/9/2026 4:08:37 PM,jdpeacock_ncdenr,215 North Ames Street,Matthews,Mecklenburg,Joshawa Billiot,2.08,1/7/2020 12:00:00 AM,-80.7235397510534,35.1196928303604,"https://www.google.com/maps/dir/?api=1&destination=35.119692830360435,-80.7235397510534&travelmode=driving",https://edocs.deq.nc.gov/WasteManagement/ElectronicFile.aspx?docid=1516616&dbid=0&repo=WasteManagement,1484641.58264397,502961.095320568
2936,902205060,09022-05-060,Rexam Facility,No Further Interest,57508537-28c4-4903-8eea-89d67af3ed1a,3/4/2019 9:13:21 PM,jdpeacock_ncdenr,11/3/2023 9:01:50 PM,jdpeacock_ncdenr,700 Crestdale Rd,Matthews,Mecklenburg,Tony Duque,0,5/11/2006 12:00:00 AM,-80.7094229870712,35.1163054512656,"https://www.google.com/maps/dir/?api=1&destination=35.116305451265646,-80.70942298707118&travelmode=driving",,1488841.01912697,501655.491304472
2937,401500079,04015-00-079,Tultex - Mayodan,No Further Interest,cde86733-decc-4731-8a45-4d9b87460e57,3/4/2019 9:13:21 PM,jdpeacock_ncdenr,11/3/2023 9:01:50 PM,jdpeacock_ncdenr,104 E Roosevelt St,Mayodan,Rockingham,Tony Duque,0,7/26/2002 12:00:00 AM,-79.96831611467,36.4076882734028,"https://www.google.com/maps/dir/?api=1&destination=36.407688273402826,-79.968316114670046&travelmode=driving",,1715025.68847589,968706.577869728
2938,1202908001,12029-08-001,A. O. Smith Facility,No Further Interest,d795a46c-0295-4fb4-8a01-b5228e274ab5,3/4/2019 9:13:22 PM,jdpeacock_ncdenr,11/3/2023 9:01:51 PM,jdpeacock_ncdenr,709 A. O. Smith Road,Mebane,Alamance,Sharon Eckard,42.02,9/2/2009 12:00:00 AM,-79.2628745263454,36.0848482342715,"https://www.google.com/maps/dir/?api=1&destination=36.0848482342715,-79.26287452634544&travelmode=driving",,1922324.54749939,849885.797139063
2939,1200108001,12001-08-001,Webster Property,No Further Interest,b6477505-1b3e-4d63-b126-5daf2dbb8d2f,3/4/2019 9:13:22 PM,jdpeacock_ncdenr,11/3/2023 9:01:51 PM,jdpeacock_ncdenr,420 West Holt Street,Mebane,Alamance,Lisa Taber,0,12/15/2011 12:00:00 AM,-79.2737121151972,36.0960850947712,"https://www.google.com/maps/dir/?api=1&destination=36.0960850947712,-79.273712115197156&travelmode=driving",,1919133.4570968,853985.05829747
2940,700603090,07006-03-090,Sutton Park Shopping Center,No Further Interest,b0cbeb9f-b48f-4e71-a820-ca4315c290db,3/4/2019 9:13:22 PM,jdpeacock_ncdenr,11/3/2023 9:01:51 PM,jdpeacock_ncdenr,1625 Walkup Ave,Monroe,Union,Carolyn Minnich,0,11/3/2004 12:00:00 AM,-80.5263055161799,34.9860627602529,"https://www.google.com/maps/dir/?api=1&destination=34.9860627602529,-80.526305516179875&travelmode=driving",,1542864.34119822,453368.623967647
2941,1702313049,17023-13-049,North Main Tex,No Further Interest,c5bae919-fcea-4547-8942-a0c6c06dfa6f,3/4/2019 9:13:22 PM,jdpeacock_ncdenr,11/3/2023 9:01:51 PM,jdpeacock_ncdenr,1041 N. Main Street,Mooresville,Iredell,Sharon Eckard,0.49,8/28/2013 12:00:00 AM,-80.7931061467154,35.5902030001134,"https://www.google.com/maps/dir/?api=1&destination=35.5902030001134,-80.79310614671537&travelmode=driving",,1466935.60526071,674545.690798983
2942,802104016,08021-04-016,Morehead Machine Shop,No Further Interest,e5266e0d-fe3e-41af-b56d-20eab52950e7,3/4/2019 9:13:22 PM,jdpeacock_ncdenr,11/3/2023 9:01:52 PM,jdpeacock_ncdenr,206 North 4Th St.,Morehead City,Carteret,Lisa Taber,0,7/15/2006 12:00:00 AM,-76.7066909154018,34.7222972541496,"https://www.google.com/maps/dir/?api=1&destination=34.722297254149616,-76.706690915401836&travelmode=driving",,2689042.19417913,361821.066249475
2943,201198004,02011-98-004,Home Innovations,No Further Interest,45fad3e7-e808-48a4-9364-0372329c010e,3/4/2019 9:13:23 PM,jdpeacock_ncdenr,11/3/2023 9:01:52 PM,jdpeacock_ncdenr,44 Ratliff Gin Rd,Morven,Anson,Tony Duque,0,9/21/2015 12:00:00 AM,-79.993856563756,34.8527577750738,"https://www.google.com/maps/dir/?api=1&destination=34.85275777507382,-79.993856563755955&travelmode=driving",,1701843.12724264,402832.784750804
2944,1002006020,10020-06-020,Kilgore Oil,No Further Interest,94a28c02-dc84-4264-bea2-2e513f37f113,3/4/2019 9:13:23 PM,jdpeacock_ncdenr,3/7/2025 11:13:05 PM,jdpeacock_ncdenr,212 Regal St,Murphy,Cherokee,Tracy Wahl,,11/28/2007 12:00:00 AM,-84.0320240828414,35.0968095182247,"https://www.google.com/maps/dir/?api=1&destination=35.096809518224667,-84.03202408284136&travelmode=driving",,495511.504805714,528298.605340973
2945,800404084,08004-04-084,Yadkin Brick Yard,No Further Interest,c6c29684-e8f6-406b-a73d-f7051923bb2a,3/4/2019 9:13:23 PM,jdpeacock_ncdenr,11/3/2023 9:01:52 PM,jdpeacock_ncdenr,44052 Yadkin Brick Rd,New London,Stanly,Lisa Taber,0,2/24/2005 12:00:00 AM,-80.1634844780108,35.4547983420811,"https://www.google.com/maps/dir/?api=1&destination=35.45479834208111,-80.163484478010787&travelmode=driving",,1653524.76882705,622478.859565392
2946,804304092,08043-04-092,C.C. Mangum Property,No Further Interest,db41d227-5393-4ad1-a247-35b56f7a1ef8,3/4/2019 9:13:23 PM,jdpeacock_ncdenr,11/3/2023 9:01:53 PM,jdpeacock_ncdenr,6105 Chapel Hill Rd,Raleigh,Wake,Tony Duque,0,6/4/2015 12:00:00 AM,-78.7279250469839,35.7893750476079,"https://www.google.com/maps/dir/?api=1&destination=35.789375047607948,-78.72792504698391&travelmode=driving",,2080690.46600313,742337.113614812
2947,701303092,07013-03-092,North Hills Mall,No Further Interest,4c18238b-7cfb-4468-a0ad-b37bf9f33a94,3/4/2019 9:13:24 PM,jdpeacock_ncdenr,11/3/2023 9:01:53 PM,jdpeacock_ncdenr,4217 Six Forks Rd,Raleigh,Wake,Lisa Taber,0,3/6/2008 12:00:00 AM,-78.640486770246,35.8365996495512,"https://www.google.com/maps/dir/?api=1&destination=35.8365996495512,-78.640486770246028&travelmode=driving",,2106559.80796513,759609.135173068
2948,1802214092,18022-14-092,Gresham Lake Lane,No Further Interest,c9b827dc-3b80-4bdf-a4c6-b1e0ab70a0d5,3/4/2019 9:13:24 PM,jdpeacock_ncdenr,11/3/2023 9:01:53 PM,jdpeacock_ncdenr,3110 Gresham Lake Lane,Raleigh,Wake,Joe Ghiold,27.19,3/13/2015 12:00:00 AM,-78.584219486555,35.8846183545311,"https://www.google.com/maps/dir/?api=1&destination=35.8846183545311,-78.58421948655504&travelmode=driving",,2123164.01885113,777153.08728981
2950,1905515092,19055-15-092,AVX-Raleigh,No Further Interest,4225916f-9d1a-4aeb-b985-68dc81a57ea1,3/4/2019 9:13:24 PM,jdpeacock_ncdenr,11/3/2023 9:01:53 PM,jdpeacock_ncdenr,3900 Electronics Drive,Raleigh,Wake,Tony Duque,32.55,9/23/2015 12:00:00 AM,-78.6031397288356,35.8304896004902,"https://www.google.com/maps/dir/?api=1&destination=35.83048960049019,-78.6031397288356&travelmode=driving",,2117638.23101822,757427.265521064
2951,1905815092,19058-15-092,Harrington Street,No Further Interest,cc7f31f3-4d54-4e81-a9b6-55c9bac1e58c,3/4/2019 9:13:25 PM,jdpeacock_ncdenr,11/3/2023 9:01:54 PM,jdpeacock_ncdenr,413 & 437 N. Harrington Street,Raleigh,Wake,Tony Duque,1.43,4/25/2016 12:00:00 AM,-78.6446338998378,35.7856165909223,"https://www.google.com/maps/dir/?api=1&destination=35.78561659092228,-78.644633899837757&travelmode=driving",,2105397.04454264,741047.128661975
2952,2102617092,21026-17-092,South Blount Street NFI,No Further Interest,b04bf2c0-3647-4ec8-a907-53bda715bbfc,3/4/2019 9:13:25 PM,jdpeacock_ncdenr,11/3/2023 9:01:54 PM,jdpeacock_ncdenr,422 S. Person St & 415 S. Blount St,Raleigh,Wake,James Rudder,1.33,6/12/2017 12:00:00 AM,-78.6367321869723,35.7748282333644,"https://www.google.com/maps/dir/?api=1&destination=35.77482823336437,-78.636732186972267&travelmode=driving",,2107754.93319955,737128.744110316
2953,1002406092,10024-06-092,Garner Rd Industrial Park,No Further Interest,351968d9-2da7-43d2-a7ac-d1e2a8444d0c,3/4/2019 9:13:25 PM,jdpeacock_ncdenr,11/3/2023 9:01:54 PM,jdpeacock_ncdenr,1420 Garner Rd,Raleigh,Wake,Tony Duque,0,8/7/2006 12:00:00 AM,-78.6315167190429,35.7624149326307,"https://www.google.com/maps/dir/?api=1&destination=35.76241493263068,-78.6315167190429&travelmode=driving",,2109318.73322156,732616.131744474
2954,1002306038,10023-06-038,Veach-Wilson Oil,No Further Interest,ff74105b-cc1c-4708-8fb5-0f6d20d4a569,3/4/2019 9:13:25 PM,jdpeacock_ncdenr,3/7/2025 11:13:05 PM,jdpeacock_ncdenr,92 Five Point Rd,Robbinsville,Graham,Tracy Wahl,,11/28/2007 12:00:00 AM,-83.8009372471558,35.3211044568138,"https://www.google.com/maps/dir/?api=1&destination=35.32110445681377,-83.8009372471558&travelmode=driving",,568493.669864714,606412.06755206
2955,901605073,09016-05-073,Bromma Property,No Further Interest,abed853d-7184-487d-81c7-8ae2d0016dfb,3/4/2019 9:13:25 PM,jdpeacock_ncdenr,11/3/2023 9:01:55 PM,jdpeacock_ncdenr,2285 Durham Rd,Roxboro,Person,Sandra Moore,0,6/4/2005 12:00:00 AM,-78.9827597288954,36.3632509380332,"https://www.google.com/maps/dir/?api=1&destination=36.363250938033168,-78.98275972889537&travelmode=driving",,2005077.50896163,951138.102836147
2956,1201008073,12010-08-073,J. G. Hardison Site,No Further Interest,6ea17891-0694-4b08-81af-07dcda825f8e,3/4/2019 9:13:26 PM,jdpeacock_ncdenr,11/3/2023 9:01:55 PM,jdpeacock_ncdenr,2727 Durham Road,Roxboro,Person,Will Service,14.09,9/13/2012 12:00:00 AM,-78.9825880645866,36.3567629660741,"https://www.google.com/maps/dir/?api=1&destination=36.35676296607408,-78.9825880645866&travelmode=driving",,2005128.47277047,948775.960578814
2957,401400073,04014-00-073,Tultex - Longhurst Mill,No Further Interest,6734f9f4-3f6e-4084-8552-070dfe663a06,3/4/2019 9:13:26 PM,jdpeacock_ncdenr,11/3/2023 9:01:55 PM,jdpeacock_ncdenr,291 Providence Rd,Roxboro,Person,Tony Duque,0,7/26/2002 12:00:00 AM,-78.9644238719363,36.4210871103991,"https://www.google.com/maps/dir/?api=1&destination=36.4210871103991,-78.96442387193633&travelmode=driving",,2010469.27344055,972196.970167145
2958,300299080,03002-99-080,Norman's Property,No Further Interest,030cc7f6-5fa8-44f5-bd6a-68dbc6561d0d,3/4/2019 9:13:26 PM,jdpeacock_ncdenr,11/3/2023 9:01:55 PM,jdpeacock_ncdenr,N. Main St. & E. Liberty St.,Salisbury,Rowan,Tony Duque,0,5/1/1999 12:00:00 AM,-80.4676532755207,35.6691283906457,"https://www.google.com/maps/dir/?api=1&destination=35.66912839064565,-80.46765327552069&travelmode=driving",,1564105.02673514,701680.529573813
2959,1203108053,12031-08-053,Whitin Roberts Development,No Further Interest,58d10574-7efc-459e-9421-1d6d4785fdb2,3/4/2019 9:13:26 PM,jdpeacock_ncdenr,11/3/2023 9:01:56 PM,jdpeacock_ncdenr,202 Maple Avenue,Sanford,Lee,Sharon Eckard,0,9/17/2015 12:00:00 AM,-79.1732982447811,35.4796885988832,"https://www.google.com/maps/dir/?api=1&destination=35.479688598883158,-79.173298244781&travelmode=driving",,1948408.68496355,629552.551126644
2960,1601112023,16011-12-023,Doran Mill,No Further Interest,309d9510-3793-4850-af73-4ed784126b3d,3/4/2019 9:13:27 PM,jdpeacock_ncdenr,11/3/2023 9:01:56 PM,jdpeacock_ncdenr,404 Polkville Road,Shelby,Cleveland,Tracy Wahl,50.74,8/21/2015 12:00:00 AM,-81.5732205166768,35.3031695643509,"https://www.google.com/maps/dir/?api=1&destination=35.30316956435093,-81.57322051667677&travelmode=driving",,1232354.98452789,575212.16899398
2961,500801023,05008-01-023,Shelby Dyeing & Finishing,No Further Interest,901214a4-f5e6-46be-bd78-8c9d94a555e5,3/4/2019 9:13:27 PM,jdpeacock_ncdenr,11/3/2023 9:01:56 PM,jdpeacock_ncdenr,1000 W. Grover St.,Shelby,Cleveland,Tracy Wahl,0,3/27/2002 12:00:00 AM,-81.5702346926493,35.3051145425049,"https://www.google.com/maps/dir/?api=1&destination=35.3051145425049,-81.57023469264925&travelmode=driving",,1233263.84524298,575896.729960814
2962,1000306023,10003-06-023,J & C Dye & Finishing Co,No Further Interest,cf839de9-02e5-4e42-88cd-e8812d78bf7c,3/4/2019 9:13:27 PM,jdpeacock_ncdenr,11/3/2023 9:01:56 PM,jdpeacock_ncdenr,1001 W Grover St,Shelby,Cleveland,Tracy Wahl,0,6/19/2007 12:00:00 AM,-81.5702651929497,35.3050665808289,"https://www.google.com/maps/dir/?api=1&destination=35.30506658082886,-81.5702651929497&travelmode=driving",,1233254.29670563,575879.515756398
2963,900605003,09006-05-003,Sparta Teapot Museum,No Further Interest,aa366f7a-f8f4-4dba-a704-b0de3503d1dc,3/4/2019 9:13:27 PM,jdpeacock_ncdenr,11/3/2023 9:01:57 PM,jdpeacock_ncdenr,115 Atwood St,Sparta,Alleghany,Tracy Wahl,0,3/19/2012 12:00:00 AM,-81.1190838566143,36.5133691337781,"https://www.google.com/maps/dir/?api=1&destination=36.5133691337781,-81.11908385661425&travelmode=driving",,1377213.90576747,1012442.63212973
2964,601302049,06013-02-049,Shelby Williams,No Further Interest,e82ef618-08c9-4d88-a999-591563c31552,3/4/2019 9:13:28 PM,jdpeacock_ncdenr,11/3/2023 9:01:57 PM,jdpeacock_ncdenr,401 Meacham Rd,Statesville,Iredell,Tracy Wahl,0,9/15/2002 12:00:00 AM,-80.9227834582951,35.7920954440803,"https://www.google.com/maps/dir/?api=1&destination=35.7920954440803,-80.922783458295058&travelmode=driving",,1429812.29368073,748738.978763804
2965,1101507049,11015-07-049,Flowserve Facility,No Further Interest,25bbfa9e-ff9c-4e3d-a45c-a1ba7cfa5b55,3/4/2019 9:13:28 PM,jdpeacock_ncdenr,11/3/2023 9:01:57 PM,jdpeacock_ncdenr,264 Wilson Park Road,Statesville,Iredell,Lisa Taber,8.85,11/6/2013 12:00:00 AM,-80.8403620394288,35.8134027973988,"https://www.google.com/maps/dir/?api=1&destination=35.813402797398815,-80.8403620394288&travelmode=driving",,1454394.72483072,756030.1771079
2966,1200808001,12008-08-001,Cortina Fabrics,No Further Interest,838a0cd7-de89-44fc-b7ff-60df4ee7b0b7,3/4/2019 9:13:28 PM,jdpeacock_ncdenr,11/3/2023 9:01:58 PM,jdpeacock_ncdenr,3165 Viewmont Drive,Swepsonville,Alamance,Lisa Taber,19.59,4/26/2012 12:00:00 AM,-79.3581560428551,36.0157999759339,"https://www.google.com/maps/dir/?api=1&destination=36.015799975933945,-79.358156042855086&travelmode=driving",,1894079.42354356,824838.395462304
2967,1102007029,11020-07-029,Pugh Auto Crushing Company,No Further Interest,2f4e143f-f801-44f6-a3a8-dbcb5a17d0d3,3/4/2019 9:13:29 PM,jdpeacock_ncdenr,11/3/2023 9:01:58 PM,jdpeacock_ncdenr,107 S. Urban Street,Thomasville,Davidson,Lisa Taber,0,8/12/2008 12:00:00 AM,-80.1105228419507,35.8910518585943,"https://www.google.com/maps/dir/?api=1&destination=35.891051858594317,-80.11052284195071&travelmode=driving",,1671071.94501872,781076.870780811
2968,901705007,09017-05-007,Park Boat Company,No Further Interest,aa45b974-50f5-4a7e-bd07-e3b3fa3063da,3/4/2019 9:13:29 PM,jdpeacock_ncdenr,11/3/2023 9:01:58 PM,jdpeacock_ncdenr,West 3Rd & Van Norden Sts.,Washington,Beaufort,Sam Watson,0,8/1/2008 12:00:00 AM,-77.0580982397552,35.5464420632867,"https://www.google.com/maps/dir/?api=1&destination=35.5464420632867,-77.05809823975515&travelmode=driving",,2577606.97708939,659453.170131058
2969,1104207007,11042-07-007,Hamilton Beach,No Further Interest,eb1b2710-1d00-4e3e-a4c6-e3b2edd31e08,3/4/2019 9:13:29 PM,jdpeacock_ncdenr,11/3/2023 9:01:58 PM,jdpeacock_ncdenr,234 Springs Road,Washington,Beaufort,Tony Duque,39.45,6/4/2015 12:00:00 AM,-77.063325433581,35.5809376470722,"https://www.google.com/maps/dir/?api=1&destination=35.5809376470722,-77.063325433580985&travelmode=driving",,2575807.4508328,671975.780256391
2970,1601612065,16016-12-065,Riverman Project,No Further Interest,c87e188e-1fd4-4b59-8648-5a0765313e7f,3/4/2019 9:13:29 PM,jdpeacock_ncdenr,11/3/2023 9:01:59 PM,jdpeacock_ncdenr,"712, 720 Surry Street",Wilmington,New Hanover,Sam Watson,6.94,2/6/2014 12:00:00 AM,-77.9489769056514,34.2261131482654,"https://www.google.com/maps/dir/?api=1&destination=34.2261131482654,-77.9489769056514&travelmode=driving",,2317722.35939246,174965.398622975
2971,1005706065,10057-06-065,WSFX Television Studio,No Further Interest,4babd9d5-8361-4c74-a0ab-28a5bf4746e3,3/4/2019 9:13:29 PM,jdpeacock_ncdenr,11/3/2023 9:01:59 PM,jdpeacock_ncdenr,1926 Oleander Dr,Wilmington,New Hanover,Sam Watson,0,11/13/2008 12:00:00 AM,-77.923301842646,34.2251356246664,"https://www.google.com/maps/dir/?api=1&destination=34.22513562466635,-77.92330184264597&travelmode=driving",,2325487.42227438,174692.835519806
2972,802404065,08024-04-065,North Terminal,No Further Interest,6e9288bb-ac2b-48d8-983a-657fb219a2a8,3/4/2019 9:13:31 PM,jdpeacock_ncdenr,11/3/2023 9:01:59 PM,jdpeacock_ncdenr,3225 River Rd.,Wilmington,New Hanover,Lisa Taber,0,3/29/2007 12:00:00 AM,-77.9501918075797,34.1883311407557,"https://www.google.com/maps/dir/?api=1&destination=34.188331140755665,-77.95019180757971&travelmode=driving",,2317500.52387814,161211.759135559
2973,1600912065,16009-12-065,Dean Hardwood - old,No Further Interest,54d2ea08-25b2-41cb-bbc7-02fe258b5871,3/4/2019 9:13:31 PM,jdpeacock_ncdenr,11/3/2023 9:01:59 PM,jdpeacock_ncdenr,1 Cowan Street,Wilmington,New Hanover,Sam Watson,11.07,7/18/2012 12:00:00 AM,-77.9507730397587,34.2490776711111,"https://www.google.com/maps/dir/?api=1&destination=34.2490776711111,-77.95077303975867&travelmode=driving",,2317091.07817473,183316.943271562
2974,700203065,07002-03-065,CSX Riverfront,No Further Interest,a96ca040-b1b8-4ffa-9a8d-89464670e113,3/4/2019 9:13:32 PM,jdpeacock_ncdenr,11/3/2023 9:01:59 PM,jdpeacock_ncdenr,515 Nutt St,Wilmington,New Hanover,Daphne Olszewski,0,2/17/2006 12:00:00 AM,-77.9502028952705,34.241125128421,"https://www.google.com/maps/dir/?api=1&destination=34.24112512842103,-77.950202895270465&travelmode=driving",,2317293.9836088,180424.665263474
2975,900805034,09008-05-034,Stratford Metal-New,No Further Interest,1e2f8963-d729-47ae-af41-4bd39fdbf047,3/4/2019 9:13:32 PM,jdpeacock_ncdenr,11/3/2023 9:02:00 PM,jdpeacock_ncdenr,807 S Marshall St,Winston-Salem,Forsyth,Tony Duque,0,6/4/2015 12:00:00 AM,-80.243960948501,36.0838676891535,"https://www.google.com/maps/dir/?api=1&destination=36.083867689153458,-80.24396094850098&travelmode=driving",,1632430.01803763,851729.059856728
2977,800504034,08005-04-034,Unity Place,No Further Interest,825a0d34-31b5-48d7-af6e-4713309065bd,3/4/2019 9:13:32 PM,jdpeacock_ncdenr,11/3/2023 9:02:00 PM,jdpeacock_ncdenr,201 N Broad St,Winston-Salem,Forsyth,Daphne Olszewski,0,6/27/2004 12:00:00 AM,-80.2532505002786,36.0952932186348,"https://www.google.com/maps/dir/?api=1&destination=36.095293218634787,-80.25325050027858&travelmode=driving",,1629737.75603372,855922.556062892
2978,2000816034,20008-16-034,500 W. 5th (RN),No Further Interest,527f610a-0fa5-47d0-89b8-f828df8ccece,3/4/2019 9:13:32 PM,jdpeacock_ncdenr,11/3/2023 9:02:00 PM,jdpeacock_ncdenr,500 W. 5Th St And 601 W. 4Th St,Winston-Salem,Forsyth,Sharon Eckard,4.31,7/13/2016 12:00:00 AM,-80.2496079427859,36.0992866586822,"https://www.google.com/maps/dir/?api=1&destination=36.099286658682246,-80.24960794278594&travelmode=driving",,1630832.1636218,857362.634547561
2979,2005516034,20055-16-034,Restoration on West 5th (RN),No Further Interest,28d658b6-c8a2-434b-8097-d0b4cbeeb459,3/4/2019 9:13:33 PM,jdpeacock_ncdenr,11/3/2023 9:02:00 PM,jdpeacock_ncdenr,500 W. 5Th And 601 W. 4Th Streets,Winston-Salem,Forsyth,Sharon Eckard,4.31,1/25/2017 12:00:00 AM,-80.2492830979212,36.099325187422,"https://www.google.com/maps/dir/?api=1&destination=36.09932518742195,-80.249283097921165&travelmode=driving",,1630928.3031933,857375.451451063
2980,1403310034,14033-10-034,Western Electric-Winston Salem-OLD,No Further Interest,1f2149d2-8f36-41ea-af58-4f72b645012b,3/4/2019 9:13:33 PM,jdpeacock_ncdenr,11/3/2023 9:02:01 PM,jdpeacock_ncdenr,800 Chatham Road,Winston-Salem,Forsyth,Lisa Taber,5.96,7/18/2011 12:00:00 AM,-80.254528253896,36.1051886867456,"https://www.google.com/maps/dir/?api=1&destination=36.10518868674561,-80.25452825389601&travelmode=driving",,1629405.79705197,859529.358232483
2981,1600512034,16005-12-034,Brookstown Avenue,No Further Interest,d92f74a5-2888-48bd-8b13-00c9c3967326,3/4/2019 9:13:33 PM,jdpeacock_ncdenr,11/3/2023 9:02:01 PM,jdpeacock_ncdenr,955 Brookstown Avenue,Winston-Salem,Forsyth,Lisa Taber,1.85,11/30/2012 12:00:00 AM,-80.2558810969142,36.0960306995911,"https://www.google.com/maps/dir/?api=1&destination=36.09603069959111,-80.25588109691418&travelmode=driving",,1628964.00462846,856200.826831818
2982,1402910011,14029-10-011,Andy's Heating & Air,Ineligible,daf20318-9756-4918-9abd-3067d45708dc,3/5/2019 3:16:00 PM,jdpeacock_ncdenr,11/3/2023 9:02:01 PM,jdpeacock_ncdenr,121 Biltmore Avenue,Asheville,Buncombe,Tracy Wahl,0.25,11/30/2010 12:00:00 AM,-82.5511289618151,35.590618358475,"https://www.google.com/maps/dir/?api=1&destination=35.59061835847501,-82.5511289618151&travelmode=driving",,944473.334242463,688763.769974306
2983,1402210011,14022-10-011,Providence Place,No Further Interest,b5b390f6-3fba-43ef-b7e1-b6d88291827f,3/5/2019 3:16:02 PM,jdpeacock_ncdenr,11/3/2023 9:02:01 PM,jdpeacock_ncdenr,207 Coxe Avenue,Asheville,Buncombe,Tracy Wahl,1.44,11/17/2014 12:00:00 AM,-82.5546095594341,35.5873859569946,"https://www.google.com/maps/dir/?api=1&destination=35.58738595699462,-82.55460955943408&travelmode=driving",,943397.094597057,687625.044561476
2984,1202008011,12020-08-011,Silverman Project,No Further Interest,6f7e00ca-b806-4c6d-b31d-ae361f721d4e,3/5/2019 3:16:02 PM,jdpeacock_ncdenr,11/3/2023 9:02:02 PM,jdpeacock_ncdenr,48 Swannanoa River Road,Asheville,Buncombe,Tracy Wahl,4.46,11/9/2012 12:00:00 AM,-82.5396292409956,35.5700987696317,"https://www.google.com/maps/dir/?api=1&destination=35.5700987696317,-82.53962924099555&travelmode=driving",,947623.781025559,681177.883243233
2985,1201508011,12015-08-011,Slosman Property,No Further Interest,9f8ebc69-6b66-4d8a-a664-baab503d14e6,3/5/2019 3:16:02 PM,jdpeacock_ncdenr,3/7/2025 11:13:05 PM,jdpeacock_ncdenr,9 And 9A Reed Street,Asheville,Buncombe,Tracy Wahl,,6/18/2010 12:00:00 AM,-82.5398524427759,35.5671193278863,"https://www.google.com/maps/dir/?api=1&destination=35.567119327886338,-82.5398524427759&travelmode=driving",,947518.787141055,680096.508765563
2986,1001906011,10019-06-011,Felkel Oil,No Further Interest,d61ce145-cf9e-4beb-b6d0-30eca5470887,3/5/2019 3:16:03 PM,jdpeacock_ncdenr,3/7/2025 11:13:05 PM,jdpeacock_ncdenr,200 New Leicester Hwy,Asheville,Buncombe,Tracy Wahl,,11/28/2007 12:00:00 AM,-82.6125490896374,35.5923923340023,"https://www.google.com/maps/dir/?api=1&destination=35.592392334002255,-82.6125490896374&travelmode=driving",,926248.473054469,690067.740135387
2987,1002106011,10021-06-011,Rankin Patterson,No Further Interest,1dbdc924-0f29-4ec5-8681-18a7239e483b,3/5/2019 3:16:03 PM,jdpeacock_ncdenr,3/7/2025 11:13:05 PM,jdpeacock_ncdenr,1 Fairview Rd,Asheville,Buncombe,Tracy Wahl,,6/25/2007 12:00:00 AM,-82.539557331007,35.5661375488034,"https://www.google.com/maps/dir/?api=1&destination=35.5661375488034,-82.539557331006975&travelmode=driving",,947593.755166978,679736.268344313
2988,1703613011,17036-13-011,Minico Bldg,No Further Interest,0065d941-6339-4b29-bd93-bfd6167a438b,3/5/2019 3:16:03 PM,jdpeacock_ncdenr,11/3/2023 9:02:03 PM,jdpeacock_ncdenr,81 Broadway Street,Asheville,Buncombe,Tracy Wahl,0.15,12/20/2013 12:00:00 AM,-82.5527103506461,35.5980064260315,"https://www.google.com/maps/dir/?api=1&destination=35.598006426031525,-82.5527103506461&travelmode=driving",,944099.703756139,691467.926639482
2989,1200408016,12004-08-016,Pace Boat and RV Park,No Further Interest,44e90424-6781-4f6f-b9db-4deef3c0da33,3/5/2019 3:16:04 PM,jdpeacock_ncdenr,3/7/2025 11:13:05 PM,jdpeacock_ncdenr,Freedom Park Road,Beaufort,Carteret,Sam Watson,,4/8/2010 12:00:00 AM,-76.6374820558012,34.7171008562512,"https://www.google.com/maps/dir/?api=1&destination=34.71710085625116,-76.63748205580123&travelmode=driving",,2709877.63315122,360418.108097389
2990,1200208088,12002-08-088,Ecusta II,No Further Interest,833fa29e-542c-4b5b-a7f5-8913b3600ae6,3/5/2019 3:16:04 PM,jdpeacock_ncdenr,11/3/2023 9:02:03 PM,jdpeacock_ncdenr,1 Ecusta Road,Brevard,Transylvania,Tracy Wahl,527,9/3/2011 12:00:00 AM,-82.7059184843472,35.2720901096392,"https://www.google.com/maps/dir/?api=1&destination=35.27209010963915,-82.70591848434715&travelmode=driving",,894158.162235215,574594.933351815
2991,906305100,09063-05-100,OMC/BOMBARDIER,No Further Interest,b8301f65-eb62-40ac-a386-165cd85e1fed,3/5/2019 3:16:04 PM,jdpeacock_ncdenr,3/7/2025 11:13:05 PM,jdpeacock_ncdenr,185 Access Drive,Burnsville,Yancey,Tracy Wahl,,6/19/2007 12:00:00 AM,-82.2791001452461,35.9161131511813,"https://www.google.com/maps/dir/?api=1&destination=35.91611315118131,-82.2791001452461&travelmode=driving",,1029212.61259823,804394.594486475
2992,802504000,08025-04-100,Bombardier Burnsville Site,No Further Interest,8f43dc91-64f8-45aa-acc3-0986be711460,3/5/2019 3:16:05 PM,jdpeacock_ncdenr,3/7/2025 11:13:05 PM,jdpeacock_ncdenr,185 Access Rd,Burnsville,Yancey,Tracy Wahl,,12/1/2005 12:00:00 AM,-82.2791645029004,35.9161542888606,"https://www.google.com/maps/dir/?api=1&destination=35.91615428886055,-82.279164502900358&travelmode=driving",,1029194.06079805,804410.190255806
2993,1002206044,10022-06-044,Smathers Oil,No Further Interest,45490a41-5d3f-4e29-a649-873f2a76f654,3/5/2019 3:16:05 PM,jdpeacock_ncdenr,3/7/2025 11:13:05 PM,jdpeacock_ncdenr,131 Park St,Canton,Haywood,Tracy Wahl,,11/28/2007 12:00:00 AM,-82.8395685529513,35.5324856692791,"https://www.google.com/maps/dir/?api=1&destination=35.532485669279076,-82.83956855295133&travelmode=driving",,857961.353395388,670812.466966227
2994,600302092,06003-02-092,Austin Foods,No Further Interest,756545b0-9101-4f00-bb82-69dc5f0b7500,3/5/2019 3:16:05 PM,jdpeacock_ncdenr,3/7/2025 11:13:05 PM,jdpeacock_ncdenr,E Chatham St,Cary,Wake,Tony Duque,,9/16/2010 12:00:00 AM,-78.7721431439846,35.7904051186122,"https://www.google.com/maps/dir/?api=1&destination=35.79040511861217,-78.77214314398455&travelmode=driving",,2067575.80653697,742679.032222316
2995,300599060,03005-99-060,American Cyanamid,No Further Interest,e9fb323f-9003-4460-83ee-446bedb77e58,3/5/2019 3:16:05 PM,jdpeacock_ncdenr,11/3/2023 9:02:05 PM,jdpeacock_ncdenr,Donald Ross Rd,"Charlotte
",Mecklenburg,Carolyn Minnich,0,6/24/2002 12:00:00 AM,-80.8951111066018,35.217728283426,"https://www.google.com/maps/dir/?api=1&destination=35.217728283425956,-80.8951111066018&travelmode=driving",,1434026.71372956,539568.817380562
2996,1402010060,14020-10-060,Tremont Music Hall,No Further Interest,117ac82a-ea63-4ef7-8487-a54cd86b5b9e,3/5/2019 3:16:06 PM,jdpeacock_ncdenr,11/3/2023 9:02:06 PM,jdpeacock_ncdenr,400 W. Tremont Avenue,Charlotte,Mecklenburg,Carolyn Minnich,2.43,1/27/2011 12:00:00 AM,-80.8666583073848,35.2112004342083,"https://www.google.com/maps/dir/?api=1&destination=35.211200434208315,-80.86665830738475&travelmode=driving",,1442478.44945072,537032.463529393
2997,1400310060,14003-10-060,IBM Facility,No Further Interest,be90eddb-638a-4f1b-b6b8-a0c9fc604492,3/5/2019 3:16:06 PM,jdpeacock_ncdenr,11/3/2023 9:02:06 PM,jdpeacock_ncdenr,8501 Ibm Drive,Charlotte,Mecklenburg,Carolyn Minnich,201,3/10/2010 12:00:00 AM,-80.7637591310259,35.3110695656404,"https://www.google.com/maps/dir/?api=1&destination=35.3110695656404,-80.76375913102592&travelmode=driving",,1473854.18689597,572811.804700226
2998,1200908060,12009-08-060,DynaTech-Hawkins Street,No Further Interest,e737ca05-eddd-423b-a53b-f4cacf03862f,3/5/2019 3:16:06 PM,jdpeacock_ncdenr,11/3/2023 9:02:06 PM,jdpeacock_ncdenr,2171 Hawkins Street,Charlotte,Mecklenburg,Carolyn Minnich,1.67,1/14/2009 12:00:00 AM,-80.8634298620147,35.2086375082612,"https://www.google.com/maps/dir/?api=1&destination=35.20863750826117,-80.86342986201468&travelmode=driving",,1443425.08075956,536081.750863895
2999,500501060,05005-01-060,Carolina Metal Prod,No Further Interest,f0d3fa11-1f4f-4f7f-98b3-3c04d05c0fce,3/5/2019 3:16:06 PM,jdpeacock_ncdenr,11/3/2023 9:02:07 PM,jdpeacock_ncdenr,2222 South Blvd,"Charlotte
",Mecklenburg,Carolyn Minnich,4.2,3/3/2003 12:00:00 AM,-80.8620180944812,35.2064023449496,"https://www.google.com/maps/dir/?api=1&destination=35.20640234494956,-80.86201809448123&travelmode=driving",,1443831.44543238,535260.508083805
3000,1000806060,10008-06-060,Ferguson Supply & Box Mfg. Co.,Ineligible,a16b2efd-4042-4b05-b1c3-7cd80408e3c8,3/5/2019 3:16:06 PM,jdpeacock_ncdenr,3/7/2025 11:13:05 PM,jdpeacock_ncdenr,4227 N Graham St,"Charlotte
",Mecklenburg,Tony Duque,,4/15/2006 12:00:00 AM,-80.8118443346974,35.2729869076018,"https://www.google.com/maps/dir/?api=1&destination=35.272986907601847,-80.81184433469741&travelmode=driving",,1459258.51497188,559212.309917644
3001,1000406060,10004-06-060,Rowe Bouligny,No Further Interest,1fe64f69-2c46-43e4-b52a-d27f4771d0a6,3/5/2019 3:16:07 PM,jdpeacock_ncdenr,3/7/2025 11:13:05 PM,jdpeacock_ncdenr,Mint St. And Morehead St.,Charlotte,Mecklenburg,Carolyn Minnich,,10/10/2008 12:00:00 AM,-80.8539426467957,35.2236566964895,"https://www.google.com/maps/dir/?api=1&destination=35.22365669648955,-80.85394264679574&travelmode=driving",,1446360.50336638,541493.887021229
3002,1200708060,12007-08-060,Wesley Village,No Further Interest,a593a870-622e-4505-95db-3e6d531c451f,3/5/2019 3:16:07 PM,jdpeacock_ncdenr,11/3/2023 9:02:08 PM,jdpeacock_ncdenr,2000 Thrift Road,Charlotte,Mecklenburg,Sharon Eckard,2.15,10/21/2009 12:00:00 AM,-80.869893788756,35.23105194794,"https://www.google.com/maps/dir/?api=1&destination=35.23105194794003,-80.869893788756045&travelmode=driving",,1441648.29166222,544274.216762394
3003,602202060,06022-02-060,West Morehead Addition,No Further Interest,4423d2d4-b4ad-46d8-acd6-c3bb5820e418,3/5/2019 3:16:07 PM,jdpeacock_ncdenr,3/7/2025 11:13:05 PM,jdpeacock_ncdenr,710 Calvert St,"Charlotte
",Mecklenburg,Carolyn Minnich,,5/2/2003 12:00:00 AM,-80.8621924674236,35.2295101312379,"https://www.google.com/maps/dir/?api=1&destination=35.22951013123785,-80.86219246742357&travelmode=driving",,1443937.11943364,543669.951566726
3004,1200608060,12006-08-060,Sears Service Center,No Further Interest,53267ddb-1779-4d03-9cba-f575dd45a835,3/5/2019 3:16:07 PM,jdpeacock_ncdenr,11/3/2023 9:02:08 PM,jdpeacock_ncdenr,11407 Granite Street,Charlotte,Mecklenburg,Carolyn Minnich,11.46,9/2/2014 12:00:00 AM,-80.9302299700138,35.1141724164097,"https://www.google.com/maps/dir/?api=1&destination=35.114172416409666,-80.93022997001378&travelmode=driving",,1422807.01733696,502089.742404476
3005,100497060,01004-97-060,Clawson Radiator,No Further Interest,28f804d0-6350-4d50-9de1-d4044a58d881,3/5/2019 3:16:08 PM,jdpeacock_ncdenr,3/7/2025 11:13:05 PM,jdpeacock_ncdenr,1525 S Tryon St,"Charlotte
",Mecklenburg,Carolyn Minnich,,3/3/2003 12:00:00 AM,-80.8567860709386,35.2158785175205,"https://www.google.com/maps/dir/?api=1&destination=35.215878517520487,-80.856786070938625&travelmode=driving",,1445458.52879238,538679.428083226
3006,1101007060,11010-07-060,Dupont- Sentinel Transportation Facility,No Further Interest,edad11c0-07df-4d21-a703-1464bfc56df4,3/5/2019 3:16:08 PM,jdpeacock_ncdenr,3/7/2025 11:13:05 PM,jdpeacock_ncdenr,2246 Old Steele Creek Road,Charlotte,Mecklenburg,Carolyn Minnich,,10/10/2007 12:00:00 AM,-80.9024474470888,35.2209192809451,"https://www.google.com/maps/dir/?api=1&destination=35.22091928094505,-80.90244744708883&travelmode=driving",,1431858.24168855,540771.857625395
3007,703103060,07031-03-060,South Blvd. MGP Site,No Further Interest,43365d63-00c1-43bc-b6cb-089cc8bbc2c2,3/5/2019 3:16:08 PM,jdpeacock_ncdenr,3/7/2025 11:13:05 PM,jdpeacock_ncdenr,1424 South Blvd,"Charlotte
",Mecklenburg,Carolyn Minnich,,9/14/2006 12:00:00 AM,-80.8534601581538,35.2154402986469,"https://www.google.com/maps/dir/?api=1&destination=35.21544029864693,-80.85346015815375&travelmode=driving",,1446448.7430193,538501.406129554
3008,703203060,07032-03-060,Eastway Crossing Shopping Center,No Further Interest,55b06e6b-498e-44c6-819e-d2c9e04a6646,3/5/2019 3:16:09 PM,jdpeacock_ncdenr,3/7/2025 11:13:05 PM,jdpeacock_ncdenr,3014 Eastway Dr,"Charlotte
",Mecklenburg,Carolyn Minnich,,12/20/2006 12:00:00 AM,-80.7807657961315,35.2152071092341,"https://www.google.com/maps/dir/?api=1&destination=35.21520710923414,-80.78076579613153&travelmode=driving",,1468155.6503928,538019.140361816
3009,703303060,07033-03-060,Eastway Crossing Shopping Center,No Further Interest,1a18cb23-aa6c-4dae-b64a-a32ac10841fc,3/5/2019 3:16:09 PM,jdpeacock_ncdenr,3/7/2025 11:13:05 PM,jdpeacock_ncdenr,3124 Eastway Dr,"Charlotte
",Mecklenburg,Carolyn Minnich,,12/20/2006 12:00:00 AM,-80.7814941558616,35.2126529828234,"https://www.google.com/maps/dir/?api=1&destination=35.21265298282344,-80.781494155861637&travelmode=driving",,1467921.46024439,537093.634010732
3010,803804060,08038-04-060,Thrift Road,No Further Interest,d0fa3446-4b8d-42f9-9514-9d8c8a9bce53,3/5/2019 3:16:09 PM,jdpeacock_ncdenr,3/7/2025 11:13:05 PM,jdpeacock_ncdenr,2019 Thrift Rd,"Charlotte
",Mecklenburg,Carolyn Minnich,,4/3/2005 12:00:00 AM,-80.8702291368734,35.2313010660796,"https://www.google.com/maps/dir/?api=1&destination=35.23130106607962,-80.87022913687342&travelmode=driving",,1441549.87617664,544366.752338484
3011,1104607060,11046-07-060,Park Union,No Further Interest,dd6551d6-5946-43d4-a6e3-5a0e193370d4,3/5/2019 3:16:09 PM,jdpeacock_ncdenr,11/3/2023 9:02:10 PM,jdpeacock_ncdenr,Morehead And Mcninch Streets,Charlotte,Mecklenburg,Carolyn Minnich,3.58,2/25/2009 12:00:00 AM,-80.858425905853,35.228086389548,"https://www.google.com/maps/dir/?api=1&destination=35.22808638954803,-80.858425905853&travelmode=driving",,1445052.00959231,543130.801726401
3012,1100407060,11004-07-060,South End Project - Park Avenue,No Further Interest,1a9a5ce8-e508-4eef-a661-00ff27623d06,3/5/2019 3:16:10 PM,jdpeacock_ncdenr,3/7/2025 11:13:05 PM,jdpeacock_ncdenr,W. Kingston Ave; W. Park; S. Tryon St,Charlotte,Mecklenburg,Carolyn Minnich,,2/11/2008 12:00:00 AM,-80.8587632410511,35.2141149234005,"https://www.google.com/maps/dir/?api=1&destination=35.2141149234005,-80.8587632410511&travelmode=driving",,1444856.08445922,538048.741680562
3013,1104707060,11047-07-060,Dollar General,No Further Interest,6261317a-f932-4f26-b5d9-4914ec798b0a,3/5/2019 3:16:10 PM,jdpeacock_ncdenr,11/3/2023 9:02:10 PM,jdpeacock_ncdenr,1949 East 7Th Street,Charlotte,Mecklenburg,Carolyn Minnich,0.45,9/1/2011 12:00:00 AM,-80.8188844506022,35.213114573374,"https://www.google.com/maps/dir/?api=1&destination=35.213114573374,-80.81888445060221&travelmode=driving",,1456758.4054708,537464.110631973
3014,200498060,02004-98-060,Aquair,No Further Interest,d8a2f169-a167-49bb-9798-b6681c038203,3/5/2019 3:16:10 PM,jdpeacock_ncdenr,3/7/2025 11:13:05 PM,jdpeacock_ncdenr,Westinghouse Blvd,"Charlotte
",Mecklenburg,Tony Duque,,4/30/1998 12:00:00 AM,-80.9689691521657,35.1329252182968,"https://www.google.com/maps/dir/?api=1&destination=35.1329252182968,-80.96896915216571&travelmode=driving",,1411359.76070397,509140.788013637
3015,801404060,08014-04-060,Selinas Learning Center,Ineligible,8a13bf64-4a8e-4e2e-811e-3324aaa24145,3/5/2019 3:16:10 PM,jdpeacock_ncdenr,3/7/2025 11:13:05 PM,jdpeacock_ncdenr,2200 Statesville Ave,"Charlotte
",Mecklenburg,Carolyn Minnich,,7/5/2004 12:00:00 AM,-80.8355409250381,35.2514066502139,"https://www.google.com/maps/dir/?api=1&destination=35.2514066502139,-80.83554092503809&travelmode=driving",,1452041.88668863,551489.509090304
3016,1003406060,10034-06-060,NEWCO Fibre Property,No Further Interest,749970e7-90fe-407a-865e-41ea54bef926,3/5/2019 3:16:11 PM,jdpeacock_ncdenr,3/7/2025 11:13:05 PM,jdpeacock_ncdenr,430 E 36Th St,"Charlotte
",Mecklenburg,Carolyn Minnich,,2/12/2008 12:00:00 AM,-80.8054045417529,35.2485457742809,"https://www.google.com/maps/dir/?api=1&destination=35.2485457742809,-80.805404541752878&travelmode=driving",,1461018.48192438,550283.492801562
3017,905105060,09051-05-060,Sharon Cleaners Site,No Further Interest,f0dac10a-2a76-490a-81e1-a0607e93e58a,3/5/2019 3:16:11 PM,jdpeacock_ncdenr,3/7/2025 11:13:05 PM,jdpeacock_ncdenr,1504 E 4Th St,"Charlotte
",Mecklenburg,Carolyn Minnich,,11/29/2006 12:00:00 AM,-80.828726495497,35.2137095543138,"https://www.google.com/maps/dir/?api=1&destination=35.2137095543138,-80.828726495497&travelmode=driving",,1453823.22302097,537734.618621141
3018,1102207060,11022-07-060,Virkler Facility,No Further Interest,1e287e94-267a-4171-bace-b7bd114de66d,3/5/2019 3:16:11 PM,jdpeacock_ncdenr,11/3/2023 9:02:12 PM,jdpeacock_ncdenr,1000 & 1010 Pressley Road,Charlotte,Mecklenburg,Sharon Eckard,4.01,10/10/2008 12:00:00 AM,-80.8941548698195,35.1913186882283,"https://www.google.com/maps/dir/?api=1&destination=35.191318688228336,-80.894154869819545&travelmode=driving",,1434128.87264597,529953.515745059
3019,1104307060,11043-07-060,"Aquair, Former",No Further Interest,64dae7e7-a86a-4a53-8cac-45a9772c0094,3/5/2019 3:16:12 PM,jdpeacock_ncdenr,11/3/2023 9:02:12 PM,jdpeacock_ncdenr,13300 Sam Neely Road,Charlotte,Mecklenburg,Carolyn Minnich,18.9,9/2/2014 12:00:00 AM,-80.9718597324378,35.1267690054595,"https://www.google.com/maps/dir/?api=1&destination=35.126769005459465,-80.97185973243776&travelmode=driving",,1410451.20805913,506917.892525062
3020,1500711060,15007-11-060,Parnell Martin Facility,No Further Interest,7a61d963-aad4-4c1f-9cc9-43b367fbcaa1,3/5/2019 3:16:12 PM,jdpeacock_ncdenr,11/3/2023 9:02:13 PM,jdpeacock_ncdenr,1315 North Graham Street,Charlotte,Mecklenburg,Carolyn Minnich,4.79,3/20/2012 12:00:00 AM,-80.8348015380031,35.2410337642984,"https://www.google.com/maps/dir/?api=1&destination=35.241033764298415,-80.8348015380031&travelmode=driving",,1452192.81650488,547710.904114723
3021,201098060,02010-98-060,ABC Engravers (Old PD),Ineligible,142b7385-4c25-48b0-befd-a374736a445e,3/5/2019 3:16:12 PM,jdpeacock_ncdenr,11/3/2023 9:02:13 PM,jdpeacock_ncdenr,724 Montana Dr,"Charlotte
",Mecklenburg,Tony Duque,0,10/30/1998 12:00:00 AM,-80.8721712184708,35.2670564963253,"https://www.google.com/maps/dir/?api=1&destination=35.26705649632526,-80.8721712184708&travelmode=driving",,1441215.44213422,557388.417896137
3022,1403710060,14037-10-060,TEMCO,No Further Interest,cd4b5c79-39e6-4945-8df8-bec76c224c8d,3/5/2019 3:16:12 PM,jdpeacock_ncdenr,11/3/2023 9:02:13 PM,jdpeacock_ncdenr,2240-2250 Toomey Avenue,Charlotte,Mecklenburg,Carolyn Minnich,2.1,2/17/2011 12:00:00 AM,-80.8704767957897,35.213299663114,"https://www.google.com/maps/dir/?api=1&destination=35.213299663114,-80.870476795789656&travelmode=driving",,1441352.49566589,537817.796932474
3023,1503411060,15034-11-060,Beta International,No Further Interest,1c062ed5-34db-4073-b57f-7203344288cf,3/5/2019 3:16:13 PM,jdpeacock_ncdenr,11/3/2023 9:02:14 PM,jdpeacock_ncdenr,12933 Sam Neely,Charlotte,Mecklenburg,Carolyn Minnich,38.71,5/29/2013 12:00:00 AM,-80.9751142231152,35.1262979026407,"https://www.google.com/maps/dir/?api=1&destination=35.1262979026407,-80.975114223115185&travelmode=driving",,1409474.89275455,506765.817369893
3024,1601012060,16010-12-060,Southpark Apartments,No Further Interest,323c3b52-61e3-402f-b6bf-c69c94d7394e,3/5/2019 3:16:13 PM,jdpeacock_ncdenr,11/3/2023 9:02:14 PM,jdpeacock_ncdenr,6000 Carnegie Blvd,Charlotte,Mecklenburg,Carolyn Minnich,13.14,5/24/2012 12:00:00 AM,-80.8394906198377,35.1558124555157,"https://www.google.com/maps/dir/?api=1&destination=35.155812455515665,-80.83949061983766&travelmode=driving",,1450218.28633322,516726.421464399
3025,2300219060,23002-19-060,Stax Gym,Recorded,5ef7da43-93b1-4bc6-86b6-1f322e27c7fe,3/5/2019 3:16:13 PM,jdpeacock_ncdenr,11/3/2023 9:02:14 PM,jdpeacock_ncdenr,3722 South Tryon Street,Charlotte,Mecklenburg,Jordan Thompson,13.41,7/28/2020 12:00:00 AM,-80.8803386744432,35.1943096192807,"https://www.google.com/maps/dir/?api=1&destination=35.19430961928067,-80.8803386744432&travelmode=driving",https://edocs.deq.nc.gov/WasteManagement/ElectronicFile.aspx?docid=1516934&dbid=0&repo=WasteManagement,1438276.53298581,530963.37888281
3026,1604312060,16043-12-060,Kaiser Fluid Technologies,No Further Interest,744cc217-8db6-4211-86ec-288c73c08746,3/5/2019 3:16:14 PM,jdpeacock_ncdenr,11/3/2023 9:02:14 PM,jdpeacock_ncdenr,530 E. Sugar Creek Road,Charlotte,Mecklenburg,Carolyn Minnich,5.02,9/3/2015 12:00:00 AM,-80.7920899309255,35.2529794762721,"https://www.google.com/maps/dir/?api=1&destination=35.252979476272088,-80.79208993092551&travelmode=driving",,1465022.09793289,551824.834207058
3027,100597032,01005-97-032,Eakes Drycleaners,Ineligible,d57a99b9-a9e2-431a-9460-224d757612ae,3/5/2019 3:16:14 PM,jdpeacock_ncdenr,3/7/2025 11:13:05 PM,jdpeacock_ncdenr,827 W Morgan St,Durham,Durham,Tony Duque,,11/30/1997 12:00:00 AM,-78.9094310529678,36.0013103737493,"https://www.google.com/maps/dir/?api=1&destination=36.001310373749256,-78.90943105296783&travelmode=driving",,2026790.61776631,819384.977891475
3029,2008016086,20080-16-086,True Textiles (RN),Recorded,8e3432d6-26bf-4c87-b49c-347c91a0c956,3/5/2019 3:16:15 PM,jdpeacock_ncdenr,9/10/2024 2:33:36 PM,jdpeacock_ncdenr,304 E. Main Street,Elkin,Surry,Joselyn Harriger,72,6/2/2021 12:00:00 AM,-80.8447398343732,36.2460389631791,"https://www.google.com/maps/dir/?api=1&destination=36.246038963179117,-80.84473983437317&travelmode=driving",https://edocs.deq.nc.gov/WasteManagement/ElectronicFile.aspx?docid=1626595&dbid=0&repo=WasteManagement,1456023.50700621,913518.634768143
3030,200698026,02006-98-026,Cumberland County Detention,Ineligible,d1b38f55-1d80-4719-9dd4-eacb2c37a677,3/5/2019 3:16:16 PM,jdpeacock_ncdenr,3/7/2025 11:13:05 PM,jdpeacock_ncdenr,206 Gillespie St,Fayetteville,Cumberland,Tony Duque,,7/30/1998 12:00:00 AM,-78.8791265667585,35.0502966528342,"https://www.google.com/maps/dir/?api=1&destination=35.050296652834227,-78.87912656675854&travelmode=driving",,2036175.98154147,473253.247912228
3031,1003106041,10031-06-041,Sedgefield Specialties,Ineligible,95b5a730-9e11-45e4-b828-0f8ec357c9dd,3/5/2019 3:16:16 PM,jdpeacock_ncdenr,3/7/2025 11:13:05 PM,jdpeacock_ncdenr,6012 High Point Rd,Greensboro,Guilford,Tony Duque,,2/21/2019 12:00:00 AM,-79.9030150179085,36.0073270395858,"https://www.google.com/maps/dir/?api=1&destination=36.0073270395858,-79.90301501790854&travelmode=driving",,1732917.3925218,822777.743415639
3032,1202708041,12027-08-041,GlobalTec,Ineligible,4200963d-848b-49b1-954c-74ae6db7b2c6,3/5/2019 3:16:16 PM,jdpeacock_ncdenr,3/7/2025 10:11:47 PM,jdpeacock_ncdenr,1220 West Market Center Drive,High Point,Guilford,,2.1,2/9/2011 12:00:00 AM,-80.0176645396226,35.9312002431199,"https://www.google.com/maps/dir/?api=1&destination=35.931200243119868,-80.01766453962263&travelmode=driving",,1698724.71451622,795395.703691646
3033,1404110092,14041-10-092,South Bloodworth,Ineligible,abf65e0c-84b0-413e-88b2-a686691e461f,3/5/2019 3:16:17 PM,jdpeacock_ncdenr,11/3/2023 9:02:16 PM,jdpeacock_ncdenr,1501 - 1513 South Bloodworth Street,Raleigh,Wake,Sharon Eckard,2.24,3/21/2012 12:00:00 AM,-78.6341682272219,35.760938516265,"https://www.google.com/maps/dir/?api=1&destination=35.760938516264986,-78.634168227222&travelmode=driving",,2108534.09437089,732075.823113814
3034,2006316025,20063-16-025,North Craven Street Railroad and Bulk Oil Storage Yard,Recorded,df40dbba-d072-4759-9faa-f29a18d67b62,3/21/2019 7:45:25 PM,jdpeacock_ncdenr,2/6/2024 8:22:33 PM,jdpeacock_ncdenr,North Craven Street,New Bern,Craven,Sharon Eckard,3.98,1/9/2024 12:00:00 AM,-77.0394083172629,35.1147724792486,"https://www.google.com/maps/dir/?api=1&destination=35.114772479248558,-77.03940831726285&travelmode=driving",,2586268.12479331,502485.990955815
3035,2206718034,22067-18-034,RJ Reynolds Area 2A,Recorded,e6e4ed5d-0ab9-4e14-9d47-88fb29a79963,3/22/2019 3:51:45 PM,jdpeacock_ncdenr,2/13/2025 4:59:32 PM,jdpeacock_ncdenr,Reynolds Boulevard,Winston-Salem,Forsyth,Joshawa Billiot,215,2/21/2020 5:00:00 AM,-80.2484046856457,36.1355916768122,"https://www.google.com/maps/dir/?api=1&destination=36.135591676812155,-80.2484046856457&travelmode=driving",https://edocs.deq.nc.gov/WasteManagement/ElectronicFile.aspx?docid=1516839&dbid=0&repo=WasteManagement,1631353.82432389,870573.602876231
3036,2300419039,23004-19-039,Lace Lastics,No Further Interest,9fd3289c-85e7-498d-bc8b-1a306d640467,3/25/2019 7:29:15 PM,jdpeacock_ncdenr,11/3/2023 9:02:17 PM,jdpeacock_ncdenr,"606, 610 Pine Tree Road",Oxford,Granville,Holly Samaha,6.88,3/15/2023 12:00:00 AM,-78.6066097181563,36.300916092984,"https://www.google.com/maps/dir/?api=1&destination=36.300916092984025,-78.60660971815635&travelmode=driving",,2115931.02872397,928672.713711888
3037,2300519036,23005-19-036,Petroleum World,No Further Interest,2e236af4-0829-43a3-a85e-a4ff9b805155,3/25/2019 7:41:06 PM,jdpeacock_ncdenr,11/3/2023 9:02:17 PM,jdpeacock_ncdenr,210 Beatty Drive,Mount Holly,Gaston,Jordan Thompson,2.25,2/27/2020 12:00:00 AM,-81.0262319884183,35.2601292633456,"https://www.google.com/maps/dir/?api=1&destination=35.26012926334556,-81.026231988418346&travelmode=driving",,1395187.74088272,555770.672772065
3038,2300619092,23006-19-092,South Street Condos - East,Recorded,aa57c165-d44b-40bf-9164-6a777441eeea,3/25/2019 9:42:15 PM,jdpeacock_ncdenr,9/4/2025 8:11:06 PM,jdpeacock_ncdenr,601 W. South Street,Raleigh,Wake,BRS-Property Management,.83,8/5/2022 12:00:00 AM,-78.6484836998608,35.7721425435837,"https://www.google.com/maps/dir/?api=1&destination=35.7721425435837,-78.64848369986076&travelmode=driving",https://edocs.deq.nc.gov/WasteManagement/ElectronicFile.aspx?docid=1755874&dbid=0&repo=WasteManagement,2104272.62323505,736138.628964558
3039,230071912,23007-19-012,Drexel 1 Site,Active Eligible,fcbddca9-6ed5-4d14-9498-25249acce886,3/25/2019 9:58:18 PM,jdpeacock_ncdenr,11/3/2023 9:02:18 PM,jdpeacock_ncdenr,101 N. Main Street,Drexel,Burke,Jordan Thompson,29.82,3/27/2019 12:00:00 AM,-81.6063815804851,35.7601602043156,"https://www.google.com/maps/dir/?api=1&destination=35.760160204315568,-81.6063815804851&travelmode=driving",,1226831.17208472,741743.090196565
3040,2300819060,23008-19-060,Mecklenburg Hotel,No Further Interest,823bf961-f266-4998-b3a9-867df3119b17,3/26/2019 9:15:09 PM,jdpeacock_ncdenr,11/3/2023 9:02:18 PM,jdpeacock_ncdenr,500 West Trade Street,Charlotte,Mecklenburg,Bill Schmithorst,2.75,2/28/2022 12:00:00 AM,-80.8469577070851,35.2312956443356,"https://www.google.com/maps/dir/?api=1&destination=35.23129564433558,-80.84695770708505&travelmode=driving",,1448497.88787113,544234.67878373
3041,2300919060,23009-19-060,Clorox Facility,No Further Interest,650af486-8176-42bd-a6c7-f8e61aa5a59b,3/26/2019 9:20:43 PM,jdpeacock_ncdenr,11/3/2023 9:02:18 PM,jdpeacock_ncdenr,800 Gesco St & 700 Tuckaseegee Rd,Charlotte,Mecklenburg,Cody Cannon,7.14,1/30/2020 12:00:00 AM,-80.8682325789905,35.2368008176606,"https://www.google.com/maps/dir/?api=1&destination=35.23680081766058,-80.86823257899053&travelmode=driving",,1442183.64590646,546356.780182555
3042,2301019092,23010-19-092,Raleigh Union Station Bus,Recorded,e11c21fc-3131-4b89-9f14-22b6e4fe83a9,3/26/2019 9:26:13 PM,jdpeacock_ncdenr,1/5/2024 10:04:04 PM,jdpeacock_ncdenr,"200, 206, 210 S. West Street",Raleigh,Wake,Stephanie Graham,1.76,12/14/2023 12:00:00 AM,-78.6465556401582,35.7780327760352,"https://www.google.com/maps/dir/?api=1&destination=35.77803277603516,-78.646555640158155&travelmode=driving",https://edocs.deq.nc.gov/WasteManagement/ElectronicFile.aspx?docid=1825936&dbid=0&repo=WasteManagement,2104836.91606972,738284.649606898
3043,2301119034,23011-19-034,"Wilsons Pest Control, Former",Recorded,4d0748a9-b416-4cef-9bac-d749f72aa617,3/26/2019 9:33:07 PM,jdpeacock_ncdenr,4/8/2024 3:35:32 PM,jdpeacock_ncdenr,401 West End Boulevard,Winston-Salem,Forsyth,Caroline Goodwin,2.93,1/5/2024 12:00:00 AM,-80.2584800718882,36.1031758770698,"https://www.google.com/maps/dir/?api=1&destination=36.103175877069816,-80.2584800718882&travelmode=driving",,1628229.18031073,858811.453828394
3044,2301219032,23012-19-032,Northgate Mall,No Further Interest,4fa9320e-b69f-4913-a7df-466e22ffa493,3/26/2019 9:49:54 PM,jdpeacock_ncdenr,6/5/2024 6:07:03 PM,jdpeacock_ncdenr,,Durham,Durham,Sharon Eckard,57.56,3/4/2024 12:00:00 AM,-78.9125963667278,36.020382098231,"https://www.google.com/maps/dir/?api=1&destination=36.020382098230968,-78.912596366727755&travelmode=driving",,2025848.22266947,826326.703181222
3045,2301319055,23013-19-055,Artee Industries,Active Eligible,09955147-241c-48a1-817d-d76c333419c5,3/26/2019 9:53:16 PM,jdpeacock_ncdenr,11/3/2023 9:02:20 PM,jdpeacock_ncdenr,1808 Indian Creek Road,Lincolnton,Lincoln,Bill Schmithorst,11.1,5/13/2019 12:00:00 AM,-81.2744942681582,35.4304502110145,"https://www.google.com/maps/dir/?api=1&destination=35.43045021101447,-81.274494268158165&travelmode=driving",,1322515.98826064,619348.346141398
3046,2301419034,23014-19-034,HP Fabrics (RFRU),RFR PC Complete,87c4d872-8376-4c4a-a24c-263fc268bd1a,3/29/2019 1:49:33 PM,jdpeacock_ncdenr,8/7/2024 8:19:18 PM,jdpeacock_ncdenr,"3821, 3811, 3760, 3803 Kimwell Dr",Winston-Salem,Forsyth,Caroline Goodwin,22.01,3/12/2021 12:00:00 AM,-80.3225471150683,36.0465320995981,"https://www.google.com/maps/dir/?api=1&destination=36.0465320995981,-80.32254711506826&travelmode=driving",,1609029.31287064,838439.085780561
3047,2301519060,23015-19-060,Matheson Ave Creek,Recorded,4d400920-78dd-4c86-98d4-a925e6f6807f,3/29/2019 2:54:31 PM,jdpeacock_ncdenr,11/3/2023 9:02:20 PM,jdpeacock_ncdenr,2710 Chick Godley Road,Charlotte,Mecklenburg,Carolyn Minnich,6.09,7/12/2019 12:00:00 AM,-80.8131115287862,35.2480868915272,"https://www.google.com/maps/dir/?api=1&destination=35.248086891527187,-80.813111528786237&travelmode=driving",https://edocs.deq.nc.gov/WasteManagement/edoc/1360423/23015_Matheson Ave Creek_LURU Model.docx?dbid=0&repo=WasteManagement,1458714.85661039,550158.44613564
3051,2301619032,23016-19-032,TW Alexander Flex,Recorded,94ef23d3-9516-4fe8-a642-ec2ee94bafb2,3/29/2019 3:10:11 PM,jdpeacock_ncdenr,11/3/2023 9:02:20 PM,jdpeacock_ncdenr,Tw Alexander Dr; S. Miami Blvd,Durham,Durham,Sharon Eckard,51.15,1/24/2020 12:00:00 AM,-78.8500438670698,35.9218684031392,"https://www.google.com/maps/dir/?api=1&destination=35.9218684031392,-78.85004386706977&travelmode=driving",https://edocs.deq.nc.gov/WasteManagement/ElectronicFile.aspx?docid=1516628&dbid=0&repo=WasteManagement,2044400.70032822,790488.054714307
3053,2301819060,23018-19-060,Corey Transmission Service (511 West Tremont),Recorded,1c606444-afa8-4051-b309-aafdb61f15bd,3/29/2019 5:45:45 PM,jdpeacock_ncdenr,9/10/2024 2:33:36 PM,jdpeacock_ncdenr,"511, 527 W. Tremont Avenue",Charlotte,Mecklenburg,Joshawa Billiot,5.58,3/11/2020 12:00:00 AM,-80.8689725922599,35.2105382551565,"https://www.google.com/maps/dir/?api=1&destination=35.210538255156536,-80.86897259225985&travelmode=driving",https://edocs.deq.nc.gov/WasteManagement/ElectronicFile.aspx?docid=1516840&dbid=0&repo=WasteManagement,1441782.77728564,536804.51582256
3054,2301919042,23019-19-042,Halifax Regional Medical (Vidant Halifax),Active Eligible,4b393124-e355-4b09-a3c0-38a9f749e58e,4/1/2019 6:35:14 PM,jdpeacock_ncdenr,11/3/2023 9:02:21 PM,jdpeacock_ncdenr,"210, 240, 250 Smith Church Rd
",Roanoke Rapids,Halifax,Claire Sorrell,84.5,6/1/2023 12:00:00 AM,-77.6444904410817,36.4318044652198,"https://www.google.com/maps/dir/?api=1&destination=36.43180446521978,-77.64449044108173&travelmode=driving",,2398800.88096213,978820.01335147
3055,2302019036,23020-19-036,Beltex Mill,Recorded,b52da1da-c049-40be-b01f-995ceea42b02,5/23/2019 9:00:34 PM,jdpeacock_ncdenr,11/3/2023 9:02:21 PM,jdpeacock_ncdenr,130 Performance Drive,Belmont,Gaston,Bill Schmithorst,20.64,12/4/2020 12:00:00 AM,-81.0619671116686,35.2575284903681,"https://www.google.com/maps/dir/?api=1&destination=35.2575284903681,-81.0619671116686&travelmode=driving",https://edocs.deq.nc.gov/WasteManagement/ElectronicFile.aspx?docid=1522049&dbid=0&repo=WasteManagement,1384502.97091372,555043.973766148
3056,2302119034,23021-19-034,West Salem Shell,Recorded,e8d4acfa-a771-46d2-9ae2-a8d30d5c6917,5/23/2019 9:08:01 PM,jdpeacock_ncdenr,9/9/2024 8:05:14 PM,jdpeacock_ncdenr,100 N. Broad Street,Winston-Salem,Forsyth,BRS-Property Management,4.46,4/19/2021 12:00:00 AM,-80.2538561832648,36.0942050859369,"https://www.google.com/maps/dir/?api=1&destination=36.09420508593694,-80.253856183264816&travelmode=driving",https://edocs.deq.nc.gov/WasteManagement/ElectronicFile.aspx?docid=1626609&dbid=0&repo=WasteManagement,1629553.81808139,855528.727126151
3057,2302219068,23022-19-068,Chapel Hill Police Dept,Recorded,fae20071-4c20-4b9e-983b-69b751ff66cd,5/23/2019 9:17:11 PM,jdpeacock_ncdenr,7/16/2025 9:17:16 PM,jdpeacock_ncdenr,"828 Martin Luther King Jr., Blvd",Chapel Hill,Orange,Sharon Eckard,10.24,5/19/2025 5:00:00 AM,-79.0527003296934,35.926236777821,"https://www.google.com/maps/dir/?api=1&destination=35.926236777821,-79.0527003296934&travelmode=driving",,1984397.82623972,792048.802905142
3058,2302319092,23023-19-092,Naegele Fairway Advertising,Recorded,2776c862-a309-4dad-ba2b-f4de31720b77,5/23/2019 9:35:53 PM,jdpeacock_ncdenr,11/3/2023 9:02:22 PM,jdpeacock_ncdenr,506/508 Capital Blvd; W Johnson St,Raleigh,Wake,Caroline Goodwin,3.33,9/10/2020 12:00:00 AM,-78.6421494392986,35.7874010148997,"https://www.google.com/maps/dir/?api=1&destination=35.78740101489967,-78.6421494392986&travelmode=driving",https://edocs.deq.nc.gov/WasteManagement/ElectronicFile.aspx?docid=1516956&dbid=0&repo=WasteManagement,2106131.5535723,741699.291727722
3059,2302419035,23024-19-035,Youngsville Agricultural,No Further Interest,a4e64b75-8879-41d0-9be7-d5c627402a3f,6/4/2019 3:15:48 PM,jdpeacock_ncdenr,7/9/2024 10:12:22 PM,jdpeacock_ncdenr,762 Us Hwy 1,Youngsville,Franklin,Hayley Irick,20.18,6/9/2024 12:00:00 AM,-78.5028720327156,36.0303886601622,"https://www.google.com/maps/dir/?api=1&destination=36.03038866016222,-78.502872032715587&travelmode=driving",,2146994.98726521,830326.034749478
3060,2302519060,23025-19-060,Charlotte War Assets,Ineligible,abfbde5d-241c-41f1-a2a4-d38eb796e979,6/4/2019 3:33:45 PM,jdpeacock_ncdenr,4/9/2024 8:14:02 PM,jdpeacock_ncdenr,1306 Berryhill Road,Charlotte,Mecklenburg,Tony Duque,3.76,2/3/2020 12:00:00 AM,-80.8758974665029,35.2349479236002,"https://www.google.com/maps/dir/?api=1&destination=35.23494792360016,-80.875897466503&travelmode=driving",,1439882.59210964,545725.707297727
3061,2302619068,23026-19-068,Passport Motors,Active Eligible,8f42fa1c-453a-4a4b-938f-e5a332b5fdc4,6/4/2019 6:56:47 PM,jdpeacock_ncdenr,1/14/2026 10:31:27 PM,jdpeacock_ncdenr,"108 N. Merritt Rd; 600, 610 W. Franklin St.",Chapel Hill,Orange,Celeste Dobill,.53,12/2/2025 12:00:00 AM,-79.0647963002346,35.9099854892196,"https://www.google.com/maps/dir/?api=1&destination=35.909985489219558,-79.06479630023463&travelmode=driving",,1980812.71201889,786135.273721725
3062,2302719068,23027-19-068,Orange County Print Shop,Recorded,9775ca9e-a1c4-4d5c-a07b-b2d1d9625768,6/4/2019 7:11:06 PM,jdpeacock_ncdenr,11/3/2023 9:02:23 PM,jdpeacock_ncdenr,136 E. Rosemary St; 137 E. Fanklin St.,Chapel Hill,Orange,Sharon Eckard,.66,10/11/2022 12:00:00 AM,-79.0548271896931,35.9141940151583,"https://www.google.com/maps/dir/?api=1&destination=35.9141940151583,-79.05482718969314&travelmode=driving",https://edocs.deq.nc.gov/WasteManagement/ElectronicFile.aspx?docid=1755933&dbid=0&repo=WasteManagement,1983765.7057848,787665.44159314
3063,2302819060,23028-19-060,Cama Street,No Further Interest,df87224f-b4f3-4e4b-835d-1c5137c71002,6/4/2019 7:26:51 PM,jdpeacock_ncdenr,11/3/2023 9:02:24 PM,jdpeacock_ncdenr,200 E. Cama St.; 4010 Old Pineville Rd.,Charlotte,Mecklenburg,Jordan Thompson,3.04,8/20/2019 12:00:00 AM,-80.8777042009589,35.1893540184033,"https://www.google.com/maps/dir/?api=1&destination=35.18935401840327,-80.87770420095893&travelmode=driving",,1439029.33791064,529145.249316975
3064,2302919041,23029-19-041,News & Record Greensboro,No Further Interest,e9cbf850-dd67-492a-b88e-39dadd24b66a,6/4/2019 7:38:10 PM,jdpeacock_ncdenr,7/15/2025 12:32:58 PM,cdobill_ncdenr,200 E. Market St; 106 & 218 S. Church St,Greensboro,Guilford,Holly Samaha,10.18,3/15/2023 12:00:00 AM,-79.7880068642748,36.071325848566,"https://www.google.com/maps/dir/?api=1&destination=36.071325848566,-79.7880068642748&travelmode=driving",,1767414.84944539,846073.572480068
3065,2303019060,23030-19-060,Hertron International,Recorded,4c7aa536-7213-443c-b482-04e81d77a312,6/4/2019 8:03:38 PM,jdpeacock_ncdenr,11/3/2023 9:02:24 PM,jdpeacock_ncdenr,306 Clanton Road,Charlotte,Mecklenburg,Jordan Thompson,0.51,12/21/2020 5:00:00 AM,-80.8761222709657,35.1958356921038,"https://www.google.com/maps/dir/?api=1&destination=35.195835692103827,-80.87612227096572&travelmode=driving",https://edocs.deq.nc.gov/WasteManagement/ElectronicFile.aspx?docid=1517421&dbid=0&repo=WasteManagement,1439546.46909422,531494.851245061
3066,2303119060,23031-19-060,West Morehead II,Recorded,1ff2e33b-0647-4207-82b7-f132a3ca3552,6/4/2019 8:20:02 PM,jdpeacock_ncdenr,2/13/2025 4:49:03 PM,jdpeacock_ncdenr,"2131, 2211, 2233 W. Morehead St",Charlotte,Mecklenburg,Carolyn Minnich,4.68,1/16/2025 12:00:00 AM,-80.8750559407808,35.2255412073132,"https://www.google.com/maps/dir/?api=1&destination=35.2255412073132,-80.8750559407808&travelmode=driving",,1440069.16949239,542298.043877482
3067,2303219032,23032-19-032,Durham Police Station,Active Eligible,0397d3bf-0f55-44ba-8413-e5432078d528,6/4/2019 8:30:15 PM,jdpeacock_ncdenr,1/14/2026 10:31:27 PM,jdpeacock_ncdenr,505 W. Chapel Hill Street,Durham,Durham,Celeste Dobill,4.087,1/7/2026 12:00:00 AM,-78.9095428681913,35.9962345436582,"https://www.google.com/maps/dir/?api=1&destination=35.996234543658218,-78.90954286819125&travelmode=driving",,2026759.22708106,817537.232899308
3068,2303319065,23033-19-065,Travelers Oil Co,No Further Interest,0a47a65d-8e45-455f-846a-bea4a97b9a0a,6/24/2019 7:18:14 PM,jdpeacock_ncdenr,10/14/2025 9:25:14 PM,jdpeacock_ncdenr,"2841, 2845 Carolina Beach Rd
",Wilmington,New Hanover,Kathleen Markey,1.94,9/23/2025 12:00:00 AM,-77.9304895927715,34.1859235838146,"https://www.google.com/maps/dir/?api=1&destination=34.1859235838146,-77.93048959277148&travelmode=driving",,2323468.39317597,160399.197768554
3069,2303419034,23034-19-034,W. 7th Street,No Further Interest,a23cd5ea-bfe1-44e5-9d84-d548ddd87345,6/24/2019 7:29:35 PM,jdpeacock_ncdenr,11/3/2023 9:02:25 PM,jdpeacock_ncdenr,310 W. 7Th Street,Winston-Salem,Forsyth,Caroline Goodwin,.56,4/6/2021 12:00:00 AM,-80.2485829960675,36.1027084271773,"https://www.google.com/maps/dir/?api=1&destination=36.10270842717726,-80.24858299606747&travelmode=driving",,1631150.61213189,858604.378455147
3070,2303519060,23035-19-060,Theron Properties,Recorded,b956ce5f-3c41-4df3-be46-e3bc5922984d,6/24/2019 7:42:16 PM,jdpeacock_ncdenr,11/3/2023 9:02:26 PM,jdpeacock_ncdenr,"431, 500, 508 Charles Avenue",Charlotte,Mecklenburg,Carolyn Minnich,.53,8/5/2020 12:00:00 AM,-80.8121313177919,35.2436021372155,"https://www.google.com/maps/dir/?api=1&destination=35.2436021372155,-80.812131317791867&travelmode=driving",https://edocs.deq.nc.gov/WasteManagement/ElectronicFile.aspx?docid=1516935&dbid=0&repo=WasteManagement,1458977.66251522,548521.166929901
3071,2303619032,23036-19-032,Heritage Square II,No Further Interest,e3c66838-321d-404e-a86c-900ed63f40e6,6/24/2019 7:55:37 PM,jdpeacock_ncdenr,11/3/2023 9:02:26 PM,jdpeacock_ncdenr,606 Fayetteville Street; 401 E. Lakewood Avenue,Durham,Durham,Holly Samaha,9.58,6/28/2022 12:00:00 AM,-78.8985627176941,35.9864224844764,"https://www.google.com/maps/dir/?api=1&destination=35.9864224844764,-78.89856271769412&travelmode=driving",,2030010.94958022,813968.575666562
3072,2303719090,23037-19-090,Elan Indian Trail,Recorded,9a9ce40e-b811-4a8e-aecc-99a80e5c1f94,6/24/2019 8:34:49 PM,jdpeacock_ncdenr,9/9/2024 8:05:14 PM,jdpeacock_ncdenr,Chestnut Pkwy and Us Hwy 74,Indian Trail,Union,BRS-Property Management,27.86,12/18/2020 4:00:00 AM,-80.6639959777537,35.0846222052481,"https://www.google.com/maps/dir/?api=1&destination=35.08462220524807,-80.66399597775367&travelmode=driving",https://edocs.deq.nc.gov/WasteManagement/ElectronicFile.aspx?docid=1522205&dbid=0&repo=WasteManagement,1502230.25678414,489895.557475314
3073,2303819041,23038-19-041,Warehouse Property,Recorded,1960786d-3817-4820-b562-83368ea5fddf,6/25/2019 3:20:16 PM,jdpeacock_ncdenr,11/3/2023 9:02:27 PM,jdpeacock_ncdenr,500 Radar Road,Greensboro,Guilford,Caroline Goodwin,9.5,2/24/2021 12:00:00 AM,-79.9331356281507,36.0882876190726,"https://www.google.com/maps/dir/?api=1&destination=36.08828761907263,-79.93313562815072&travelmode=driving",https://edocs.deq.nc.gov/WasteManagement/ElectronicFile.aspx?docid=1626610&dbid=0&repo=WasteManagement,1724285.95473222,852330.875910312
3074,2303919060,23039-19-060,Forest Hill Church,No Further Interest,dee1c9da-4797-4171-9f64-a7369b59321f,6/25/2019 4:05:25 PM,jdpeacock_ncdenr,11/3/2023 9:02:27 PM,jdpeacock_ncdenr,729 E. 36Th St.; 3315 N. Mcdowell St.,Charlotte,Mecklenburg,Carolyn Minnich,1.887,4/23/2020 12:00:00 AM,-80.8022693909075,35.2462231952818,"https://www.google.com/maps/dir/?api=1&destination=35.24622319528178,-80.8022693909075&travelmode=driving",,1461938.99583139,549421.33146815
3075,2304019032,23040-19-032,Grantham Development,No Further Interest,f64bac21-7795-4e30-86e7-08cd7fd77caa,8/7/2019 2:48:59 PM,jdpeacock_ncdenr,1/14/2026 10:31:27 PM,jdpeacock_ncdenr,2211 Grantham Street,Durham,Durham,Celeste Dobill,2.765,12/2/2025 12:00:00 AM,-78.8767652873182,35.9801232706595,"https://www.google.com/maps/dir/?api=1&destination=35.98012327065946,-78.87676528731822&travelmode=driving",,2036452.15684214,811921.962305725
3076,2304119065,23041-19-065,7984 Market Street (RN),Recorded,9c142e8a-cc3a-4cd9-a521-0cb7414af1ca,8/7/2019 9:19:28 PM,jdpeacock_ncdenr,11/3/2023 9:02:27 PM,jdpeacock_ncdenr,7984 Market Street,Wilmington,New Hanover,Caroline Goodwin,2.66,12/30/2020 12:00:00 AM,-77.798171834492,34.2911120179582,"https://www.google.com/maps/dir/?api=1&destination=34.2911120179582,-77.79817183449195&travelmode=driving",https://edocs.deq.nc.gov/WasteManagement/ElectronicFile.aspx?docid=1522070&dbid=0&repo=WasteManagement,2363021.86984314,199136.705923304
3077,2304219060,23042-19-060,The Foundry II,No Further Interest,3691bf5b-9cc2-48d3-83e6-b8aec4ae4202,8/8/2019 9:00:37 PM,jdpeacock_ncdenr,11/3/2023 9:02:28 PM,jdpeacock_ncdenr,"600 W Hill St.; 600, 604, 608,624 Eldridge St.; 800 S Mint St.; 605 Stonewall St.",Charlotte,Mecklenburg,Carolyn Minnich,1.85,9/13/2022 12:00:00 AM,-80.8543903533144,35.2268194369323,"https://www.google.com/maps/dir/?api=1&destination=35.2268194369323,-80.854390353314415&travelmode=driving",,1446248.32183222,542647.245934978
3078,2304319092,23043-19-092,Rogers Oil (RN),Recorded,5de6371a-30b4-46cf-8c19-0707ae3ac3f3,8/9/2019 1:57:34 PM,jdpeacock_ncdenr,7/16/2025 9:17:16 PM,jdpeacock_ncdenr,"0, 1316 S. Blount St; 262 Branch St.; 1302, 1304, 1308, 1310 S. Person St.",Raleigh,Wake,Joselyn Harriger,3.64,10/11/2022 12:00:00 AM,-78.6367324989697,35.7643387359585,"https://www.google.com/maps/dir/?api=1&destination=35.7643387359585,-78.636732498969678&travelmode=driving",https://edocs.deq.nc.gov/WasteManagement/ElectronicFile.aspx?docid=1755921&dbid=0&repo=WasteManagement,2107768.81243689,733310.672350138
3079,2304419011,23044-19-011,Roberts Street Organics (aka RAD Asheville),Recorded,a21dc18f-4e88-422f-a3e6-5d5997dbd690,8/9/2019 2:14:04 PM,jdpeacock_ncdenr,1/17/2025 8:09:37 PM,jdpeacock_ncdenr,"95, 109 Roberts St.",Asheville,Buncombe,Caroline Goodwin,1.56,1/16/2024 12:00:00 AM,-82.5672075283138,35.5874311650986,"https://www.google.com/maps/dir/?api=1&destination=35.5874311650986,-82.5672075283138&travelmode=driving",,939654.562712058,687775.815257311
3080,2304519036,23045-19-036,Acme Spinning Mill (RN),Recorded,4a3344f4-c390-47b2-ad6a-f8a4929d8b9f,8/9/2019 2:37:49 PM,jdpeacock_ncdenr,11/3/2023 9:02:28 PM,jdpeacock_ncdenr,182 Woodlawn St; 667 Cason St.,Belmont,Gaston,Bill Schmithorst,41,10/19/2021 12:00:00 AM,-81.0452568495083,35.2699416956357,"https://www.google.com/maps/dir/?api=1&destination=35.26994169563568,-81.045256849508277&travelmode=driving",https://edocs.deq.nc.gov/WasteManagement/ElectronicFile.aspx?docid=1626506&dbid=0&repo=WasteManagement,1389583.35314138,559457.57550323
3081,2304619034,23046-19-034,Flow North Spruce,Active Eligible,eb9a3bd6-04c7-4e2f-a7ed-635a4d9b9c51,8/9/2019 4:58:45 PM,jdpeacock_ncdenr,8/7/2024 8:59:38 PM,jdpeacock_ncdenr,537 North Spruce St.,Winston-Salem,Forsyth,Caroline Goodwin,2.08,6/25/2024 12:00:00 AM,-80.2487702800271,36.1001637179882,"https://www.google.com/maps/dir/?api=1&destination=36.1001637179882,-80.24877028002707&travelmode=driving",,1631083.6355598,857678.777616054
3082,2304719065,23047-19-065,Sunnyvale Drive,No Further Interest,74ed14c2-7c55-482b-9fee-67915412ca7c,8/9/2019 5:28:27 PM,jdpeacock_ncdenr,11/3/2023 9:02:29 PM,jdpeacock_ncdenr,709 Sunnyvale Drive,Wilmington,New Hanover,Kathleen Markey,42.14,3/24/2023 12:00:00 AM,-77.9360734040658,34.1735057312719,"https://www.google.com/maps/dir/?api=1&destination=34.17350573127187,-77.9360734040658&travelmode=driving",,2321828.1005248,155861.892210647
3083,2304819060,23048-19-060,Metrolina Speedway,Recorded,c02e5b23-3711-4842-acc2-3306702c41ae,8/9/2019 6:19:28 PM,jdpeacock_ncdenr,11/3/2023 9:02:29 PM,jdpeacock_ncdenr,4916 Airway Avenue,Charlotte,Mecklenburg,Jordan Thompson,39.7,9/10/2020 12:00:00 AM,-80.8350189734756,35.31868537912,"https://www.google.com/maps/dir/?api=1&destination=35.31868537911996,-80.835018973475556&travelmode=driving",https://edocs.deq.nc.gov/WasteManagement/ElectronicFile.aspx?docid=1516983&dbid=0&repo=WasteManagement,1452650.28606239,575968.425355479
3084,2304919032,23049-19-045,Robinson Terrace South,Recorded,89390d2e-fd3f-47d3-9416-417ae671abb5,8/29/2019 3:40:18 PM,jdpeacock_ncdenr,9/9/2024 8:05:14 PM,jdpeacock_ncdenr,810 Robinson Terrace,Hendersonville,Henderson,BRS-Property Management,3.49,11/10/2020 12:00:00 AM,-82.4545979496484,35.3242848943114,"https://www.google.com/maps/dir/?api=1&destination=35.324284894311425,-82.454597949648388&travelmode=driving",https://edocs.deq.nc.gov/WasteManagement/ElectronicFile.aspx?docid=1517423&dbid=0&repo=WasteManagement,969781.534938306,590874.925726146
3085,2305019080,23050-19-080,Wise Oil (RFR),Pending,8a2e9d72-9fbd-4fd3-8109-0ec9b62f31f7,10/4/2019 1:50:07 PM,jdpeacock_ncdenr,11/5/2024 5:14:07 PM,jdpeacock_ncdenr,606 Hwy 29,China Grove,Rowan,Aditi Posek,2.38,8/29/2019 12:00:00 AM,-80.5725265363823,35.5680335567364,"https://www.google.com/maps/dir/?api=1&destination=35.568033556736367,-80.57252653638228&travelmode=driving",,1532377.13120155,665366.01690115
3086,2308019065,23080-19-065,Almont Shipping 2,Recorded,3cb7d827-0463-46fe-bc86-404a07a5f134,10/4/2019 2:03:08 PM,jdpeacock_ncdenr,11/6/2025 7:43:40 PM,jdpeacock_ncdenr,"19, 41 Harnett Street",Wilmington,New Hanover,Joselyn Harriger,.95,1/13/2023 12:00:00 AM,-77.9510981330133,34.2469195481141,"https://www.google.com/maps/dir/?api=1&destination=34.2469195481141,-77.951098133013275&travelmode=driving",,2317001.13314463,182530.518335223
3087,2305219060,23052-19-060,Southern Steel Co,Recorded,8aed55a1-8cdd-43ca-9780-126c79a2369b,10/4/2019 2:15:56 PM,jdpeacock_ncdenr,11/3/2023 9:02:30 PM,jdpeacock_ncdenr,3015 Wilkinson Blvd.,Charlotte,Mecklenburg,Carolyn Minnich,5.18,5/26/2021 12:00:00 AM,-80.8895869724229,35.2229095084908,"https://www.google.com/maps/dir/?api=1&destination=35.2229095084908,-80.88958697242292&travelmode=driving",https://edocs.deq.nc.gov/WasteManagement/ElectronicFile.aspx?docid=1626612&dbid=0&repo=WasteManagement,1435712.1857523,541422.704420805
3088,2305319060,23053-19-060,Cotton Seed Oil Mill (RN),Recorded,1cf74527-59fb-4647-ad50-b0a1a82df360,10/4/2019 2:32:02 PM,jdpeacock_ncdenr,11/3/2023 9:02:30 PM,jdpeacock_ncdenr,300 Rampart St,Charlotte,Mecklenburg,Bill Schmithorst,2.4,8/28/2020 12:00:00 AM,-80.8653738804437,35.2092665251172,"https://www.google.com/maps/dir/?api=1&destination=35.2092665251172,-80.86537388044368&travelmode=driving",https://edocs.deq.nc.gov/WasteManagement/ElectronicFile.aspx?docid=1516954&dbid=0&repo=WasteManagement,1442848.80435306,536321.542379066
3089,2305419054,23054-19-054,Mallard Griffin Lumber Co. (RFR),No Further Interest,519066e0-b046-45dd-a1ba-42d23803cdc0,10/7/2019 2:23:04 PM,jdpeacock_ncdenr,11/3/2023 9:02:31 PM,jdpeacock_ncdenr,1304 W. Vernon Avenue ,Kinston,Lenoir,Shristi Shrestha,5.62,9/27/2023 12:00:00 AM,-77.599396283038,35.2696044449286,"https://www.google.com/maps/dir/?api=1&destination=35.26960444492861,-77.599396283038047&travelmode=driving",,2418035.64334555,555995.477768645
3090,2305519060,23055-19-060,Battery & Ignition Distribution,Recorded,4a6e8fb0-c6f7-4bd1-9627-8ec8d140dc34,10/7/2019 2:36:29 PM,jdpeacock_ncdenr,11/3/2023 9:02:31 PM,jdpeacock_ncdenr,"3631 Tryclan Dr; 3700 Ellenwood Pl
",Charlotte,Mecklenburg,Carolyn Minnich,1.68,1/19/2022 12:00:00 AM,-80.8770077992393,35.1937419182556,"https://www.google.com/maps/dir/?api=1&destination=35.19374191825555,-80.87700779923932&travelmode=driving",https://edocs.deq.nc.gov/WasteManagement/ElectronicFile.aspx?docid=1749117&dbid=0&repo=WasteManagement,1439267.55921897,530737.973821804
3091,2305619060,23056-19-060,Affordable Custom Iron (RN),Recorded,eecef157-71ce-4124-93da-95243a62c75b,10/7/2019 2:51:10 PM,jdpeacock_ncdenr,11/3/2023 9:02:31 PM,jdpeacock_ncdenr,3804 South Boulevard,Charlotte,Mecklenburg,Bill Schmithorst,3.87,11/23/2020 5:00:00 AM,-80.8755171045494,35.1926061769753,"https://www.google.com/maps/dir/?api=1&destination=35.19260617697529,-80.875517104549445&travelmode=driving",https://edocs.deq.nc.gov/WasteManagement/ElectronicFile.aspx?docid=1517420&dbid=0&repo=WasteManagement,1439705.0242233,530316.285688818
3092,2305719060,23057-19-060,Charlotte Van and Storage Co (RN),Recorded,47fb5826-04e3-4a2d-a770-08c3d4d63213,10/7/2019 4:05:18 PM,jdpeacock_ncdenr,11/3/2023 9:02:31 PM,jdpeacock_ncdenr,"213 Verbena St; 4607, 4615 Gilead St.",Charlotte,Mecklenburg,Peter Doorn,5.91,9/10/2021 5:00:00 AM,-80.881329483446,35.1834513688115,"https://www.google.com/maps/dir/?api=1&destination=35.1834513688115,-80.88132948344598&travelmode=driving",https://edocs.deq.nc.gov/WasteManagement/ElectronicFile.aspx?docid=1626523&dbid=0&repo=WasteManagement,1437905.69022356,527017.915973231
3093,2305819060,23058-19-060,Durable Wood,Inactive Eligible,084ac9bd-8f04-416e-9678-30180fa1c657,10/7/2019 5:31:01 PM,jdpeacock_ncdenr,10/14/2025 9:25:14 PM,jdpeacock_ncdenr,7901 Pence Road,Charlotte,Mecklenburg,Carolyn Minnich,11.9,10/1/2025 12:00:00 AM,-80.6985154803955,35.2210213562502,"https://www.google.com/maps/dir/?api=1&destination=35.221021356250226,-80.69851548039554&travelmode=driving",,1492754.35447614,539704.40733248
3094,2305919034,23059-19-034,HP Fabrics-Kimwell (RN),Recorded,79900d82-57fa-4571-9848-2f06a5d80f38,10/7/2019 5:57:42 PM,jdpeacock_ncdenr,11/3/2023 9:02:32 PM,jdpeacock_ncdenr,3760 Kimwel Drive,Winston-Salem,Forsyth,Caroline Goodwin,4.02,10/12/2020 4:00:00 PM,-80.3220349767804,36.0447051897537,"https://www.google.com/maps/dir/?api=1&destination=36.04470518975375,-80.322034976780415&travelmode=driving",https://edocs.deq.nc.gov/WasteManagement/ElectronicFile.aspx?docid=1517424&dbid=0&repo=WasteManagement,1609171.84572205,837772.079568639
3096,2306119060,23061-19-060,Caraustar and Savona Mills,Recorded,9c52d1dd-1527-4214-a117-33d6f74c8c78,11/13/2019 7:49:18 PM,jdpeacock_ncdenr,2/27/2024 8:24:30 PM,jdpeacock_ncdenr,"326, 400, 401, 404, 408, 411, 412, 418, 420, 428, 432, 440, 528 S. Gardner Ave; 2425, 2426, 2636 Chamberlain Ave; 524, 532, 536 State St; 525 Coxe Ave",Charlotte,Mecklenburg,Bill Schmithorst,30.4,1/10/2024 12:00:00 AM,-80.8673642598926,35.2429832717807,"https://www.google.com/maps/dir/?api=1&destination=35.2429832717807,-80.8673642598926&travelmode=driving",,1442485.2017338,548601.580482975
3097,2306019060,23060-19-060,Philcron Automotive II,Recorded,2100a9d8-165d-41bc-9b81-4374545a4129,11/13/2019 9:00:35 PM,jdpeacock_ncdenr,1/4/2024 6:47:55 PM,jdpeacock_ncdenr,2161 Hawkins Street,Charlotte,Mecklenburg,Peter Doorn,1.55,12/28/2023 12:00:00 AM,-80.8626364095966,35.2084841602495,"https://www.google.com/maps/dir/?api=1&destination=35.208484160249455,-80.8626364095966&travelmode=driving",https://edocs.deq.nc.gov/WasteManagement/ElectronicFile.aspx?docid=1825634&dbid=0&repo=WasteManagement,1443660.99695438,536021.502952889
3098,2306219060,23062-19-060,Herrin Brothers Coal & Ice,Recorded,6332a27e-7032-4d29-9250-f0e5067feb6f,11/13/2019 9:16:41 PM,jdpeacock_ncdenr,11/3/2023 9:02:33 PM,jdpeacock_ncdenr,"315, 319, 321 E 36Th Street",Charlotte,Mecklenburg,Jordan Thompson,10.47,2/10/2022 12:00:00 AM,-80.8050938423867,35.2502401241269,"https://www.google.com/maps/dir/?api=1&destination=35.250240124126947,-80.805093842386725&travelmode=driving",https://edocs.deq.nc.gov/WasteManagement/ElectronicFile.aspx?docid=1750486&dbid=0&repo=WasteManagement,1461122.43972172,550898.356073141
3099,2306319060,23063-19-060,Strawn Cottages,Active Eligible,3f705819-aa04-4da7-b4e6-b1c290561ede,11/14/2019 8:11:52 PM,jdpeacock_ncdenr,10/14/2025 9:09:40 PM,jdpeacock_ncdenr,1301 South Blvd.; 1221 S. Caldwell St.,Charlotte,Mecklenburg,Jordan Thompson,1,6/10/2020 12:00:00 AM,-80.8520849455723,35.2156206087924,"https://www.google.com/maps/dir/?api=1&destination=35.21562060879245,-80.85208494557233&travelmode=driving",,1446860.63884905,538559.351879805
3100,2306419060,23064-19-060,Dick Keffer Pontiac Buick GMC (RN),Recorded,8e611db5-3a95-4d0b-b4a0-b4b8debdc8e7,1/9/2020 8:50:22 PM,jdpeacock_ncdenr,11/3/2023 9:02:33 PM,jdpeacock_ncdenr,1001 Tyvola Rd.; 450 Minuet Lane,Charlotte,Mecklenburg,Peter Doorn,12.12,12/29/2021 5:00:00 AM,-80.8798044090558,35.1668937493043,"https://www.google.com/maps/dir/?api=1&destination=35.16689374930432,-80.8798044090558&travelmode=driving",https://edocs.deq.nc.gov/WasteManagement/ElectronicFile.aspx?docid=1637027&dbid=0&repo=WasteManagement,1438247.18724397,520984.352252975
3101,2306519060,23065-19-060,Bancroft Warehouse,Ineligible,ef8a052f-223a-40ae-a88a-c4fd382f81c8,1/9/2020 9:07:21 PM,jdpeacock_ncdenr,11/3/2023 9:02:34 PM,jdpeacock_ncdenr,1900 Bancroft Street,Charlotte,Mecklenburg,Cody Cannon,3.73,3/16/2020 12:00:00 AM,-80.8289800430854,35.2448640535894,"https://www.google.com/maps/dir/?api=1&destination=35.244864053589438,-80.82898004308535&travelmode=driving",,1453956.39795147,549072.610708892
3102,2306619092,23066-19-092,400 N. Mason (RN),Recorded,7e85324d-280a-4900-8b2f-be7b034a9d0e,1/10/2020 7:31:14 PM,jdpeacock_ncdenr,11/5/2024 5:21:49 PM,jdpeacock_ncdenr,"400, 450 N. Mason Street",Apex,Wake,Stephanie Hempel,2.82,4/1/2022 2:46:00 PM,-78.844244090468,35.7333697303176,"https://www.google.com/maps/dir/?api=1&destination=35.733369730317577,-78.84424409046798&travelmode=driving",https://edocs.deq.nc.gov/WasteManagement/ElectronicFile.aspx?docid=1755679&dbid=0&repo=WasteManagement,2046225.58480181,721877.347775891
3103,2306719060,23067-19-060,Blythe Isenhour (RN),Recorded,bdc3b680-74b6-4074-9762-91f86b5fe710,1/10/2020 8:35:43 PM,jdpeacock_ncdenr,11/3/2023 9:02:34 PM,jdpeacock_ncdenr,4920 Old Pineville Road,Charlotte,Mecklenburg,Peter Doorn,1.67,12/10/2021 5:00:00 AM,-80.8796508434697,35.1731623334445,"https://www.google.com/maps/dir/?api=1&destination=35.1731623334445,-80.8796508434697&travelmode=driving",https://edocs.deq.nc.gov/WasteManagement/ElectronicFile.aspx?docid=1637035&dbid=0&repo=WasteManagement,1438336.26777448,523264.473348901
3105,2306919060,23069-19-060,Thonit A Simmons Co (RN),Recorded,986e7d39-3817-4864-986f-efad8b6efda8,1/27/2020 3:12:47 PM,jdpeacock_ncdenr,11/3/2023 9:02:35 PM,jdpeacock_ncdenr,11900 Steele Creek Road,Charlotte,Mecklenburg,Peter Doorn,11.03,4/14/2021 12:00:00 AM,-80.981030073245,35.1306930888817,"https://www.google.com/maps/dir/?api=1&destination=35.13069308888174,-80.98103007324495&travelmode=driving",https://edocs.deq.nc.gov/WasteManagement/ElectronicFile.aspx?docid=1626613&dbid=0&repo=WasteManagement,1407738.3066608,508400.325583816
3106,2307019060,23070-19-060,Red Carpet Inn,Recorded,a4cc1a3d-e446-4553-937c-2c91c5a7c9dd,1/27/2020 3:29:55 PM,jdpeacock_ncdenr,11/3/2023 9:02:35 PM,jdpeacock_ncdenr,615 E. Morehead Street,Charlotte,Mecklenburg,Bill Schmithorst,2.84,1/18/2022 12:00:00 AM,-80.8460438571069,35.2169165135444,"https://www.google.com/maps/dir/?api=1&destination=35.21691651354443,-80.846043857107&travelmode=driving",https://edocs.deq.nc.gov/WasteManagement/ElectronicFile.aspx?docid=1749041&dbid=0&repo=WasteManagement,1448673.42065655,538997.300807059
3107,2307119032,23071-19-032,The Vega (RN),Recorded,c897b4dd-3eb5-4946-b08d-3bcd774f5275,1/27/2020 3:45:30 PM,jdpeacock_ncdenr,12/5/2023 3:49:45 PM,jdpeacock_ncdenr,"214, 216 Hunt Street",Durham,Durham,Claire Sorrell,0.61,6/1/2023 12:00:00 AM,-78.90049963545,36.0001943808556,"https://www.google.com/maps/dir/?api=1&destination=36.00019438085561,-78.900499635450018&travelmode=driving",,2029432.88938464,818981.260523066
3108,2307219034,23072-19-034,Kerner Village Shopping Ctr (RN),Recorded,7fd346fc-03d9-4fc4-ac78-f22c32bef27d,1/27/2020 4:06:54 PM,jdpeacock_ncdenr,11/3/2023 9:02:35 PM,jdpeacock_ncdenr,"813, 835 S Main Street",Kernersville,Forsyth,Bill Schmithorst,14.94,6/22/2021 12:00:00 AM,-80.0866785936416,36.1106229515625,"https://www.google.com/maps/dir/?api=1&destination=36.1106229515625,-80.086678593641565&travelmode=driving",https://edocs.deq.nc.gov/WasteManagement/ElectronicFile.aspx?docid=1626614&dbid=0&repo=WasteManagement,1679009.09417063,860922.822965235
3109,2307319011,23073-19-011,JJQ Investments (RFR),RFR PC Complete,4eb797ee-81a9-455f-8e46-d596e3ff0c5c,1/27/2020 6:09:59 PM,jdpeacock_ncdenr,1/6/2026 5:31:05 PM,jdpeacock_ncdenr,194 Haywood Road,Asheville,Buncombe,Caroline Goodwin,0.47,10/7/2025 12:00:00 AM,-82.5735799016982,35.5803605754047,"https://www.google.com/maps/dir/?api=1&destination=35.58036057540471,-82.5735799016982&travelmode=driving",,937680.541069552,685228.712411895
3110,2307419060,23074-19-060,Bookers Garage,Recorded,015e29ae-c769-4f57-bbc8-f0f03cd24363,2/4/2020 3:50:45 PM,jdpeacock_ncdenr,11/3/2023 9:02:36 PM,jdpeacock_ncdenr,1113-1121 Seigle Av; 820 E. 15Th St,Charlotte,Mecklenburg,Sharon Eckard,0.53,6/20/2023 12:00:00 AM,-80.8217144359747,35.2292500820992,"https://www.google.com/maps/dir/?api=1&destination=35.2292500820992,-80.8217144359747&travelmode=driving",,1456021.03391406,543351.04931739
3111,2307519060,23075-19-060,Latta Park,Recorded,2c1ed102-2f63-4d07-afbc-1dea76e39287,2/4/2020 4:27:54 PM,achakravarty_ncdenr,11/3/2023 9:02:36 PM,jdpeacock_ncdenr,1417 Waverly Avenue,Charlotte,Mecklenburg,Caroline Goodwin,1.73,1/21/2021 12:00:00 AM,-80.8419892585521,35.2051998890027,"https://www.google.com/maps/dir/?api=1&destination=35.2051998890027,-80.841989258552147&travelmode=driving",https://edocs.deq.nc.gov/WasteManagement/ElectronicFile.aspx?docid=1626615&dbid=0&repo=WasteManagement,1449805.08243522,534711.347436726
3112,2307619092,23076-19-092,Raleigh MGP II,Recorded,c246eaf3-e95f-4cdb-b252-0de6504f708c,2/4/2020 8:33:45 PM,achakravarty_ncdenr,8/7/2026 5:05:12 PM,jdpeacock_ncdenr,"400 S West St; 561, 600 W Cabarrus St",Raleigh,Wake,Sydney Janda,5.9,10/20/2023 11:31:00 AM,-78.647488372843,35.7752495326872,"https://www.google.com/maps/dir/?api=1&destination=35.77524953268718,-78.647488372842957&travelmode=driving",,2104563.85427989,737270.590611398
3113,2307719060,23077-19-060,Diversey Water Technologies,Recorded,f0402ccd-f067-4d0f-92d0-7004fa0083ef,2/4/2020 9:10:27 PM,achakravarty_ncdenr,9/9/2024 8:07:25 PM,jdpeacock_ncdenr,"1200, 1208,1210, And 1212 S. Mint Street; 1201 S. Graham Street",Charlotte,Mecklenburg,BRS-Property Management,1.60,8/20/2021 12:00:00 AM,-80.8570823313491,35.2222037636474,"https://www.google.com/maps/dir/?api=1&destination=35.22220376364738,-80.85708233134913&travelmode=driving",https://edocs.deq.nc.gov/WasteManagement/ElectronicFile.aspx?docid=1626526&dbid=0&repo=WasteManagement,1445413.12140289,540982.717767984
3114,2307810092,23078-19-092,Progress Court (West Bros. Transfer),Recorded,d2d5e432-a397-494d-8b03-1bad91f5157d,2/4/2020 9:32:24 PM,achakravarty_ncdenr,1/16/2024 5:48:57 PM,jdpeacock_ncdenr,"2000, 2001, 2020 Progress Ct.; 2040, 2038, 2034, 2032, 2030, 2028, 2018, 2016, 2014, 2012, 2010 Wake Forest Rd.; 1007, 1017, 1021 1019 E. Whitaker Mill Rd.",Raleigh,Wake,Shristi Shrestha,11.44,12/29/2023 12:00:00 AM,-78.6237024685944,35.808913582757,"https://www.google.com/maps/dir/?api=1&destination=35.808913582757,-78.623702468594388&travelmode=driving",https://edocs.deq.nc.gov/WasteManagement/ElectronicFile.aspx?docid=1826381&dbid=0&repo=WasteManagement,2111572.81860839,749549.949582815
3115,2308719092,23087-19-092,Downtown South - Raleigh Reclamation,Active Eligible,cd42c73a-0253-4cda-9076-f90afab5cad7,2/5/2020 8:06:23 PM,achakravarty_ncdenr,9/9/2024 6:13:04 PM,jdpeacock_ncdenr,"95, 125, 137 Bluff St.;201, 212, 228, 232, 235, 239 Walker St.; 1938, 2100 S. Wilmington St.",Raleigh,Wake,Stephanie Graham,11.02,8/15/2024 12:00:00 AM,-78.6429086305682,35.7554689532556,"https://www.google.com/maps/dir/?api=1&destination=35.7554689532556,-78.64290863056823&travelmode=driving",,2105948.20452955,730075.522324398
3116,2305119065,23051-19-065,Wilmington Waterfront,No Further Interest,1e193d41-18cb-42bf-a2f2-e745c1c5a174,2/20/2020 7:58:19 PM,jdpeacock_ncdenr,11/3/2023 9:02:38 PM,jdpeacock_ncdenr,41 Harnett Street,Wilmington,New Hanover,Caroline Goodwin,.95,1/7/2020 12:00:00 AM,-77.9502351236302,34.2470078988915,"https://www.google.com/maps/dir/?api=1&destination=34.24700789889149,-77.95023512363018&travelmode=driving",,2317261.60309614,182565.428042307
3117,2307919032,23079-19-032,Northern Telecom,Recorded,b629be5d-c04b-47c4-97a3-9168a2920127,2/20/2020 8:13:10 PM,jdpeacock_ncdenr,9/9/2024 8:05:14 PM,jdpeacock_ncdenr,"4001, 4151 East Nc Hwy 54
",Durham,Durham,BRS-Property Management,94.89,8/16/2022 12:00:00 AM,-78.8533177003114,35.888882334363,"https://www.google.com/maps/dir/?api=1&destination=35.888882334362968,-78.85331770031142&travelmode=driving",https://edocs.deq.nc.gov/WasteManagement/ElectronicFile.aspx?docid=1755876&dbid=0&repo=WasteManagement,2043449.10708706,778479.37958473
3118,2308119060,23081-19-060,Kroehler Manufacturing (RN),Recorded,67764217-a684-4f75-83bd-460d588fc045,2/21/2020 4:33:08 PM,jdpeacock_ncdenr,11/3/2023 9:02:38 PM,jdpeacock_ncdenr,3412 Monroe Road,Charlotte,Mecklenburg,Bill Schmithorst,6.55,7/7/2021 12:00:00 AM,-80.7996146920339,35.2011349001323,"https://www.google.com/maps/dir/?api=1&destination=35.2011349001323,-80.79961469203388&travelmode=driving",https://edocs.deq.nc.gov/WasteManagement/ElectronicFile.aspx?docid=1626616&dbid=0&repo=WasteManagement,1462433.99549755,533000.008339733
3119,2308219060,23082-19-060,Huttig Sash and Door Co.,Recorded,dd105800-1375-4574-8d2a-f82faf0cefce,2/21/2020 4:51:08 PM,jdpeacock_ncdenr,9/9/2024 8:05:14 PM,jdpeacock_ncdenr,"929, 1018 Jay Street",Charlotte,Mecklenburg,BRS-Property Management,8.88,8/19/2021 12:00:00 AM,-80.8717453901203,35.2346094055828,"https://www.google.com/maps/dir/?api=1&destination=35.234609405582837,-80.87174539012028&travelmode=driving",https://edocs.deq.nc.gov/WasteManagement/ElectronicFile.aspx?docid=1626525&dbid=0&repo=WasteManagement,1441119.87736472,545579.125569895
3120,2308319092,23083-19-092,Cornell Dubilier,Active Eligible,ff44bcfc-4e3c-4300-8adc-56762679ed20,2/21/2020 5:03:43 PM,jdpeacock_ncdenr,12/5/2023 3:49:45 PM,jdpeacock_ncdenr,118 E. Jones St.; 131 N. Fuquay Ave.,Fuquay-Varina,Wake,Lauren Fleming,3.24,9/27/2019 12:00:00 AM,-78.7987603226409,35.5859397628783,"https://www.google.com/maps/dir/?api=1&destination=35.58593976287832,-78.79876032264093&travelmode=driving",,2059832.88731155,668240.144683063
3121,2308419068,23084-19-068,Schrifts Mart,No Further Interest,26433493-8ba5-4e85-b35f-0e2971bfb76b,2/21/2020 5:17:16 PM,jdpeacock_ncdenr,11/3/2023 9:02:39 PM,jdpeacock_ncdenr,1908-2032 Nc Hwy 86,Hillsborough,Orange,Holly Samaha,23.01,3/15/2023 12:00:00 AM,-79.0781468100198,36.0561264212674,"https://www.google.com/maps/dir/?api=1&destination=36.05612642126744,-79.07814681001976&travelmode=driving",,1976901.11190248,839336.355967641
3122,2308519060,23085-19-060,Johnston Mill (RN),Recorded,f522aa20-e151-4623-9624-a7ffe5b4e30e,2/21/2020 5:44:26 PM,jdpeacock_ncdenr,6/3/2025 9:25:07 PM,jdpeacock_ncdenr,401-407 E. 36 St; 3315 N. Davidson St,Charlotte,Mecklenburg,Andrew Goodwin,5.414,1/27/2022 12:00:00 AM,-80.804232933329,35.2488904830642,"https://www.google.com/maps/dir/?api=1&destination=35.248890483064187,-80.804232933329018&travelmode=driving",https://edocs.deq.nc.gov/WasteManagement/ElectronicFile.aspx?docid=1749038&dbid=0&repo=WasteManagement,1461370.49335948,550402.568350807
3123,2308619060,23086-19-060,Nebel Knitting (RN),Recorded,f8309d08-db51-4403-8735-80843534d4d1,2/21/2020 5:52:08 PM,jdpeacock_ncdenr,6/3/2025 9:25:07 PM,jdpeacock_ncdenr,"1812,1816,1820 South Boulevard",Charlotte,Mecklenburg,Andrew Goodwin,2.05,8/31/2022 12:00:00 AM,-80.8588717298101,35.2117255664126,"https://www.google.com/maps/dir/?api=1&destination=35.2117255664126,-80.8588717298101&travelmode=driving",https://edocs.deq.nc.gov/WasteManagement/ElectronicFile.aspx?docid=1770349&dbid=0&repo=WasteManagement,1444807.40411039,537179.908772558
3124,2308819060,23088-19-060,Electrical Apparatus & Machine Co,Recorded,8fc5af7a-aab4-4006-8a15-996421ae7b62,2/21/2020 8:24:25 PM,jdpeacock_ncdenr,11/3/2023 9:02:40 PM,jdpeacock_ncdenr,"308 West Carson Blvd.; 1115, 1127 South Mint St.; 308 West Palmer St.",Charlotte,Mecklenburg,Carolyn Minnich,2.158,3/5/2021 12:00:00 AM,-80.8554030394645,35.2221250468559,"https://www.google.com/maps/dir/?api=1&destination=35.222125046855858,-80.85540303946453&travelmode=driving",https://edocs.deq.nc.gov/WasteManagement/ElectronicFile.aspx?docid=1626826&dbid=0&repo=WasteManagement,1445914.02099164,540944.696846649
3125,2308919011,23089-19-011,Swannanoa Laundry,Inactive Eligible,21337fac-89f8-4aa7-a2e2-baf44e5c66d1,2/21/2020 8:45:46 PM,jdpeacock_ncdenr,10/7/2024 10:08:38 PM,jdpeacock_ncdenr,22 Church Street,Asheville,Buncombe,Caroline Goodwin,0.48,7/31/2024 12:00:00 AM,-82.5527978725668,35.5940948584042,"https://www.google.com/maps/dir/?api=1&destination=35.594094858404247,-82.552797872566757&travelmode=driving",,944022.760012388,690046.062029138
3126,2400120060,24001-20-060,REEP-LRC II (RN),Recorded,b74225ca-7641-463e-86a5-8661939c4d39,2/21/2020 8:59:17 PM,jdpeacock_ncdenr,11/3/2023 9:02:40 PM,jdpeacock_ncdenr,"1900, 1942 Continental Blvd",Charlotte,Mecklenburg,Bill Schmithorst,16.42,7/5/2023 12:00:00 AM,-80.9267884264016,35.129846440129,"https://www.google.com/maps/dir/?api=1&destination=35.12984644012902,-80.9267884264016&travelmode=driving",,1423946.72043814,507773.069292396
3127,2400220060,24002-20-060,Sherwin Williams (RN),Recorded,ab3428c2-1b10-490e-b85d-a0fd1c828b2b,2/21/2020 9:23:34 PM,jdpeacock_ncdenr,11/3/2023 9:02:40 PM,jdpeacock_ncdenr,"1314, 1318, 1322, 1324, 1326, 1330, 1332, 1334, 1336, 1400, 1404, 1426 Central Ave; 1101, 1111, 1113, 1117, 1237 Pecan Avenue",Charlotte,Mecklenburg,Bill Schmithorst,12,10/11/2021 5:00:00 PM,-80.8149643726003,35.2195499090332,"https://www.google.com/maps/dir/?api=1&destination=35.219549909033155,-80.81496437260034&travelmode=driving",https://edocs.deq.nc.gov/WasteManagement/ElectronicFile.aspx?docid=1626514&dbid=0&repo=WasteManagement,1457971.89484172,539784.393064901
3128,2400320060,24003-20-060,North Davidson II,Recorded,14edc2f7-8f7e-497d-a5da-80e891a9136a,2/21/2020 9:36:33 PM,jdpeacock_ncdenr,11/3/2023 9:02:41 PM,jdpeacock_ncdenr,2315 N. Davidson St.; 421 E. 26Th St.,Charlotte,Mecklenburg,Bill Schmithorst,3.79,5/26/2021 12:00:00 AM,-80.8149191085321,35.2412957582871,"https://www.google.com/maps/dir/?api=1&destination=35.24129575828705,-80.814919108532067&travelmode=driving",https://edocs.deq.nc.gov/WasteManagement/ElectronicFile.aspx?docid=1626804&dbid=0&repo=WasteManagement,1458130.09728122,547697.115756482
3129,2400420060,24004-20-060,Seventh Street Properties,Recorded,10ad8ee7-d2bf-4aab-96b2-e0e35f1ddb55,2/21/2020 9:54:30 PM,jdpeacock_ncdenr,11/3/2023 9:02:41 PM,jdpeacock_ncdenr,"1924, 1926, 1936, 1940, 1942, 1950, 1958 E. 7Th St
",Charlotte,Mecklenburg,Carolyn Minnich,1.68,4/22/2021 12:00:00 AM,-80.8191440993374,35.2127709224049,"https://www.google.com/maps/dir/?api=1&destination=35.2127709224049,-80.819144099337365&travelmode=driving",https://edocs.deq.nc.gov/WasteManagement/ElectronicFile.aspx?docid=1626822&dbid=0&repo=WasteManagement,1456678.57360947,537340.482926473
3130,2400520060,24005-20-060,Youngs Auto Repair,Active Eligible,f5d9755a-75de-41da-a9e7-e25b7447b087,2/24/2020 6:23:01 PM,jdpeacock_ncdenr,11/3/2023 9:02:41 PM,jdpeacock_ncdenr,"1501, 1515 South Blvd.",Charlotte,Mecklenburg,Caroline Goodwin,.57,3/16/2020 12:00:00 AM,-80.8545519443484,35.2141241689569,"https://www.google.com/maps/dir/?api=1&destination=35.2141241689569,-80.854551944348358&travelmode=driving",,1446113.76140581,538028.581943974
3131,2400620060,24006-20-060,Clorox-GE Facility,Recorded,b6c60fc0-a248-4979-afd0-767cde1bd8ce,2/24/2020 6:54:24 PM,jdpeacock_ncdenr,3/7/2025 10:11:47 PM,jdpeacock_ncdenr,700 Tuskaseegee Rd.; 800 Gesco St.,Charlotte,Mecklenburg,Joshawa Billiot,7.41,8/14/2020 12:00:00 AM,-80.8686939097979,35.237686687989,"https://www.google.com/maps/dir/?api=1&destination=35.237686687989,-80.868693909797855&travelmode=driving",https://edocs.deq.nc.gov/WasteManagement/ElectronicFile.aspx?docid=1516949&dbid=0&repo=WasteManagement,1442051.98672096,546681.724086478
3132,200798091,02007-98-091,Idaho Timber,Ineligible,cd88e93d-d9d0-4ea6-a502-14b88fef1fc9,3/6/2020 7:05:58 PM,jdpeacock_ncdenr,3/7/2025 11:13:05 PM,jdpeacock_ncdenr,Nicholas St,Henderson,Vance,Tony Duque,,6/1/1998 12:00:00 AM,-78.4063732095411,36.3101903897758,"https://www.google.com/maps/dir/?api=1&destination=36.3101903897758,-78.406373209541087&travelmode=driving",,2174918.98522289,932342.515099317
3133,201298054,02012-98-054,Dimon Property,No Further Interest,80c20ca3-e79b-4f6f-8ad0-91a90008b9c2,3/6/2020 7:05:58 PM,jdpeacock_ncdenr,3/7/2025 11:13:05 PM,jdpeacock_ncdenr,W South St,Kinston,Lenoir,Tony Duque,,12/31/1998 12:00:00 AM,-77.5825245424883,35.2553361050188,"https://www.google.com/maps/dir/?api=1&destination=35.255336105018827,-77.582524542488258&travelmode=driving",,2423145.11803472,550874.565438315
3134,300499034,03004-99-034,Stratford Metals,Ineligible,dd2f29db-e758-4c3b-beff-9fc271574b66,3/6/2020 7:05:59 PM,jdpeacock_ncdenr,3/7/2025 11:13:05 PM,jdpeacock_ncdenr,807 S Marshall St,Winston-Salem,Forsyth,Tony Duque,,10/1/1999 12:00:00 AM,-80.2437569995189,36.0842219998815,"https://www.google.com/maps/dir/?api=1&destination=36.084221999881457,-80.24375699951892&travelmode=driving",,1632491.8945543,851857.276135728
3135,201398045,02013-98-045,Cranston Print Works,No Further Interest,a57cc47d-2a7a-46fb-b691-4f038a4c8688,3/6/2020 7:05:59 PM,jdpeacock_ncdenr,3/7/2025 11:13:05 PM,jdpeacock_ncdenr,6515 Hendersonville Rd,Fletcher,Henderson,Tony Duque,,7/17/2002 12:00:00 AM,-82.5032901219449,35.4240793562449,"https://www.google.com/maps/dir/?api=1&destination=35.4240793562449,-82.503290121944886&travelmode=driving",,956548.202809215,627681.837348387
3136,200198092,02001-98-092,Old Crabtree Landfill,No Further Interest,ef1972e9-7368-4f47-b7e8-29f0ec94df56,3/6/2020 7:06:00 PM,jdpeacock_ncdenr,3/7/2025 11:13:05 PM,jdpeacock_ncdenr,Leadmine Rd,Raleigh,Wake,Tony Duque,,2/28/1998 12:00:00 AM,-78.6704594601823,35.8376534280023,"https://www.google.com/maps/dir/?api=1&destination=35.83765342800233,-78.67045946018234&travelmode=driving",,2097674.72370122,759961.876921639
3137,400600091,04006-00-091,Heinz Pickle Plant,No Further Interest,47790db5-de84-4d15-8c02-133fcf8b48de,3/6/2020 7:06:00 PM,jdpeacock_ncdenr,3/7/2025 11:13:05 PM,jdpeacock_ncdenr,1703 Dabney Dr.,Henderson,Vance,Tony Duque,,8/14/2000 12:00:00 AM,-78.438110388142,36.3349544948542,"https://www.google.com/maps/dir/?api=1&destination=36.3349544948542,-78.43811038814198&travelmode=driving",,2165516.37345073,941303.929263055
3138,501501086,05015-01-086,Chatham Park,No Further Interest,54ae728e-f633-4db0-9d62-b90a6dced899,3/6/2020 7:06:01 PM,jdpeacock_ncdenr,3/7/2025 11:13:05 PM,jdpeacock_ncdenr,Nc Hwy 268,Elkin,Surry,Tony Duque,,8/11/2011 12:00:00 AM,-80.7900896874588,36.2666984054011,"https://www.google.com/maps/dir/?api=1&destination=36.266698405401087,-80.790089687458845&travelmode=driving",,1472272.60278881,920743.717430815
3139,600802086,06008-02-086,Chatham Manufacturing WWTP,No Further Interest,84a4ad36-9acd-4bd5-ab07-dafbdc3c358d,3/6/2020 7:06:01 PM,jdpeacock_ncdenr,3/7/2025 11:13:05 PM,jdpeacock_ncdenr,Nc Hwy 268,Elkin,Surry,Tony Duque,,2/9/2003 12:00:00 AM,-80.7900896874588,36.2666984054011,"https://www.google.com/maps/dir/?api=1&destination=36.266698405401087,-80.790089687458845&travelmode=driving",,1472272.60278881,920743.717430815
3140,400200034,04002-00-034,Camel City Cleaners,No Further Interest,b9b8adc0-8c1e-4363-a040-32fa74f24e3d,3/6/2020 7:06:01 PM,jdpeacock_ncdenr,3/7/2025 11:13:05 PM,jdpeacock_ncdenr,501 E 3Rd St,Winston-Salem,Forsyth,Tony Duque,,4/29/2004 12:00:00 AM,-80.2370295002375,36.0990359997177,"https://www.google.com/maps/dir/?api=1&destination=36.09903599971771,-80.2370295002375&travelmode=driving",,1634546.85205856,857224.85070239
3141,201498041,02014-98-041,Thermex Property,Ineligible,4f0eef01-bb15-41ed-abc8-2c4fc371efe4,3/6/2020 7:06:02 PM,jdpeacock_ncdenr,3/7/2025 11:13:05 PM,jdpeacock_ncdenr,Rock Quarry Road,Greensboro,Guilford,,,12/20/1998 12:00:00 AM,-79.6227301873869,36.1151489005609,"https://www.google.com/maps/dir/?api=1&destination=36.1151489005609,-79.622730187386878&travelmode=driving",,1816061.71179713,861390.465402648
3142,601202053,06012-02-053,Spanco Inc.,No Further Interest,63239389-32f3-4b7f-821b-4fd1c48650ad,3/6/2020 7:06:02 PM,jdpeacock_ncdenr,3/7/2025 11:13:05 PM,jdpeacock_ncdenr,1604 Boone Trail Rd,Sanford,Lee,Daphne Olszewski,,8/29/2002 12:00:00 AM,-79.2090765002386,35.5085099997689,"https://www.google.com/maps/dir/?api=1&destination=35.50850999976887,-79.209076500238638&travelmode=driving",,1937779.35123539,640062.997297317
3143,702603041,07026-03-041,"Resco Products, Inc.",No Further Interest,56ec47f8-4ade-4cba-aedd-922c3d78ada2,3/6/2020 7:06:03 PM,jdpeacock_ncdenr,3/7/2025 11:13:05 PM,jdpeacock_ncdenr,3515 W Wendover Ave,Greensboro,Guilford,Daphne Olszewski,,3/4/2005 12:00:00 AM,-79.8650753453473,36.0600847819201,"https://www.google.com/maps/dir/?api=1&destination=36.06008478192009,-79.8650753453473&travelmode=driving",,1744305.82282889,841882.349235222
3144,602102090,06021-02-090,Moser-Hall,Ineligible,9bb5880c-2962-4f6d-b7e4-29c21eaa7471,3/6/2020 7:06:03 PM,jdpeacock_ncdenr,3/7/2025 11:13:05 PM,jdpeacock_ncdenr,Idlewild Rd.; Mill Grove Rd.,Indian Trail,Union,Tony Duque,,12/31/2002 12:00:00 AM,-80.6325120005205,35.1050219996214,"https://www.google.com/maps/dir/?api=1&destination=35.105021999621378,-80.632512000520478&travelmode=driving",,1511769.65699664,497162.439923137
3145,802804013,08028-04-013,Prarie Plastics,No Further Interest,04f6d08d-f94b-4a4f-af52-9738599a276c,3/6/2020 7:06:03 PM,jdpeacock_ncdenr,3/7/2025 11:13:05 PM,jdpeacock_ncdenr,5210 Z Max Blvd,Harrisburg,Cabarrus,Lisa Taber,,4/4/2011 12:00:00 AM,-80.662484464216,35.3209198237663,"https://www.google.com/maps/dir/?api=1&destination=35.3209198237663,-80.66248446421598&travelmode=driving",,1504122.53679222,575874.944571316
3146,801204080,08012-04-080,Pillowtex Plant 1,No Further Interest,e3c5b730-84af-4833-b902-89b9f3b8f90c,3/6/2020 7:06:04 PM,jdpeacock_ncdenr,3/7/2025 11:13:05 PM,jdpeacock_ncdenr,1 Lake Circle Dr,Kannapolis,Rowan,Sandra Moore,,7/10/2004 12:00:00 AM,-80.5572713061104,35.5385022688258,"https://www.google.com/maps/dir/?api=1&destination=35.53850226882582,-80.55727130611042&travelmode=driving",,1536744.61229597,654547.339391559
3147,801104080,08011-04-080,Pillowtex WWTP,No Further Interest,f7997cb4-cec5-4774-a211-9ec6694d871f,3/6/2020 7:06:04 PM,jdpeacock_ncdenr,3/7/2025 11:13:05 PM,jdpeacock_ncdenr,West C Street & Glenn Ave.,Kannapolis,Rowan,Sandra Moore,,6/27/2004 12:00:00 AM,-80.6383304999627,35.5045139998528,"https://www.google.com/maps/dir/?api=1&destination=35.50451399985277,-80.63833049996266&travelmode=driving",,1512429.15174064,642566.548392564
3148,803704032,08037-04-032,JDS Uniphase,No Further Interest,c5e2fd73-6a6e-4386-b646-71040ba5884f,3/6/2020 7:06:04 PM,jdpeacock_ncdenr,3/7/2025 11:13:05 PM,jdpeacock_ncdenr,3026 Cornwallis Rd.,Research Triangle Park,Durham,Tony Duque,,6/4/2015 12:00:00 AM,-78.8748794994626,35.918964000405,"https://www.google.com/maps/dir/?api=1&destination=35.918964000405026,-78.87487949946258&travelmode=driving",,2037048.55755222,789420.631652311
3149,803204064,08032-04-064,Pender St Friendly Cleaners,No Further Interest,15d74ef1-1600-44eb-bc4c-a9e94067a41d,3/6/2020 7:06:04 PM,jdpeacock_ncdenr,3/7/2025 11:13:05 PM,jdpeacock_ncdenr,605 Pender St S,Wilson,Nash,Lisa Taber,,6/1/2005 12:00:00 AM,-77.9054400002795,35.7151679997908,"https://www.google.com/maps/dir/?api=1&destination=35.715167999790786,-77.90544000027951&travelmode=driving",,2324907.67376196,717007.12523289
3150,802304063,08023-04-063,Pride-Trimble Plant,No Further Interest,6b066a31-ed08-432d-ad8e-c6287c21afb4,3/6/2020 7:06:05 PM,jdpeacock_ncdenr,3/7/2025 11:13:05 PM,jdpeacock_ncdenr,Us 1 And Yadkin Rd.,Southern Pines,Moore,Daphne Olszewski,,2/3/2006 12:00:00 AM,-79.3826659602652,35.1909023216517,"https://www.google.com/maps/dir/?api=1&destination=35.19090232165168,-79.38266596026521&travelmode=driving",,1885673.49252081,524623.519515306
3151,804204034,08042-04-034,Millennium Fund,No Further Interest,ec14b88c-7422-4bb2-9f3c-fba0894a9c68,3/6/2020 7:06:05 PM,jdpeacock_ncdenr,3/7/2025 11:13:05 PM,jdpeacock_ncdenr,976 Brookstown Ave,Winston-Salem,Forsyth,Lisa Taber,,4/4/2011 12:00:00 AM,-80.2560004681831,36.0959720920012,"https://www.google.com/maps/dir/?api=1&destination=36.0959720920012,-80.25600046818309&travelmode=driving",,1628928.46959455,856179.939406395
3152,900105025,09001-05-025,Campbell-Everhart Site,No Further Interest,7ab350ca-f93b-4342-9eb1-bb02840d83c8,3/6/2020 7:06:05 PM,jdpeacock_ncdenr,3/7/2025 11:13:05 PM,jdpeacock_ncdenr,Old Cherry Point Rd,New Bern,Craven,Tony Duque,,6/4/2015 12:00:00 AM,-77.0078343944011,35.0514716339301,"https://www.google.com/maps/dir/?api=1&destination=35.051471633930078,-77.007834394401087&travelmode=driving",,2596170.57119572,479641.037630066
3153,902105025,09021-05-025,Texfi-New Bern,No Further Interest,7033ec70-12b8-4759-bae5-170a641ac7b1,3/6/2020 7:06:06 PM,jdpeacock_ncdenr,3/7/2025 11:13:05 PM,jdpeacock_ncdenr,Bosch Blvd,New Bern,Craven,Tony Duque,,6/4/2015 12:00:00 AM,-77.1065139163075,35.1372516499191,"https://www.google.com/maps/dir/?api=1&destination=35.13725164991912,-77.1065139163075&travelmode=driving",,2566048.2656268,510276.032790393
3154,900205080,09002-05-080,Color-Tex International,Ineligible,2f3809b8-4a34-4da6-8986-0c41cb58be0b,3/6/2020 7:06:06 PM,jdpeacock_ncdenr,3/7/2025 11:13:05 PM,jdpeacock_ncdenr,2555 N Us Highway 29,Salisbury,Rowan,Sandra Moore,,10/8/2007 12:00:00 AM,-80.3980031815649,35.7199058992084,"https://www.google.com/maps/dir/?api=1&destination=35.71990589920836,-80.398003181564945&travelmode=driving",,1585050.10689214,719862.311451644
3155,900905092,09009-05-092,Holmes Property,No Further Interest,45383a7d-dc5f-4a17-b5af-020e9d272749,3/6/2020 7:06:06 PM,jdpeacock_ncdenr,3/7/2025 11:13:05 PM,jdpeacock_ncdenr,498 Carolina Pines Ave. ,Raleigh,Wake,Tony Duque,,10/1/2013 12:00:00 AM,-78.6505769997458,35.7494580001996,"https://www.google.com/maps/dir/?api=1&destination=35.74945800019956,-78.65057699974582&travelmode=driving",,2103680.74482563,727879.510640308
3156,903105011,09031-05-011,Asheville Waste Paper Site,No Further Interest,9ba7a590-8772-4027-832d-bfad86c19178,3/6/2020 7:06:06 PM,jdpeacock_ncdenr,3/7/2025 11:13:05 PM,jdpeacock_ncdenr,131 Lyman St,Asheville,Buncombe,Tracy Wahl,,6/22/2012 12:00:00 AM,-82.5626211535146,35.5842441147184,"https://www.google.com/maps/dir/?api=1&destination=35.58424411471838,-82.5626211535146&travelmode=driving",,940975.647668302,686567.605731472
3157,902405088,09024-05-088,Ecusta - 2,No Further Interest,01093470-c445-4b61-8d64-2def4991209a,3/6/2020 7:06:07 PM,jdpeacock_ncdenr,3/7/2025 11:13:05 PM,jdpeacock_ncdenr,One Ecusta Road,Pisgah Forest,Transylvania,Tony Duque,,5/11/2006 12:00:00 AM,-82.7062514994589,35.2622547188066,"https://www.google.com/maps/dir/?api=1&destination=35.2622547188066,-82.706251499458858&travelmode=driving",,893925.225037053,571021.575012982
3158,902305088,09023-05-088,Ecusta - 1,No Further Interest,69114a56-c491-4c4a-a778-47848036daad,3/6/2020 7:06:07 PM,jdpeacock_ncdenr,3/7/2025 11:13:05 PM,jdpeacock_ncdenr,One Ecusta Road,Pisgah Forest,Transylvania,Tony Duque,,5/11/2006 12:00:00 AM,-82.7062514994589,35.2622547188066,"https://www.google.com/maps/dir/?api=1&destination=35.2622547188066,-82.706251499458858&travelmode=driving",,893925.225037053,571021.575012982
3159,903005065,09030-05-065,South Terminal,No Further Interest,da3c0d93-1598-4217-a559-9d4fe270d986,3/6/2020 7:06:07 PM,jdpeacock_ncdenr,3/7/2025 11:13:05 PM,jdpeacock_ncdenr,3335 River Rd,Wilmington,New Hanover,Lisa Taber,,3/29/2007 12:00:00 AM,-77.9516258570459,34.1853744276229,"https://www.google.com/maps/dir/?api=1&destination=34.185374427622875,-77.95162585704591&travelmode=driving",,2317078.19598264,160131.155325651
3160,905205001,09052-05-001,Virginia Mills,No Further Interest,28798706-beed-4aca-b287-ea56eebb6c77,3/6/2020 7:06:08 PM,jdpeacock_ncdenr,3/7/2025 11:13:05 PM,jdpeacock_ncdenr,2703 Swepsonville-Saxapahaw Road,Swepsonville,Alamance,Lisa Taber,,9/1/2010 12:00:00 AM,-79.3648362568635,36.0247326650803,"https://www.google.com/maps/dir/?api=1&destination=36.0247326650803,-79.36483625686348&travelmode=driving",,1892115.77064672,828097.294128224
3161,905405065,09054-05-065,Almont-Old Wilmington Harbour,No Further Interest,ade1e11d-cfff-43fc-995d-f7fd3024d7de,3/6/2020 7:06:08 PM,jdpeacock_ncdenr,3/7/2025 11:13:05 PM,jdpeacock_ncdenr,N Front St,Wilmington,New Hanover,BRS-Property Management,,10/31/2005 12:00:00 AM,-77.9467545002005,34.2498870001507,"https://www.google.com/maps/dir/?api=1&destination=34.24988700015067,-77.94675450020048&travelmode=driving",,2318302.3634818,183624.335701391
3162,1001406076,10014-06-076,Conitron Site,No Further Interest,564c4794-b2ad-4110-b270-4b9f06e11689,3/6/2020 7:06:08 PM,jdpeacock_ncdenr,3/7/2025 11:13:05 PM,jdpeacock_ncdenr,3761 Old Glenola Rd,Trinity,Randolph,Tony Duque,,8/23/2006 12:00:00 AM,-79.9210889996491,35.8723350003684,"https://www.google.com/maps/dir/?api=1&destination=35.87233500036842,-79.921088999649058&travelmode=driving",,1727115.89362614,773689.958717391
3163,1001206001,10012-06-001,Cone Mills Granite,No Further Interest,650b7004-519f-42bd-aa1e-43d605f4efa9,3/6/2020 7:06:08 PM,jdpeacock_ncdenr,9/5/2025 3:45:16 PM,jdpeacock_ncdenr,122 E Main St,Haw River,Alamance,Lisa Taber,,5/3/2010 12:00:00 AM,-79.3674945000516,36.0901079995721,"https://www.google.com/maps/dir/?api=1&destination=36.09010799957206,-79.367494500051635&travelmode=driving",,1891688.05562289,851777.667371064
3164,1001806061,10018-06-061,Blevins Oil - Spruce Pines,No Further Interest,abfc8e6b-ce4b-4d3b-af6e-3e4ba2210c93,3/6/2020 7:06:09 PM,jdpeacock_ncdenr,3/7/2025 11:13:05 PM,jdpeacock_ncdenr,6014 Hwy 19E,Spruce Pine,Mitchell,Tracy Wahl,,11/28/2007 12:00:00 AM,-82.0553219104761,35.9203184301326,"https://www.google.com/maps/dir/?api=1&destination=35.92031843013258,-82.055321910476067&travelmode=driving",,1095488.30189697,803810.899131566
3165,1003906036,10039-06-036,Knitcraft Manufacturing,No Further Interest,386c20cd-41fd-436e-a5e7-995575f73201,3/6/2020 7:06:09 PM,jdpeacock_ncdenr,3/7/2025 11:13:05 PM,jdpeacock_ncdenr,135 Knitcraft Access Rd,Belmont,Gaston,Lisa Taber,,4/29/2010 12:00:00 AM,-81.0606387022453,35.2558769547427,"https://www.google.com/maps/dir/?api=1&destination=35.255876954742746,-81.0606387022453&travelmode=driving",,1384886.96850531,554434.798803389
3166,1003006036,10030-06-036,Yorkshire Americas Plant,No Further Interest,54d5a08e-448e-43d3-a5bc-2aeeb786c298,3/6/2020 7:06:09 PM,jdpeacock_ncdenr,3/7/2025 11:13:05 PM,jdpeacock_ncdenr,1602 N Main St,Lowell,Gaston,Sharon Eckard,,7/8/2013 12:00:00 AM,-81.1054352714934,35.2850093646509,"https://www.google.com/maps/dir/?api=1&destination=35.28500936465093,-81.10543527149336&travelmode=driving",,1371741.74643622,565315.671070471
3167,1000706013,10007-06-013,Manchester,No Further Interest,afd51502-b0e4-4f09-85c5-5c44afd030a3,3/6/2020 7:06:10 PM,jdpeacock_ncdenr,3/7/2025 11:13:05 PM,jdpeacock_ncdenr,1 Lake Circle Dr,Kannapolis,Cabarrus,Sharon Eckard,,4/1/2006 12:00:00 AM,-80.6464445049437,35.4624852733978,"https://www.google.com/maps/dir/?api=1&destination=35.4624852733978,-80.6464445049437&travelmode=driving",,1509760.92709023,627311.694059804
3168,1002506092,10025-06-092,Raleigh Dialysis Center,No Further Interest,b3750976-7864-4db6-a157-8941f9e8b273,3/6/2020 7:06:10 PM,jdpeacock_ncdenr,3/7/2025 11:13:05 PM,jdpeacock_ncdenr, S. Blount Street And Branch Street,Raleigh,Wake,Tony Duque,,10/9/2007 12:00:00 AM,-78.6372794999766,35.7646770003363,"https://www.google.com/maps/dir/?api=1&destination=35.76467700033631,-78.63727949997664&travelmode=driving",,2107606.08835289,733433.203601137
3169,1004606029,10046-06-029,Lexington Furniture - 2,No Further Interest,2f73837d-9b47-4ef3-b251-fce59a1c3c38,3/6/2020 7:06:10 PM,jdpeacock_ncdenr,3/7/2025 11:13:05 PM,jdpeacock_ncdenr,S Salisbury St,Lexington,Davidson,Sharon Eckard,,7/28/2011 12:00:00 AM,-80.2528079133845,35.8225748448325,"https://www.google.com/maps/dir/?api=1&destination=35.8225748448325,-80.252807913384515&travelmode=driving",,1628615.68150622,756654.669297233
3170,1101607010,11016-07-010,Navassa Slaughterhouse,No Further Interest,95720a5c-8acd-4afd-be00-b240b5230367,3/6/2020 7:06:10 PM,jdpeacock_ncdenr,3/7/2025 11:13:05 PM,jdpeacock_ncdenr,102 Unknown,Navassa,Brunswick,Sam Watson,,8/18/2008 12:00:00 AM,-78.0061301575173,34.2736525387693,"https://www.google.com/maps/dir/?api=1&destination=34.2736525387693,-78.006130157517347&travelmode=driving",,2300272.45728447,192088.135046721
3171,1005906064,10059-06-064,Masonite Corporation,No Further Interest,a7c6c1c3-9377-4b81-9c5a-58672c99df66,3/6/2020 7:06:11 PM,jdpeacock_ncdenr,3/7/2025 11:13:05 PM,jdpeacock_ncdenr,518 Old Franklin Road,Spring Hope,Nash,BRS-Property Management,,5/13/2010 12:00:00 AM,-78.0719714997157,35.9532989997221,"https://www.google.com/maps/dir/?api=1&destination=35.95329899972214,-78.071971499715687&travelmode=driving",,2274666.07247372,803179.551312894
3172,1101707001,11017-07-001,Texfi-Haw,No Further Interest,17817c48-0609-4f5b-92cb-2993b16d51f2,3/6/2020 7:06:11 PM,jdpeacock_ncdenr,11/3/2023 9:02:52 PM,jdpeacock_ncdenr,105 Stone St,Haw River,Alamance,Sharon Eckard,16.8,9/17/2015 12:00:00 AM,-79.3638269994458,36.0913049996735,"https://www.google.com/maps/dir/?api=1&destination=36.091304999673476,-79.3638269994458&travelmode=driving",,1892503.03463598,852330.434966311
3173,1100607080,11006-07-080,Walgreens Shopping Center,No Further Interest,1195cdb8-b5a4-4495-a812-d300c1b101ef,3/6/2020 7:06:11 PM,jdpeacock_ncdenr,3/7/2025 11:13:05 PM,jdpeacock_ncdenr,East Innes St And Faith Road,Salisbury,Rowan,Lisa Taber,,10/13/2008 12:00:00 AM,-80.4573000004974,35.6546789996709,"https://www.google.com/maps/dir/?api=1&destination=35.65467899967087,-80.45730000049741&travelmode=driving",,1567102.54272172,696376.501467973
3174,1006406092,10064-06-092,Ray Paving Company,No Further Interest,e9484727-ed67-4927-b3de-bb67b43af61f,3/6/2020 7:06:11 PM,jdpeacock_ncdenr,11/3/2023 9:02:52 PM,jdpeacock_ncdenr,1000 Nc Hwy 98,Wake Forest,Wake,Lisa Taber,3.81,5/12/2009 12:00:00 AM,-78.4980509516474,35.9683167111527,"https://www.google.com/maps/dir/?api=1&destination=35.968316711152745,-78.49805095164744&travelmode=driving",,2148534.75649539,807737.913915306
3175,1102707092,11027-07-092,Raleigh Convention Center,No Further Interest,80e6585b-7503-4f4e-bb83-daf8120a447e,3/6/2020 7:06:12 PM,jdpeacock_ncdenr,11/3/2023 9:02:53 PM,jdpeacock_ncdenr,616 South Salisbury Street,Raleigh,Wake,Tony Duque,0.51,6/20/2012 12:00:00 AM,-78.6405730141382,35.772600102642,"https://www.google.com/maps/dir/?api=1&destination=35.772600102641967,-78.64057301413817&travelmode=driving",,2106618.59131214,736313.578745887
3176,1103907080,11039-07-080,Wallace Commons,Ineligible,aa6aeeb0-6d28-4476-ba49-cedfd96f297d,3/6/2020 7:06:12 PM,jdpeacock_ncdenr,11/3/2023 9:02:53 PM,jdpeacock_ncdenr,Klumac Road,Salisbury,Rowan,Tracy Wahl,15.05,3/6/2008 12:00:00 AM,-80.4850495002946,35.6393703348509,"https://www.google.com/maps/dir/?api=1&destination=35.63937033485086,-80.48504950029462&travelmode=driving",,1558776.67125013,690927.258757561
3177,1103307088,11033-07-088,Ecusta Mill Property,No Further Interest,72c58b30-3f7c-47d6-b1ae-96f6c4dcffa3,3/6/2020 7:06:12 PM,jdpeacock_ncdenr,3/7/2025 11:13:05 PM,jdpeacock_ncdenr,1 Ecusta Road,Pisgah Forest,Transylvania,Tony Duque,,7/14/2011 12:00:00 AM,-82.7062514994589,35.2622547188066,"https://www.google.com/maps/dir/?api=1&destination=35.2622547188066,-82.706251499458858&travelmode=driving",,893925.225037053,571021.575012982
3178,1102907060,11029-07-060,Abernathy Lumber,No Further Interest,20083496-ac84-40ff-93ff-3cbf06f9754f,3/6/2020 7:06:13 PM,jdpeacock_ncdenr,1/14/2026 4:20:26 PM,jdpeacock_ncdenr,308 Craighead Road,Charlotte,Mecklenburg,Will Service,,11/28/2012 12:00:00 AM,-80.7985889997076,35.2508760002384,"https://www.google.com/maps/dir/?api=1&destination=35.2508760002384,-80.7985889997076&travelmode=driving",,1463256.03191122,551141.213855147
3179,1201408001,12014-08-001,Kayser Roth Property,No Further Interest,d05a376e-7257-4d25-8f0a-b72257cd12b8,3/6/2020 7:06:14 PM,jdpeacock_ncdenr,11/3/2023 9:02:53 PM,jdpeacock_ncdenr,219 Harden Street,Graham,Alamance,Sharon Eckard,7,8/6/2012 12:00:00 AM,-79.4034855004587,36.0712440003031,"https://www.google.com/maps/dir/?api=1&destination=36.0712440003031,-79.403485500458657&travelmode=driving",,1880755.75432481,845072.883864641
3180,1201108080,12011-08-080,Wallace Commons II,No Further Interest,7993c473-f989-404f-9142-549826fef3aa,3/6/2020 7:06:14 PM,jdpeacock_ncdenr,11/3/2023 9:02:54 PM,jdpeacock_ncdenr,Klumac Road,Salisbury,Rowan,Tracy Wahl,15.05,4/6/2009 12:00:00 AM,-80.4846387798374,35.6396188534344,"https://www.google.com/maps/dir/?api=1&destination=35.63961885343441,-80.4846387798374&travelmode=driving",,1558900.04436298,691015.878659055
3181,1203708074,12037-08-074,Imperial Campus,No Further Interest,c78dc7b9-8fcb-412e-9c51-6af49268bd5d,3/6/2020 7:06:15 PM,jdpeacock_ncdenr,11/3/2023 9:02:54 PM,jdpeacock_ncdenr,710 Atlantic Avenue,Greenville,Pitt,Sharon Eckard,6.84,12/22/2011 12:00:00 AM,-77.3792999998309,35.6093009998475,"https://www.google.com/maps/dir/?api=1&destination=35.6093009998475,-77.37929999983086&travelmode=driving",,2481703.40544547,680614.631416976
3182,1300709075,13007-09-075,Grover Industries,No Further Interest,2f6cabe4-7d19-4dda-8055-29751b933130,3/6/2020 7:06:15 PM,jdpeacock_ncdenr,11/3/2023 9:02:54 PM,jdpeacock_ncdenr,Hwy 108 And Clarence Rhodes Rd.,Lynn,Polk,Tracy Wahl,5,5/11/2009 12:00:00 AM,-82.2341429998785,35.2281960003067,"https://www.google.com/maps/dir/?api=1&destination=35.228196000306667,-82.234142999878515&travelmode=driving",,1034361.72041023,553707.248093143
3183,1400210092,14002-10-092,Wake Forest Technology Park,No Further Interest,a9e84179-54ba-4f83-9453-c5b878a4bfdc,3/6/2020 7:06:16 PM,jdpeacock_ncdenr,11/3/2023 9:02:54 PM,jdpeacock_ncdenr,9701 Capital Blvd,Wake Forest,Wake,Brad Atkinson,35.16,3/24/2010 12:00:00 AM,-78.5533994999393,35.9144009995783,"https://www.google.com/maps/dir/?api=1&destination=35.91440099957831,-78.553399499939346&travelmode=driving",,2132244.73592588,788033.772877484
3184,1202308018,12023-08-018,Regal Manufacturing,No Further Interest,962685fb-4dee-4aaf-a292-eeb2ea3c160a,3/6/2020 7:06:16 PM,jdpeacock_ncdenr,3/7/2025 11:13:05 PM,jdpeacock_ncdenr,"212 12Th Avenue, Ne",Hickory,Catawba,Lisa Taber,,4/29/2010 12:00:00 AM,-81.3341655003068,35.7483779995963,"https://www.google.com/maps/dir/?api=1&destination=35.74837799959627,-81.334165500306767&travelmode=driving",,1307466.08627389,735446.191701144
3185,1401710081,14017-10-081,Rutherford Corporate Center - Lot 5,No Further Interest,84311ada-8b1b-4599-b9d0-f8d032d70814,3/6/2020 7:06:16 PM,jdpeacock_ncdenr,11/3/2023 9:02:55 PM,jdpeacock_ncdenr,Commerce Drive,Forest City,Rutherford,Brad Atkinson,5,10/15/2010 12:00:00 AM,-81.86530723365,35.333321111152,"https://www.google.com/maps/dir/?api=1&destination=35.333321111151967,-81.86530723365001&travelmode=driving",,1145559.0337763,588568.104880482
3186,1500611092,15006-11-092,Tyson Williams Property,Ineligible,8539751e-1245-4643-970a-1a8d396e3eaf,3/6/2020 7:06:16 PM,jdpeacock_ncdenr,11/3/2023 9:02:55 PM,jdpeacock_ncdenr,8200 Fayetteville Road,Raleigh,Wake,Will Service,1.43,3/26/2011 12:00:00 AM,-78.7028697182918,35.6637146322167,"https://www.google.com/maps/dir/?api=1&destination=35.66371463221672,-78.702869718291765&travelmode=driving",,2088258.04141913,696619.805771396
3187,1201608010,12016-08-010,Cape Fear Meat Packing Plant,No Further Interest,f780a409-da11-408b-9ed4-a80c5df21efa,3/6/2020 7:06:17 PM,jdpeacock_ncdenr,3/7/2025 11:13:05 PM,jdpeacock_ncdenr,Royster Road (Sr 1431),Navassa,Brunswick,Sam Watson,,5/3/2010 12:00:00 AM,-78.0090741439417,34.2702282113026,"https://www.google.com/maps/dir/?api=1&destination=34.270228211302637,-78.009074143941717&travelmode=driving",,2299395.47872347,190833.054551646
3188,1600112092,16001-12-092,Liebherr Mining,No Further Interest,ee2aea79-16ed-4dc9-ba9c-96d99d4bf286,3/6/2020 7:06:17 PM,jdpeacock_ncdenr,11/3/2023 9:02:56 PM,jdpeacock_ncdenr,Fayetteville Road,Fuquay-Varina,Wake,Lisa Taber,1.43,11/6/2013 12:00:00 AM,-78.7339869796061,35.6173235092783,"https://www.google.com/maps/dir/?api=1&destination=35.617323509278286,-78.73398697960614&travelmode=driving",,2079060.48632348,679708.298255891
3189,1605712045,16057-12-045,CVS (RN),No Further Interest,2a873dff-883f-4905-bbc0-0d69c5e215fe,3/6/2020 7:06:17 PM,jdpeacock_ncdenr,11/3/2023 9:02:56 PM,jdpeacock_ncdenr,520 S. Main St,Hendersonville,Henderson,Joe Ghiold,2.17,2/1/2013 12:00:00 AM,-82.4587545252433,35.3077753196293,"https://www.google.com/maps/dir/?api=1&destination=35.307775319629258,-82.45875452524325&travelmode=driving",,968333.16480355,584913.06986773
3190,1400410063,14004-10-063,Stanley Furniture,No Further Interest,08573617-fc07-4a01-89c0-144e6a95a02c,3/6/2020 7:06:18 PM,jdpeacock_ncdenr,11/3/2023 9:02:56 PM,jdpeacock_ncdenr,Nc Hwy 73 And 211,West End,Moore,Tony Duque,16.38,3/13/2015 12:00:00 AM,-79.5258068010787,35.2533717678771,"https://www.google.com/maps/dir/?api=1&destination=35.25337176787711,-79.525806801078687&travelmode=driving",,1843028.74382097,547554.297800645
3191,1804814098,18048-14-098,Carolina Classic Bathware,No Further Interest,c7d72ed1-fe7a-4dfe-a1e2-806fe0dea113,3/6/2020 7:06:18 PM,jdpeacock_ncdenr,11/3/2023 9:02:56 PM,jdpeacock_ncdenr,520 Jones Street,Wilson,Wilson,Geoffrey Little,7.17,7/10/2015 12:00:00 AM,-77.9111100002205,35.7189029998674,"https://www.google.com/maps/dir/?api=1&destination=35.71890299986742,-77.91111000022046&travelmode=driving",,2323209.75885072,718348.022813559
3192,1901715032,19017-15-032,NZRTP Cardinal (RN),No Further Interest,9cbf7cad-a5f3-45c5-a72a-04fb8c52705c,3/6/2020 7:06:18 PM,jdpeacock_ncdenr,11/3/2023 9:02:57 PM,jdpeacock_ncdenr,3751 Louis Stephens Drive,Morrisville,Durham,Sharon Eckard,45.8,1/21/2016 12:00:00 AM,-78.8802435000149,35.8689060001238,"https://www.google.com/maps/dir/?api=1&destination=35.868906000123815,-78.880243500014927&travelmode=driving",,2035482.27787639,771197.17761372
3193,1503311060,15033-11-060,Zagora Gear,No Further Interest,f597fa3b-ba1b-4473-a008-6e1feeb0f423,3/6/2020 7:06:19 PM,jdpeacock_ncdenr,11/3/2023 9:02:57 PM,jdpeacock_ncdenr,1327 S. Mint And 309 Lincoln Streets,Charlotte,Mecklenburg,Carolyn Minnich,1.41,9/12/2012 12:00:00 AM,-80.8577685000481,35.2209780002012,"https://www.google.com/maps/dir/?api=1&destination=35.2209780002012,-80.85776850004808&travelmode=driving",,1445199.88396847,540540.520161554
3194,1901815092,19018-15-092,E. W. Williams,No Further Interest,eeeee03a-dee2-439d-96b8-ace37d72ab2b,3/6/2020 7:06:19 PM,jdpeacock_ncdenr,11/3/2023 9:02:57 PM,jdpeacock_ncdenr,8250 Fayetteville Road,Fuquay-Varina,Wake,Tony Duque,1.43,6/9/2016 12:00:00 AM,-78.702698404268,35.6623261311707,"https://www.google.com/maps/dir/?api=1&destination=35.662326131170737,-78.702698404268&travelmode=driving",,2088310.44059256,696114.573186055
3195,1801414092,18014-14-092,Retreat at Renaissance (RN),No Further Interest,c223863b-4ad4-4dc3-9b49-f08bf17b894e,3/6/2020 7:06:19 PM,jdpeacock_ncdenr,11/3/2023 9:02:57 PM,jdpeacock_ncdenr,White & S. Franklin Streets,Wake Forest,Wake,Sharon Eckard,13.63,2/13/2015 12:00:00 AM,-78.5074133502275,35.9715631152066,"https://www.google.com/maps/dir/?api=1&destination=35.971563115206628,-78.5074133502275&travelmode=driving",,2145758.44708739,808905.771815807
3196,1801314064,18013-14-064,Rocky Mount Villas,No Further Interest,e0244ec6-0ca4-4a49-8940-8b31ef0e2b83,3/6/2020 7:06:20 PM,jdpeacock_ncdenr,11/3/2023 9:02:58 PM,jdpeacock_ncdenr,450 North Ridge Street,Rocky Mount,Nash,Sam Watson,12.47,6/2/2016 12:00:00 AM,-77.803584258669,35.9533353595161,"https://www.google.com/maps/dir/?api=1&destination=35.953335359516117,-77.803584258669&travelmode=driving",,2354096.10619864,804042.745124564
3197,2401520007,24015-20-007,Hotel Louise,Recorded,8f9a37d4-b2a3-48da-8876-ccf79378d4bc,3/13/2020 8:10:18 PM,achakravarty_ncdenr,9/9/2024 8:05:14 PM,jdpeacock_ncdenr,163 West Main Street,Washington,Beaufort,BRS-Property Management,0.21,10/8/2021 5:00:00 PM,-77.0566556705311,35.5424675246404,"https://www.google.com/maps/dir/?api=1&destination=35.542467524640365,-77.056655670531057&travelmode=driving",https://edocs.deq.nc.gov/WasteManagement/ElectronicFile.aspx?docid=1626516&dbid=0&repo=WasteManagement,2578064.32263139,658015.23665522
3198,2401420060,24014-20-060,Southern Resources Scrap Metal,Recorded,fd3bea0e-2254-4cb5-818a-b554333922f4,3/13/2020 8:48:31 PM,achakravarty_ncdenr,7/8/2026 8:24:00 PM,jdpeacock_ncdenr,3826 Raleigh Street,Charlotte,Mecklenburg,Peter Doorn,4.8,6/17/2026 12:00:00 AM,-80.7979169561503,35.2521864259285,"https://www.google.com/maps/dir/?api=1&destination=35.252186425928457,-80.79791695615027&travelmode=driving",,1463277.56402038,551567.70742473
3199,2401220065,24012-20-065,Hanover Center II,Recorded,8d825449-15ae-4039-b8ba-7964713c923a,4/1/2020 7:49:11 PM,achakravarty_ncdenr,4/9/2026 4:08:37 PM,jdpeacock_ncdenr,1301 Independence Boulevard; 3709 And 3727 Oleander Drive; 3709 Floral Parkway,Wilmington,New Hanover,Stephanie Hempel,39.26,12/30/2023 12:00:00 AM,-77.9035853996911,34.2173445116954,"https://www.google.com/maps/dir/?api=1&destination=34.217344511695366,-77.903585399691138&travelmode=driving",https://edocs.deq.nc.gov/WasteManagement/ElectronicFile.aspx?docid=1825609&dbid=0&repo=WasteManagement,2331478.7938218,171922.726230651
3201,2401620060,24016-20-060,Victory Cab (RN),Recorded,5aac61ad-2bff-46d6-8860-2258cac5221a,4/6/2020 3:34:38 PM,jdpeacock_ncdenr,7/9/2024 9:24:40 PM,jdpeacock_ncdenr,"201, 217 S. Brevard St.; 415 E. 3Rd St.",Charlotte,Mecklenburg,Caroline Goodwin,1.73,6/25/2024 12:00:00 AM,-80.8412648394254,35.22319185459,"https://www.google.com/maps/dir/?api=1&destination=35.22319185458996,-80.8412648394254&travelmode=driving",,1450142.88589346,541254.275623813
3202,2401720092,24017-20-092,Cameron Village Condos (RN),Recorded,3661143f-0499-4ba5-b5e1-574759b5775b,4/6/2020 4:59:14 PM,jdpeacock_ncdenr,1/9/2024 9:13:11 PM,jdpeacock_ncdenr,1801 Cameron Street,Raleigh,Wake,Claire Sorrell,4.91,12/13/2023 12:00:00 AM,-78.6573190616304,35.7899957557823,"https://www.google.com/maps/dir/?api=1&destination=35.7899957557823,-78.65731906163039&travelmode=driving",https://edocs.deq.nc.gov/WasteManagement/ElectronicFile.aspx?docid=1826102&dbid=0&repo=WasteManagement,2101629.32930905,742627.883702561
3203,2401820011,24018-20-011,Clingman and Hilliard Aves,Recorded,2e7a01da-cb44-48cf-917a-03091aa793f6,4/6/2020 7:26:07 PM,jdpeacock_ncdenr,8/7/2026 5:05:12 PM,jdpeacock_ncdenr,32 Clingman Ave.; Hilliard Ave.,Asheville,Buncombe,Sydney Janda,2.97,8/23/2023 12:00:00 AM,-82.5614364855043,35.5918685046005,"https://www.google.com/maps/dir/?api=1&destination=35.59186850460048,-82.561436485504345&travelmode=driving",,941427.188759968,689328.254409641
3204,2401920041,24019-20-041,Austin-Berryhill,No Further Interest,38ea71fb-01b2-4af3-9d02-ca52234ae3ab,4/6/2020 7:37:28 PM,jdpeacock_ncdenr,6/5/2024 6:07:03 PM,jdpeacock_ncdenr,8665 W. Market St.,Greensboro,Guilford,James Rudder,7.5,6/3/2024 12:00:00 AM,-79.9760911316271,36.097560407116,"https://www.google.com/maps/dir/?api=1&destination=36.09756040711597,-79.976091131627058&travelmode=driving",,1711627.42460313,855828.396474317
3205,2400720032,24007-20-032,Wrights Executive Sales II,Recorded,c9a3e8e1-e591-4191-bf35-df8c8fb30ac7,4/6/2020 7:52:50 PM,jdpeacock_ncdenr,7/9/2024 9:24:40 PM,jdpeacock_ncdenr,"721, 723 Rigsbee Ave.; 616, 620 Foster St.
",Durham,Durham,Lauren Fleming,2.23,7/1/2024 12:00:00 AM,-78.9007642510785,36.0030935795932,"https://www.google.com/maps/dir/?api=1&destination=36.00309357959318,-78.900764251078485&travelmode=driving",,2029353.5614593,820036.555984646
3206,2400820060,24008-20-060,Selles Bagwell,Recorded,7d37889d-0806-44a5-8e6c-579d9bf08a54,4/6/2020 8:21:46 PM,jdpeacock_ncdenr,11/3/2023 9:03:00 PM,jdpeacock_ncdenr,"2301, 2311, 2321, 2405 S Tryon St.; 2300 Distribution St.
",Charlotte,Mecklenburg,Peter Doorn,3.25,7/2/2023 12:00:00 AM,-80.8670243668228,35.2076104477446,"https://www.google.com/maps/dir/?api=1&destination=35.2076104477446,-80.8670243668228&travelmode=driving",,1442344.55831431,535728.197437137
3207,2402020092,24020-20-092,Peerless Master Cleaners & Dyers,Recorded,673c1d3d-3749-4a7e-b1e6-164acf0d78bd,5/1/2020 8:30:36 PM,jdpeacock_ncdenr,1/11/2024 4:56:56 PM,jdpeacock_ncdenr,"503, 509, 513, 515 Hillsborough St.; 502, 510, 512, 514 W. Morgan St.; 10 S. West St.",Raleigh,Wake,Stephanie Graham,1.15,1/5/2024 12:00:00 AM,-78.6464444607135,35.780285021728,"https://www.google.com/maps/dir/?api=1&destination=35.78028502172803,-78.64644446071348&travelmode=driving",,2104866.9734243,739104.564633727
3208,2402120060,24021-20-060,Bancroft II,Recorded,eefed04e-061a-4cff-9b01-3f422b8f7526,5/1/2020 9:04:08 PM,jdpeacock_ncdenr,11/3/2023 9:03:01 PM,jdpeacock_ncdenr,1900 Bancroft Street,Charlotte,Mecklenburg,Jordan Thompson,3.73,6/20/2023 12:00:00 AM,-80.8286610531069,35.2445442035602,"https://www.google.com/maps/dir/?api=1&destination=35.2445442035602,-80.82866105310694&travelmode=driving",,1454049.4778178,548954.467900559
3209,2402220060,24022-20-060,Pete's Texaco (RN),Recorded,5ae28ea1-57cd-42d6-abca-62b0cbef23f6,5/1/2020 9:16:03 PM,jdpeacock_ncdenr,11/3/2023 9:03:01 PM,jdpeacock_ncdenr,420 Providence Rd.,Charlotte,Mecklenburg,Jordan Thompson,.44,2/16/2022 12:00:00 AM,-80.8249236291969,35.2039591538647,"https://www.google.com/maps/dir/?api=1&destination=35.2039591538647,-80.82492362919687&travelmode=driving",https://edocs.deq.nc.gov/WasteManagement/ElectronicFile.aspx?docid=1755680&dbid=0&repo=WasteManagement,1454893.64837356,534165.719590977
3211,2402420078,24024-20-078,Pembroke Oil Bulk Plant,Active Eligible,dd2d32cb-a4a0-4bf3-b76e-624fe73ee1cd,5/4/2020 9:01:05 PM,jdpeacock_ncdenr,5/11/2026 9:26:46 PM,jdpeacock_ncdenr,S. Jones St. And  Blaine St.,Pembroke,Robeson,Jordan Thompson,2,6/6/2023 12:00:00 AM,-79.1903664139035,34.680056621769,"https://www.google.com/maps/dir/?api=1&destination=34.680056621769,-79.19036641390353&travelmode=driving",,1942769.29696414,338543.959260479
3212,2402520060,24025-20-060,Crayton Printing (RN),Recorded,e3d3142d-c63a-4d11-b974-8a3abb819803,5/4/2020 9:09:12 PM,jdpeacock_ncdenr,11/3/2023 9:03:01 PM,jdpeacock_ncdenr,"2301, 2321, 2327 Distribution St.; 2300, 2302, 2304, 2306 Dunavant St.",Charlotte,Mecklenburg,Bill Schmithorst,2.82,10/1/2021 12:00:00 AM,-80.8658328683657,35.2066192181395,"https://www.google.com/maps/dir/?api=1&destination=35.2066192181395,-80.86583286836573&travelmode=driving",https://edocs.deq.nc.gov/WasteManagement/ElectronicFile.aspx?docid=1626518&dbid=0&repo=WasteManagement,1442693.62159255,535360.818250641
3213,2402720092,24027-20-092,Trawick Rd (RN),Recorded,0f5f7a6a-3d9a-4ba7-a8d5-e3d41e05b318,5/5/2020 6:01:26 PM,jdpeacock_ncdenr,9/8/2026 9:53:12 PM,jdpeacock_ncdenr,"2025, 2105, 2109 Trawick Rd.",Raleigh,Wake,Shristi Shrestha,4.468,8/21/2026 12:00:00 AM,-78.5777805073976,35.8087357059688,"https://www.google.com/maps/dir/?api=1&destination=35.8087357059688,-78.577780507397577&travelmode=driving",,2125188.85239989,749539.965350807
3214,2402620092,24026-20-092,E W Williams II,No Further Interest,e5841744-7968-4bfc-bb75-f867e6e9becc,5/5/2020 6:16:10 PM,jdpeacock_ncdenr,11/3/2023 9:03:02 PM,jdpeacock_ncdenr,8250 Fayetteville Rd,Raleigh,Wake,Claire Sorrell,1.43,6/7/2023 12:00:00 AM,-78.7030553362997,35.66271424958,"https://www.google.com/maps/dir/?api=1&destination=35.66271424957998,-78.703055336299727&travelmode=driving",,2088203.99625164,696255.522707313
3215,2402820065,24028-20-065,National Linen Service (RN),Inactive Eligible,58eea46c-26b9-4370-ba2a-e3ffd9369980,6/3/2020 8:09:09 PM,jdpeacock_ncdenr,6/3/2025 9:12:38 PM,jdpeacock_ncdenr,1315 South 5Th Street,Wilmington,New Hanover,Claire Sorrell,2.58,3/17/2025 12:00:00 AM,-77.9402413266784,34.2185773109963,"https://www.google.com/maps/dir/?api=1&destination=34.21857731099633,-77.94024132667836&travelmode=driving",,2320392.2805618,172251.015928388
3216,2402920090,24029-20-090,694 W. Crowell St Property,Active Eligible,5e838e06-52cc-4cc9-bc0b-34d29a631cad,6/3/2020 8:55:10 PM,jdpeacock_ncdenr,11/3/2023 9:03:02 PM,jdpeacock_ncdenr,694 West Crowell Street,Monroe,Union,Carolyn Minnich,2.97,7/23/2020 12:00:00 AM,-80.5555658004833,34.9844436452502,"https://www.google.com/maps/dir/?api=1&destination=34.9844436452502,-80.5555658004833&travelmode=driving",,1534092.21077664,452915.479532734
3217,2403020092,24030-20-092,General Baptist Convention (RN),Recorded,014d0fc8-a70d-47f9-bab5-864cdfde633e,6/3/2020 9:04:59 PM,jdpeacock_ncdenr,11/3/2023 9:03:03 PM,jdpeacock_ncdenr,"603 S. Wilmington St.; 112, 114 E. Lenoir St.",Raleigh,Wake,Sharon Eckard,.51,10/1/2021 5:00:00 PM,-78.6380058687817,35.772612661356,"https://www.google.com/maps/dir/?api=1&destination=35.772612661356,-78.6380058687817&travelmode=driving",https://edocs.deq.nc.gov/WasteManagement/ElectronicFile.aspx?docid=1626517&dbid=0&repo=WasteManagement,2107380.07043222,736320.91698581
3218,2401320060,24013-20-060,Merchants Bonded Cotton Warehouse (RN),Recorded,f12feffb-7b52-470e-8836-09aab44fc260,6/3/2020 9:17:07 PM,jdpeacock_ncdenr,1/23/2026 8:29:00 PM,jdpeacock_ncdenr,1130 North College Street,Charlotte,Mecklenburg,Carolyn Minnich,4.49,1/21/2026 12:00:00 AM,-80.8298094167279,35.2345347182069,"https://www.google.com/maps/dir/?api=1&destination=35.23453471820688,-80.829809416727926&travelmode=driving",,1453639.52522564,545318.497154146
3219,2400920100,24009-20-100,OMC Bombardier II,Active Eligible,2d6d3a71-40bc-4994-8836-73743a0566e6,6/3/2020 9:28:28 PM,jdpeacock_ncdenr,10/7/2024 10:08:38 PM,jdpeacock_ncdenr,1 Omc Drive,Burnsville,Yancey,Tracy Wahl,62,6/10/2020 12:00:00 AM,-82.2757555407753,35.9157867634659,"https://www.google.com/maps/dir/?api=1&destination=35.91578676346593,-82.275755540775336&travelmode=driving",,1030198.51416972,804243.159421891
3220,2401020060,24010-20-060,Yandle-Witherspoon (RN),Recorded,682d3828-cdfd-4972-8caf-440834e81340,6/3/2020 9:53:49 PM,jdpeacock_ncdenr,1/4/2024 4:24:08 PM,jdpeacock_ncdenr,N. Brevard And Belmont Ave.,Charlotte,Mecklenburg,Bill Schmithorst,4.85,12/29/2023 12:00:00 AM,-80.8293447176414,35.2331199946606,"https://www.google.com/maps/dir/?api=1&destination=35.2331199946606,-80.82934471764142&travelmode=driving",https://edocs.deq.nc.gov/WasteManagement/ElectronicFile.aspx?docid=1825618&dbid=0&repo=WasteManagement,1453878.88203038,544796.063815817
3221,2401120060,24011-20-060,Acme Machine and Tool Co.,Active Eligible,0009e3fa-97fa-4316-8950-6c54aad20a4a,6/3/2020 10:02:50 PM,jdpeacock_ncdenr,10/7/2024 10:08:38 PM,jdpeacock_ncdenr,"2601, 2613 Wilkinson Blvd.",Charlotte,Mecklenburg,Tracy Wahl,36.5,9/4/2024 12:00:00 AM,-80.884987653498,35.2232065478495,"https://www.google.com/maps/dir/?api=1&destination=35.22320654784954,-80.88498765349804&travelmode=driving",,1437087.5707968,541504.67833823
3222,2403120092,24031-20-092,Seven Up Bottling Co (RN),Recorded,6ac69981-576d-4c82-b603-dac52fb605d3,7/7/2020 5:19:49 PM,jdpeacock_ncdenr,2/13/2025 4:49:03 PM,jdpeacock_ncdenr,700 S. Salisbury Street,Raleigh,Wake,Shristi Shrestha,4.9,1/6/2025 12:00:00 AM,-78.6414970424214,35.7715229916387,"https://www.google.com/maps/dir/?api=1&destination=35.7715229916387,-78.6414970424214&travelmode=driving",,2106345.9114113,735920.52966322
3223,2403220060,24032-20-060,Fifth Third Bank (RN),No Further Interest,76c1fef0-759b-474e-b5a6-bf43944c8277,7/7/2020 5:49:34 PM,jdpeacock_ncdenr,11/3/2023 9:03:04 PM,jdpeacock_ncdenr,6310 Fairview Road,Charlotte,Mecklenburg,Aditi Posek,1.82,9/28/2020 12:00:00 AM,-80.8352910586604,35.1495980406871,"https://www.google.com/maps/dir/?api=1&destination=35.149598040687,-80.83529105866043&travelmode=driving",,1451431.48666272,514441.897162065
3224,2403320049,24033-20-049,Parlier Plumbing,Inactive Eligible,28517232-9d98-4c24-9f79-e90a8ee5127f,7/7/2020 5:58:40 PM,jdpeacock_ncdenr,10/7/2024 10:08:38 PM,jdpeacock_ncdenr,"110, 118 Stockton Street",Statesville,Iredell,Caroline Goodwin,1,7/31/2024 12:00:00 AM,-80.8887901266313,35.7884351356901,"https://www.google.com/maps/dir/?api=1&destination=35.788435135690065,-80.8887901266313&travelmode=driving",,1439866.21189305,747213.36108014
3225,2403420060,24034-20-060,Cullman Ave Property,Active Eligible,cdcf8da3-79b1-4fb1-b52e-3c55d30273fa,7/7/2020 6:09:57 PM,jdpeacock_ncdenr,11/3/2023 9:03:05 PM,jdpeacock_ncdenr,"3144, 3162 Cullman Avenue",Charlotte,Mecklenburg,Jordan Thompson,1.06,8/7/2020 5:00:00 PM,-80.8089664840675,35.2490758298868,"https://www.google.com/maps/dir/?api=1&destination=35.249075829886777,-80.80896648406748&travelmode=driving",,1459958.73863706,550495.730894148
3226,2404020019,24040-20-019,Gary L. and Sarah S. Smith Properties,No Further Interest,d7c93a49-784f-47d8-9b01-ca6db7b7d88e,8/11/2020 6:55:46 PM,achakravarty_ncdenr,5/7/2025 3:53:32 PM,jdpeacock_ncdenr,1002 E. Raleigh St,Siler City,Chatham,Sharon Eckard,37.227,9/9/2020 12:00:00 AM,-79.4468892260656,35.7283357829302,"https://www.google.com/maps/dir/?api=1&destination=35.72833578293016,-79.446889226065565&travelmode=driving",,1867517.95435689,721080.672531977
3227,2403720092,24037-20-092,Garner Road Property,No Further Interest,eb978482-bc80-488f-806d-87b34d09b744,8/19/2020 3:42:23 PM,achakravarty_ncdenr,10/9/2024 5:58:41 PM,jdpeacock_ncdenr,1420 Garner Road,Raleigh,Wake,Shristi Shrestha,5.25,7/30/2024 12:00:00 AM,-78.6324320669399,35.7617763455699,"https://www.google.com/maps/dir/?api=1&destination=35.76177634556987,-78.6324320669399&travelmode=driving",,2109092.42888413,732185.544022977
3229,2404120011,24041-20-011,Phil Mechanic Bldg II,Recorded,7b10b8a8-e094-492e-9d50-b5ba7322e7c0,8/21/2020 3:03:06 PM,jdpeacock_ncdenr,6/5/2024 8:05:43 PM,jdpeacock_ncdenr,"109, 99999 Roberts Street",Asheville,Buncombe,Caroline Goodwin,.32,5/14/2024 4:00:00 PM,-82.5668831355828,35.5874697812724,"https://www.google.com/maps/dir/?api=1&destination=35.5874697812724,-82.56688313558277&travelmode=driving",,939813.928863138,687692.67992489
3233,2404220007,24042-20-007,Stanadyne Corp,No Further Interest,2e086712-bca3-43d8-985a-373e3890f979,9/2/2020 9:28:18 PM,jdpeacock_ncdenr,7/12/2024 8:50:15 PM,jdpeacock_ncdenr,230 Clarks Neck Road,Washington,Beaufort,Stephanie Graham,30.5,2/16/2023 12:00:00 AM,-77.0820653384925,35.56480339557,"https://www.google.com/maps/dir/?api=1&destination=35.564803395570038,-77.082065338492455&travelmode=driving",,2570752.18404047,665296.991776735
3237,2404320060,24043-20-060,Gas Fired Products (RN),Recorded,11e721e1-96de-4eb7-bc35-ab9b5c3be286,10/5/2020 6:42:59 PM,jdpeacock_ncdenr,2/11/2026 7:45:40 PM,jdpeacock_ncdenr,421 W. Tremont Avenue,Charlotte,Mecklenburg,Jordan Thompson,2.44,7/29/2022 12:00:00 AM,-80.8679397821264,35.2106795527335,"https://www.google.com/maps/dir/?api=1&destination=35.21067955273348,-80.8679397821264&travelmode=driving",https://edocs.deq.nc.gov/WasteManagement/ElectronicFile.aspx?docid=1755816&dbid=0&repo=WasteManagement,1442092.18447521,536850.124983311
3239,2404420068,24044-20-068,Chapel Hill Publishing Co (RN),No Further Interest,be73cffc-3936-4950-a74f-cdbe41ea7762,10/5/2020 6:53:32 PM,jdpeacock_ncdenr,11/3/2023 9:03:06 PM,jdpeacock_ncdenr,505 W. Franklin Street,Chapel Hill,Orange,Aditi Posek,0.8,9/18/2020 12:00:00 AM,-79.063681966972,35.909451344357,"https://www.google.com/maps/dir/?api=1&destination=35.90945134435702,-79.06368196697204&travelmode=driving",,1981142.57422005,785940.626145139
3240,2404520025,24045-20-025,Bridgeton Marina,Active Eligible,da76effe-c1f8-4f83-9e0c-55dac715a074,10/5/2020 7:03:11 PM,jdpeacock_ncdenr,12/5/2023 3:49:45 PM,jdpeacock_ncdenr,N. B St; C St.; Pine St.; N. C St.,Bridgeton,Craven,Shristi Shrestha,15.67,12/4/2023 12:00:00 AM,-77.0262019122675,35.1266163254641,"https://www.google.com/maps/dir/?api=1&destination=35.1266163254641,-77.02620191226748&travelmode=driving",,2590130.96155581,506873.836510807
3242,2404720060,24047-20-060,Levine Museum,No Further Interest,2d7f7e52-18ba-4c0c-a653-978b147dd5f1,10/5/2020 9:13:39 PM,jdpeacock_ncdenr,7/8/2026 8:57:34 PM,jdpeacock_ncdenr,300 N. College St; 200 E. 7Th St,Charlotte,Mecklenburg,Peter Doorn,1.63,6/25/2026 12:00:00 AM,-80.8389076993033,35.227986514713,"https://www.google.com/maps/dir/?api=1&destination=35.227986514713,-80.8389076993033&travelmode=driving",,1450879.04222955,542985.919470221
3243,2404820060,24048-20-060,Terminix,No Further Interest,71648725-7536-4510-9442-2fe340f7eef5,10/6/2020 2:29:25 PM,jdpeacock_ncdenr,11/3/2023 9:03:07 PM,jdpeacock_ncdenr,129 West Boulevard,Charlotte,Mecklenburg,Aditi Posek,.24,9/16/2020 12:00:00 AM,-80.8600708089555,35.2130380356888,"https://www.google.com/maps/dir/?api=1&destination=35.21303803568883,-80.86007080895551&travelmode=driving",,1444458.26406063,537664.198486388
3244,2404920063,24049-20-063,Trimble Plant Rd (RN),Recorded,1dba4853-286a-4713-b9d3-53762dbce630,10/6/2020 3:23:00 PM,jdpeacock_ncdenr,11/3/2023 9:03:07 PM,jdpeacock_ncdenr,175 Yadkin Rd.,Southern Pines,Moore,Sharon Eckard,14.41,10/19/2021 5:00:00 PM,-79.3807574982949,35.190722676046,"https://www.google.com/maps/dir/?api=1&destination=35.190722676045986,-79.380757498294926&travelmode=driving",https://edocs.deq.nc.gov/WasteManagement/ElectronicFile.aspx?docid=1626505&dbid=0&repo=WasteManagement,1886243.42117096,524555.946815804
3245,2405020034,24050-20-034,N. Trade St Apartments (RFR),Recorded,99368855-d2e3-445c-9160-a93ac92a17c8,10/6/2020 4:06:00 PM,jdpeacock_ncdenr,11/3/2023 9:03:08 PM,jdpeacock_ncdenr,"648, 850, 860 N. Trade Street",Winston-Salem,Forsyth,Peter Doorn,4.03,7/21/2022 12:00:00 AM,-80.2471923892514,36.1055357487182,"https://www.google.com/maps/dir/?api=1&destination=36.105535748718225,-80.247192389251367&travelmode=driving",https://edocs.deq.nc.gov/WasteManagement/ElectronicFile.aspx?docid=1755761&dbid=0&repo=WasteManagement,1631574.3274918,859628.385921568
3246,2405120060,24051-20-060,Dilworth Auto Service,Recorded,8b326596-0275-40cc-ba74-efcbab3822f2,10/6/2020 7:52:24 PM,jdpeacock_ncdenr,11/3/2023 9:03:08 PM,jdpeacock_ncdenr,"120 Kingston Ave; 1700, 1708, 1714 South Blvd",Charlotte,Mecklenburg,Bill Schmithorst,2.28,1/12/2023 12:00:00 AM,-80.8573632457432,35.2127295400121,"https://www.google.com/maps/dir/?api=1&destination=35.21272954001206,-80.85736324574316&travelmode=driving",,1445264.72996739,537536.801759556
3247,2405220060,24052-20-060,Doggett Street,Recorded,dc941031-2a8c-4341-992a-dad44e5e5580,10/6/2020 7:58:02 PM,jdpeacock_ncdenr,6/3/2025 9:33:59 PM,jdpeacock_ncdenr,"305 Doggett St; 242, 306 Tremont Ave",Charlotte,Mecklenburg,Bill Schmithorst,2.44,12/23/2024 12:00:00 AM,-80.8636583967568,35.2115089515858,"https://www.google.com/maps/dir/?api=1&destination=35.211508951585756,-80.86365839675683&travelmode=driving",,1443376.44732663,537127.892144307
3248,2405320011,24053-20-011,Lyman Stoneyard (RN),No Further Interest,ee64da2a-f21c-499d-a992-700eb6a84057,11/5/2020 4:56:56 PM,jdpeacock_ncdenr,7/9/2024 10:12:22 PM,jdpeacock_ncdenr,175 Lyman Street,Asheville,Buncombe,Caroline Goodwin,2.78,6/9/2024 12:00:00 AM,-82.5663784632128,35.5838350000557,"https://www.google.com/maps/dir/?api=1&destination=35.583835000055686,-82.566378463212828&travelmode=driving",,939853.881211057,686458.899912149
3249,2405420060,24054-20-060,AJACC Auto,Recorded,d5a9b0ee-fff6-41fc-85f8-6d8189eb9a3b,11/5/2020 6:28:51 PM,jdpeacock_ncdenr,11/6/2023 3:21:00 PM,jdpeacock_ncdenr,Verbena St; Macie St; Yeoman St,Charlotte,Mecklenburg,Peter Doorn,5.335,9/19/2023 12:00:00 AM,-80.8831960919011,35.1838742028833,"https://www.google.com/maps/dir/?api=1&destination=35.18387420288332,-80.883196091901&travelmode=driving",,1437350.97939073,527182.350027561
3250,2405520041,24055-20-041,Stickley Furniture (RN),Active Eligible,3825be96-c531-4790-b74b-13cfc0c307ff,11/5/2020 7:28:25 PM,jdpeacock_ncdenr,12/5/2023 3:49:45 PM,jdpeacock_ncdenr,225 N. Elm Steet,High Point,Guilford,Stephanie Graham,1.53,1/8/2021 12:00:00 AM,-80.0097810505987,35.9587259153919,"https://www.google.com/maps/dir/?api=1&destination=35.9587259153919,-80.00978105059873&travelmode=driving",,1701160.43339805,805391.103976399
3251,2405620041,24056-20-041,Brayton International Furnishings (RN),Recorded,e75e3ce8-68b2-44c4-884f-891a79a38a3f,11/5/2020 7:54:40 PM,jdpeacock_ncdenr,11/5/2024 5:21:49 PM,jdpeacock_ncdenr,"257, 263, 265 Swathmore Ave",High Point,Guilford,Stephanie Hempel,7.69,1/23/2023 12:00:00 AM,-79.9892542077685,35.9183762114876,"https://www.google.com/maps/dir/?api=1&destination=35.918376211487647,-79.989254207768525&travelmode=driving",,1707088.69516355,790642.81424731
3252,2405720034,24057-20-034,HP Fabrics-Distribution Warehouse,Recorded,69d24dd7-c4fd-4675-96b2-d0b49f700dbb,11/5/2020 8:21:53 PM,jdpeacock_ncdenr,11/3/2023 9:03:09 PM,jdpeacock_ncdenr,3803 Kimwell Drive,Winston-Salem,Forsyth,Caroline Goodwin,4.78,1/8/2021 12:00:00 AM,-80.3211196074809,36.045745674955,"https://www.google.com/maps/dir/?api=1&destination=36.045745674955,-80.321119607480867&travelmode=driving",https://edocs.deq.nc.gov/WasteManagement/ElectronicFile.aspx?docid=1626828&dbid=0&repo=WasteManagement,1609447.47804481,838147.210380062
3254,2405820065,24058-20-065,Wave Transit Maintenance,No Further Interest,837c7787-1b8a-4f2e-a3d5-972d8facbe2c,11/6/2020 7:26:02 PM,jdpeacock_ncdenr,11/3/2023 9:03:10 PM,jdpeacock_ncdenr,1110 Castle Street,Wilmington,New Hanover,Kathleen Markey,1.5,7/26/2022 12:00:00 AM,-77.9338148637148,34.2285795963503,"https://www.google.com/maps/dir/?api=1&destination=34.2285795963503,-77.93381486371483&travelmode=driving",,2322295.98968089,175911.869499058
3255,2405920060,24059-20-060,Bland St Assemblage,Recorded,b2bdcfb5-4231-47ba-b3b6-b3a062bcc145,11/20/2020 6:44:11 PM,jdpeacock_ncdenr,1/20/2026 8:59:39 PM,jdpeacock_ncdenr,200 E. Bland St.; 1401 S. Tryon St.,Charlotte,Mecklenburg,Peter Doorn,2.47,1/8/2026 12:00:00 AM,-80.8544381679007,35.2166574010827,"https://www.google.com/maps/dir/?api=1&destination=35.21665740108266,-80.8544381679007&travelmode=driving",,1446164.9601223,538949.741190895
3256,2406020032,24060-20-032,Erwin Oil (RN),Recorded,6b74f727-916b-4ee0-be56-cabdb4b7c517,12/7/2020 8:32:32 PM,jdpeacock_ncdenr,7/16/2025 9:17:16 PM,jdpeacock_ncdenr,"703 Wasington St.; 705, 707 W. Trinity St.",Durham,Durham,Andrew Goodwin,2.45,1/11/2024 12:00:00 AM,-78.9035142565836,36.0040813494603,"https://www.google.com/maps/dir/?api=1&destination=36.0040813494603,-78.90351425658363&travelmode=driving",,2028539.79340181,820395.32495214
3257,2406120060,24061-20-060,Perfecting Services Division II,No Further Interest,07bfff89-3632-4fa2-b55b-d08bc9307468,12/8/2020 7:32:46 PM,jdpeacock_ncdenr,11/3/2023 9:03:10 PM,jdpeacock_ncdenr,332 Atando Avenue,Charlotte,Mecklenburg,Carolyn Minnich,4.24,12/2/2020 12:00:00 AM,-80.8123410780778,35.2549949524213,"https://www.google.com/maps/dir/?api=1&destination=35.254994952421278,-80.8123410780778&travelmode=driving",,1458990.73893264,552667.989672974
3258,2406220060,24062-20-060,South & Hollis LoSo (RN),Recorded,3eb13a28-84dd-421e-b424-6de912712ed3,12/23/2020 10:58:44 PM,jdpeacock_ncdenr,11/3/2023 9:03:11 PM,jdpeacock_ncdenr,"3423, 3435, 3441 South Bld.; 111 Hollis Rd.",Charlotte,Mecklenburg,Bill Schmithorst,2.6,5/19/2022 1:37:00 PM,-80.8725533390074,35.1933309381469,"https://www.google.com/maps/dir/?api=1&destination=35.19333093814693,-80.87255333900735&travelmode=driving",https://edocs.deq.nc.gov/WasteManagement/ElectronicFile.aspx?docid=1755748&dbid=0&repo=WasteManagement,1440595.29573672,530563.295693472
3259,2404620079,24046-20-079,MillerCoors Brewery,Recorded,9da7479a-17ba-4c84-87bb-0cc5661ccd83,1/5/2021 10:11:45 PM,achakravarty_ncdenr,1/4/2024 8:57:52 PM,jdpeacock_ncdenr,863 E Meadow Road,Eden,Rockingham,Bill Schmithorst,"1,358.97",10/26/2023 12:00:00 AM,-79.7163245081829,36.5192259104744,"https://www.google.com/maps/dir/?api=1&destination=36.519225910474425,-79.716324508182865&travelmode=driving",https://edocs.deq.nc.gov/WasteManagement/ElectronicFile.aspx?docid=1825664&dbid=0&repo=WasteManagement,1789478.26791689,1008687.25118907
3260,2406320019,24063-20-019,Hart Furniture,Active Eligible,13a9d049-a207-4912-aa06-973be73c799a,1/20/2021 8:02:32 PM,jdpeacock_ncdenr,11/3/2023 9:03:11 PM,jdpeacock_ncdenr,420 E. Third Street,Siler City,Chatham,Claire Sorrell,1.6,4/1/2021 12:00:00 AM,-79.4591868163185,35.726745237004,"https://www.google.com/maps/dir/?api=1&destination=35.72674523700403,-79.45918681631852&travelmode=driving",,1863713.98558688,719745.059061483
3261,2406420060,24064-20-060,Southern Mechanical II,Active Eligible,afc454dd-bb64-4e1a-a68f-7445d985511c,1/20/2021 9:32:58 PM,jdpeacock_ncdenr,11/3/2023 9:03:12 PM,jdpeacock_ncdenr,5205 Hovis Road,Charlotte,Mecklenburg,Carolyn Minnich,7.79,2/12/2021 12:00:00 AM,-80.8998607064187,35.2719980459411,"https://www.google.com/maps/dir/?api=1&destination=35.27199804594109,-80.8998607064187&travelmode=driving",,1432986.40314613,559343.567201063
3262,2406520060,24065-20-060,Exxon Co,Active Eligible,689f6e94-53b0-4b21-a359-c54ad4cdd170,1/20/2021 9:42:09 PM,jdpeacock_ncdenr,9/9/2024 6:13:04 PM,jdpeacock_ncdenr,1700 Parker Drive,Charlotte,Mecklenburg,Caroline Goodwin,8.02,9/3/2024 12:00:00 AM,-80.886310162866,35.221582415527,"https://www.google.com/maps/dir/?api=1&destination=35.221582415527,-80.886310162866025&travelmode=driving",,1436681.44660905,540921.192956641
3263,2406620092,24066-20-092,Zucker Junkyard,Active Eligible,fddfd59d-e58a-4449-a3d7-86a6a8645ef6,1/20/2021 9:51:28 PM,jdpeacock_ncdenr,9/9/2024 6:13:04 PM,jdpeacock_ncdenr,3624 Tryon Rd; 1920 Trailwood Dr,Raleigh,Wake,Lauren Fleming,6.17,6/12/2024 12:00:00 AM,-78.6981274391914,35.7497396147036,"https://www.google.com/maps/dir/?api=1&destination=35.7497396147036,-78.6981274391914&travelmode=driving",,2089571.43019655,727935.731656477
3264,2500121060,25001-21-060,Dynatech II,Recorded,0905fa85-241f-4048-a3d6-4959747cb60f,1/20/2021 11:09:10 PM,jdpeacock_ncdenr,12/16/2024 3:00:51 PM,jdpeacock_ncdenr,2213 Toomey Avenue,Charlotte,Mecklenburg,Carolyn Minnich,2.28,11/19/2024 12:00:00 AM,-80.8706805704712,35.212631840409,"https://www.google.com/maps/dir/?api=1&destination=35.21263184040899,-80.870680570471166&travelmode=driving",,1441274.46104506,537387.528764144
3265,2500221060,25002-21-060,The Mechanic Man (RN),Recorded,a9ba2b40-9228-49dc-a33b-fd77f738ecc4,1/25/2021 5:37:23 PM,jdpeacock_ncdenr,11/3/2023 9:03:13 PM,jdpeacock_ncdenr,539 State St.; 532 Katonah Ave.,Charlotte,Mecklenburg,Caroline Goodwin,.71,1/11/2023 12:00:00 AM,-80.8672244027355,35.2401411166903,"https://www.google.com/maps/dir/?api=1&destination=35.240141116690317,-80.867224402735545&travelmode=driving",,1442507.4969648,547566.5881304
3266,2500321060,25003-21-060,McLaurin Trucking Company (RN),No Further Interest,b910aa34-216e-4895-939a-0b317fc7b039,1/25/2021 5:53:58 PM,jdpeacock_ncdenr,2/26/2024 5:53:19 PM,jdpeacock_ncdenr,2600 N. Tryon St.,Charlotte,Mecklenburg,Bill Schmithorst,3.5,5/1/2023 12:00:00 AM,-80.8158165824945,35.247938855052,"https://www.google.com/maps/dir/?api=1&destination=35.247938855052,-80.8158165824945&travelmode=driving",,1457782.99856597,550250.031254306
3267,2500421013,25004-21-013,Coleman Mill,Recorded,ae9e9ad3-11cf-4579-955e-3dc34f57d080,1/25/2021 6:29:02 PM,jdpeacock_ncdenr,2/11/2026 7:45:40 PM,jdpeacock_ncdenr,625 Main St. SW,Concord,Cabarrus,Joellen Meitl,10.14,9/25/2023 12:00:00 AM,-80.5891011314936,35.3871449914775,"https://www.google.com/maps/dir/?api=1&destination=35.38714499147754,-80.589101131493635&travelmode=driving",https://edocs.deq.nc.gov/WasteManagement/ElectronicFile.aspx?docid=1822442&dbid=0&repo=WasteManagement,1526394.88758864,599616.226484984
3268,2500521060,25005-21-060,James Waste Oil,Active Eligible,661bef41-414c-4dab-93f1-bf98d26f15ee,1/25/2021 6:41:26 PM,jdpeacock_ncdenr,11/3/2023 9:03:14 PM,jdpeacock_ncdenr,"200, 210, 221 Dalton Ave.",Charlotte,Mecklenburg,Jordan Thompson,9.13,6/8/2021 12:00:00 AM,-80.8295899318571,35.2393218822583,"https://www.google.com/maps/dir/?api=1&destination=35.23932188225826,-80.82958993185713&travelmode=driving",,1453737.16249755,547059.259420648
3272,2403520060,24035-20-060,TA Sherrill Construction,Recorded,f32874a9-8e0c-43b2-b5a8-4dce91a8611c,4/8/2021 8:31:17 PM,wlschmithorst_ncdenr,8/7/2026 5:05:12 PM,jdpeacock_ncdenr,2000 North Brevard Street,Charlotte,Mecklenburg,Sydney Janda,2.83,1/12/2022 12:00:00 AM,-80.8185486903571,35.2397485524721,"https://www.google.com/maps/dir/?api=1&destination=35.239748552472136,-80.818548690357147&travelmode=driving",https://edocs.deq.nc.gov/WasteManagement/ElectronicFile.aspx?docid=1749037&dbid=0&repo=WasteManagement,1457036.23857655,547153.943614483
3274,2500621060,25006-21-060,Maaco Fleet Solutions,Active Eligible,956977b9-e8a9-4577-8f0e-0621111a29bb,5/6/2021 7:23:45 PM,jdpeacock_ncdenr,11/3/2023 9:03:14 PM,jdpeacock_ncdenr,2217 S. Tryon Street,Charlotte,Mecklenburg,Peter Doorn,1.14,4/15/2021 4:00:00 AM,-80.8666652772845,35.2089114019927,"https://www.google.com/maps/dir/?api=1&destination=35.20891140199268,-80.86666527728445&travelmode=driving",,1442460.70375131,536199.570838228
3275,2500721092,25007-21-092,Martin Millwork,Recorded,28fec70c-da48-4df3-a448-ebdf8356edd7,5/6/2021 7:32:12 PM,jdpeacock_ncdenr,1/20/2026 9:34:34 PM,jdpeacock_ncdenr,"905 Tryon Hill Dr; 865, 861, 857, 0 W Morgan St",Raleigh,Wake,Stephanie Graham,3.55,12/31/2025 12:00:00 AM,-78.6565088942342,35.7807000598733,"https://www.google.com/maps/dir/?api=1&destination=35.7807000598733,-78.65650889423415&travelmode=driving",https://edocs.deq.nc.gov/WasteManagement/ElectronicFile.aspx?docid=2187187&dbid=0&repo=WasteManagement,2101881.30649538,739245.154575646
3276,2500821092,25008-21-092,North Hills Expansion (RN),Recorded,99393ed6-f808-42da-8f87-3ae1ddab41cc,5/6/2021 8:16:30 PM,jdpeacock_ncdenr,11/6/2023 3:21:00 PM,jdpeacock_ncdenr,"1261, 4217, 4381 Lassiter Mill Rd",Raleigh,Wake,Claire Sorrell,7.18,10/17/2023 12:00:00 AM,-78.6445878866572,35.8369834489516,"https://www.google.com/maps/dir/?api=1&destination=35.83698344895165,-78.6445878866572&travelmode=driving",,2105343.75035788,759744.460361734
3277,2500921026,25009-21-026,East Side Truk Service,Recorded,fbd4533f-c2ae-4d4f-9567-3d127cc23f2b,5/10/2021 5:21:11 PM,jdpeacock_ncdenr,11/3/2023 9:03:15 PM,jdpeacock_ncdenr,520 Judson Church Road,Fayetteville,Cumberland,Stephanie Graham,3.39,12/22/2022 12:00:00 AM,-78.8163670093748,35.0087910056091,"https://www.google.com/maps/dir/?api=1&destination=35.00879100560908,-78.81636700937477&travelmode=driving",,2054986.6775158,458176.69899714
3278,2501021032,25010-21-032,Erwin Terrace Self Storage,No Further Interest,233a5926-dc4b-420f-84f5-549b082d2eca,5/10/2021 5:27:59 PM,jdpeacock_ncdenr,11/3/2023 9:03:15 PM,jdpeacock_ncdenr,2814 Erwin Road,Durham,Durham,Aditi Posek,2,4/28/2021 12:00:00 AM,-78.9482525117101,36.0078606841319,"https://www.google.com/maps/dir/?api=1&destination=36.0078606841319,-78.94825251171008&travelmode=driving",,2015306.19749372,821761.21132797
3279,2501121060,25011-21-060,Bendel Corporation,No Further Interest,5f04c826-4ddc-4830-8ee2-985aa7c82bdc,5/10/2021 5:38:48 PM,jdpeacock_ncdenr,11/3/2023 9:03:15 PM,jdpeacock_ncdenr,"4801, 4823, 4923 N. Graham Street",Charlotte,Mecklenburg,Aditi Posek,20.03,6/14/2021 12:00:00 AM,-80.8073059535888,35.2809948306809,"https://www.google.com/maps/dir/?api=1&destination=35.280994830680875,-80.807305953588838&travelmode=driving",,1460665.89601539,562101.602367401
3280,2501221074,25012-21-074,Greenville MGP,Active Eligible,d3d41729-ad67-4c8f-bbbd-f264e15a68e5,5/10/2021 5:50:42 PM,jdpeacock_ncdenr,8/22/2024 8:53:44 PM,jdpeacock_ncdenr,100 Legion Street,Greenville,Pitt,Peter Doorn,2,5/14/2021 12:00:00 AM,-77.3767569874781,35.6165221342094,"https://www.google.com/maps/dir/?api=1&destination=35.6165221342094,-77.376756987478146&travelmode=driving",,2482191.58819614,682797.203167304
3281,2501321065,25013-21-065,Takeda,No Further Interest,360395b7-04b8-4021-a780-1c74d9313091,5/10/2021 7:29:53 PM,jdpeacock_ncdenr,4/8/2025 4:46:51 PM,jdpeacock_ncdenr,110 Vitamin Drive,Wilmington,New Hanover,Claire Sorrell,586.8,3/28/2025 12:00:00 AM,-78.0148133474856,34.3288913995891,"https://www.google.com/maps/dir/?api=1&destination=34.328891399589118,-78.0148133474856&travelmode=driving",,2297449.63583039,212164.569303229
3282,2501421032,25014-21-032,Erwin Terrace Apartments (RN),Ineligible,6f583e66-bc35-4a26-bead-58345209ff7f,5/10/2021 7:42:53 PM,jdpeacock_ncdenr,11/3/2023 9:03:16 PM,jdpeacock_ncdenr,806 Lambeth Circle; 2814 Erwin Road,Durham,Durham,Aditi Posek,5.88,9/24/2021 12:00:00 AM,-78.9483905640964,36.0068158376309,"https://www.google.com/maps/dir/?api=1&destination=36.006815837631,-78.948390564096385&travelmode=driving",,2015265.56338863,821380.841353804
3283,2501521092,25015-21-092,Earps Seafood,Inactive Eligible,47cbe5d6-46ba-45e9-aefb-d3df43956b2a,5/11/2021 3:19:02 PM,jdpeacock_ncdenr,6/3/2025 9:12:38 PM,jdpeacock_ncdenr,"1414 S Saunders St..; 312, 314, 318, 322, 330, 334, 338 Maywood Ave.; 317, 321 Summit Ave.",Raleigh,Wake,Hayley Irick,2.39,3/17/2025 12:00:00 AM,-78.6503829755282,35.7611686823284,"https://www.google.com/maps/dir/?api=1&destination=35.761168682328417,-78.65038297552816&travelmode=driving",,2103723.30281138,732142.266222388
3284,2501621016,25016-21-016,Morehead City Shopping Center,Active Eligible,34eac1de-7d35-4098-b1ad-015bc6dd249d,5/11/2021 3:29:45 PM,jdpeacock_ncdenr,12/5/2023 3:49:45 PM,jdpeacock_ncdenr,1700 - 1712 Arendell Street; 1709 - 1713 Bridges Street,Morehead City,Carteret,Shristi Shrestha,2.123,12/4/2023 12:00:00 AM,-76.7261489853718,34.7228896761477,"https://www.google.com/maps/dir/?api=1&destination=34.72288967614765,-76.7261489853718&travelmode=driving",,2683191.9644098,361902.122845888
3285,2501721060,25017-21-060,Byrum Seed (RN),Recorded,54c45a0d-0178-45df-b9e9-51b528fd8e1b,5/11/2021 3:39:25 PM,jdpeacock_ncdenr,11/3/2023 9:03:17 PM,jdpeacock_ncdenr,227 Southside Drive,Charlotte,Mecklenburg,Caroline Goodwin,4,2/3/2023 11:40:00 AM,-80.8815552381344,35.1861253862905,"https://www.google.com/maps/dir/?api=1&destination=35.18612538629051,-80.8815552381344&travelmode=driving",,1437856.69294623,527992.20798789
3286,2501821041,25018-21-041,Guilford College,Active Eligible,09ee8667-2947-4e90-8e73-902d370f293b,5/11/2021 3:51:17 PM,jdpeacock_ncdenr,5/11/2026 9:26:46 PM,jdpeacock_ncdenr,"1118, 1122, 1124, 1128 Guilford College Rd.; 4813, 4815, 4821 Wendover Ave.",Greensboro,Guilford,Jordan Thompson,28.4,7/8/2021 12:00:00 AM,-79.9216362777229,36.0458517795404,"https://www.google.com/maps/dir/?api=1&destination=36.04585177954037,-79.92163627772291&travelmode=driving",,1727540.16574347,836851.777931556
3287,2501921060,25019-21-060,Davidson Depot II,Recorded,d2e0c3f2-1842-4595-9831-3a747d7eab76,5/11/2021 5:13:42 PM,jdpeacock_ncdenr,11/3/2023 9:03:18 PM,jdpeacock_ncdenr,301 Depot Street,Davidson,Mecklenburg,Carolyn Minnich,4.7,12/21/2021 12:00:00 AM,-80.8509727524122,35.5005280454128,"https://www.google.com/maps/dir/?api=1&destination=35.5005280454128,-80.85097275241216&travelmode=driving",https://edocs.deq.nc.gov/WasteManagement/ElectronicFile.aspx?docid=1748999&dbid=0&repo=WasteManagement,1449126.09724464,642228.230827734
3288,2502021036,25020-21-036,Pharr Yarns (RN),Active Eligible,d612ec2c-6e16-48d1-80de-48d99d98c239,5/11/2021 5:54:03 PM,jdpeacock_ncdenr,11/3/2023 9:03:18 PM,jdpeacock_ncdenr,S. Wilkinson Blvd.; Park St.; McLean St.,Belmont,Gaston,Bill Schmithorst,37.11,4/20/2021 12:00:00 AM,-81.0252306837345,35.2485522503853,"https://www.google.com/maps/dir/?api=1&destination=35.2485522503853,-81.0252306837345&travelmode=driving",,1395400.62759605,551552.038492814
3289,2502121060,25021-21-060,Carolina Tractor Supply,No Further Interest,89e6127b-a5c2-4865-9e17-9b3f93550b74,5/11/2021 5:58:38 PM,jdpeacock_ncdenr,7/9/2024 10:12:22 PM,jdpeacock_ncdenr,4620 Rozzelles Ferry Rd.; 148 Lawton Rd.,Charlotte,Mecklenburg,Tracy Wahl,1.96,6/6/2024 12:00:00 AM,-80.8877166322925,35.2710321457999,"https://www.google.com/maps/dir/?api=1&destination=35.271032145799865,-80.887716632292538&travelmode=driving",,1436603.68560971,558922.950588226
3290,2502221032,25022-21-032,SouthBank Building,Recorded,2f04fb6f-27c3-46c7-89b3-9b9308e6098b,5/11/2021 6:21:51 PM,jdpeacock_ncdenr,1/11/2024 4:56:56 PM,jdpeacock_ncdenr,400 W. Main St.,Durham,Durham,Stephanie Graham,7.83,1/5/2024 12:00:00 AM,-78.9043951731272,35.9976225891541,"https://www.google.com/maps/dir/?api=1&destination=35.99762258915412,-78.904395173127156&travelmode=driving",,2028281.49634622,818043.938906893
3291,2502321060,25023-21-060,Chemway Corporation (RN),No Further Interest,51ce3727-fb4b-4350-8ca7-659320a350b0,5/11/2021 6:29:04 PM,jdpeacock_ncdenr,11/3/2023 9:03:19 PM,jdpeacock_ncdenr,926 Tuckaseegee Rd.,Charlotte,Mecklenburg,Aditi Posek,1.26,9/16/2021 12:00:00 AM,-80.8719719241102,35.2366539161151,"https://www.google.com/maps/dir/?api=1&destination=35.236653916115145,-80.87197192411024&travelmode=driving",,1441066.27576588,546324.358659476
3292,2502421060,25024-21-060,Southern Bakeries Co (RN),Active Eligible,dfa30bc9-0470-4638-bfc0-185b1f5c64f8,5/11/2021 6:55:11 PM,jdpeacock_ncdenr,11/3/2023 9:03:19 PM,jdpeacock_ncdenr,1426 S. Tryon St.; 131 Winona St.,Charlotte,Mecklenburg,Bill Schmithorst,1.26,5/6/2021 12:00:00 AM,-80.856429828017,35.2169332893631,"https://www.google.com/maps/dir/?api=1&destination=35.21693328936313,-80.856429828017&travelmode=driving",,1445572.0892608,539061.249169976
3293,2502521092,25025-21-092,Kindley St (RN),Recorded,7f2c19dd-e1f3-4e64-a3ca-32072668de69,5/11/2021 6:59:45 PM,jdpeacock_ncdenr,10/7/2024 10:16:51 PM,jdpeacock_ncdenr,120 Kindley St.,Raleigh,Wake,Joshawa Billiot,10.14,1/23/2023 12:00:00 AM,-78.6428331068797,35.7701081241182,"https://www.google.com/maps/dir/?api=1&destination=35.77010812411823,-78.64283310687975&travelmode=driving",,2105951.44041547,735404.103202641
3294,2502621060,25026-21-060,Clawson Radiator II (RN),Recorded,139b8d02-28db-4a0b-b603-a97fd886c4b7,5/11/2021 7:31:11 PM,jdpeacock_ncdenr,11/3/2023 9:03:19 PM,jdpeacock_ncdenr,"1600, 1612 Camden Rd.; 115 W. Park Ave.",Charlotte,Mecklenburg,Bill Schmithorst,.86,1/19/2023 12:00:00 AM,-80.85767008736,35.2146664646364,"https://www.google.com/maps/dir/?api=1&destination=35.2146664646364,-80.85767008735996&travelmode=driving",,1445186.28753898,538243.32528089
3295,2502721036,25027-21-036,Pharr Yarns II (RN),Active Eligible,4c5607ec-d802-4dcd-8688-0d6af458f6b7,5/12/2021 6:43:03 PM,jdpeacock_ncdenr,11/3/2023 9:03:20 PM,jdpeacock_ncdenr,"700 W, 1st Street",Lowell,Gaston,Bill Schmithorst,17.49,8/5/2021 12:00:00 AM,-81.1073914038968,35.2710252255441,"https://www.google.com/maps/dir/?api=1&destination=35.271025225544058,-81.107391403896827&travelmode=driving",,1371050.09066731,560239.706156805
3296,2502821034,25028-21-034,Stewart Warner (RN),Complete,6c44b517-c5a6-4346-9e58-8c1400e27ce9,5/12/2021 6:56:46 PM,jdpeacock_ncdenr,7/9/2024 10:12:22 PM,jdpeacock_ncdenr,2941 Indiana Avenue,Winston-Salem,Forsyth,Caroline Goodwin,10.97,6/25/2024 12:00:00 AM,-80.2370675003768,36.1280557965164,"https://www.google.com/maps/dir/?api=1&destination=36.12805579651637,-80.23706750037675&travelmode=driving",,1634667.27209331,867788.525113061
3297,2502921068,25029-21-068,Johnsons Garage,No Further Interest,bcfbc50e-f6ec-40fc-bd96-556cc834ce77,5/12/2021 8:26:48 PM,jdpeacock_ncdenr,11/5/2025 2:03:40 PM,cdobill_ncdenr,"201, 203, 205 E. Longview Street",Chapel Hill ,Orange,Stephanie Graham,1.84,7/31/2024 12:00:00 AM,-79.0563228836559,35.9214563453079,"https://www.google.com/maps/dir/?api=1&destination=35.92145634530793,-79.056322883655866&travelmode=driving",,1983445.85931164,790349.117000058
3298,2503021060,25030-21-060,East 34th Street,Pending,3136ae4c-e658-4af4-9033-2a3e2a8cc89e,5/12/2021 8:35:40 PM,jdpeacock_ncdenr,11/3/2023 9:03:21 PM,jdpeacock_ncdenr,"1215, 1221, 1227 E. 34th Street",Charlotte,Mecklenburg,Aditi Posek,1,4/8/2021 12:00:00 AM,-80.7991784994182,35.2400745381888,"https://www.google.com/maps/dir/?api=1&destination=35.24007453818875,-80.79917849941816&travelmode=driving",,1462821.11513014,547167.182761222
3299,2503121036,25031-21-036,Wix Filtration II,Recorded,6ab20937-827c-4a8d-bb7c-36f1b33f97db,5/12/2021 8:41:55 PM,jdpeacock_ncdenr,2/11/2026 7:45:40 PM,jdpeacock_ncdenr,1301 E. Ozark Ave.,Gastonia,Gaston,Kris Riddle,3.55,1/29/2026 12:00:00 AM,-81.163749467932,35.2692315869107,"https://www.google.com/maps/dir/?api=1&destination=35.2692315869107,-81.163749467932035&travelmode=driving",,1354218.43469813,559948.915727898
3300,2503221060,25032-21-060,Domestic Laundry I,Recorded,f9f058a5-2bda-427f-8a1b-3fe088d98763,5/13/2021 2:16:21 PM,jdpeacock_ncdenr,2/13/2026 3:34:46 PM,jdpeacock_ncdenr,801 S. McDowell St; 943 Baxter St.,Charlotte,Mecklenburg,Peter Doorn,1.153,1/20/2026 12:00:00 AM,-80.8423227866989,35.2131811648341,"https://www.google.com/maps/dir/?api=1&destination=35.21318116483408,-80.84232278669894&travelmode=driving",,1450022.19453381,537954.907222554
3301,2503321060,25033-21-060,Berryhill-Tuckaseegee,No Further Interest,c61ded05-3886-4e2d-a059-04403a3224aa,5/13/2021 3:04:35 PM,jdpeacock_ncdenr,11/3/2023 9:03:21 PM,jdpeacock_ncdenr,1026 Jay St.; 1100 Tuckaseegee Rd.; 1112 Berryill Rd.,Charlotte,Mecklenburg,Aditi Posek,7.236,9/16/2021 12:00:00 AM,-80.8732899945489,35.2356560861489,"https://www.google.com/maps/dir/?api=1&destination=35.23565608614887,-80.8732899945489&travelmode=driving",,1440665.91961122,545968.69171989
3302,2503421060,25034-21-060,N Tryon Assemblage,Active Eligible,79fe4b7d-06dd-4859-bf99-b2386708b228,5/13/2021 4:29:25 PM,jdpeacock_ncdenr,11/3/2023 9:03:22 PM,jdpeacock_ncdenr,"125 Matheson Ave; 2700, 2726, 2800, 2832 N. Tryon St.",Charlotte,Mecklenburg,Carolyn Minnich,7.56,6/30/2021 12:00:00 AM,-80.8140014526442,35.2493548465517,"https://www.google.com/maps/dir/?api=1&destination=35.2493548465517,-80.81400145264425&travelmode=driving",,1458457.64058939,550624.689953804
3303,2503521060,25035-21-060,National Welders Suppy,Recorded,cc8813de-b67a-49b7-bf6e-b5113f54af6f,5/13/2021 4:42:37 PM,jdpeacock_ncdenr,2/6/2024 8:22:33 PM,jdpeacock_ncdenr,Gesco St.; State Street,Charlotte,Mecklenburg,Bill Schmithorst,3.6,1/19/2024 12:00:00 AM,-80.8696401962284,35.2391430142523,"https://www.google.com/maps/dir/?api=1&destination=35.23914301425232,-80.86964019622837&travelmode=driving",,1441779.46265972,547216.973344058
3304,2503621060,25036-21-060,Clariant Corp (RN),Recorded,cb7f4d28-6a66-4faf-a47e-dad42b7999f8,6/7/2021 7:28:48 PM,jdpeacock_ncdenr,1/4/2024 4:35:23 PM,jdpeacock_ncdenr,4000 Monroe Road,Carlotte,Mecklenburg,Peter Doorn,9.79,12/28/2023 5:00:00 PM,-80.7932378332571,35.1966715621206,"https://www.google.com/maps/dir/?api=1&destination=35.196671562120635,-80.7932378332571&travelmode=driving",https://edocs.deq.nc.gov/WasteManagement/ElectronicFile.aspx?docid=1825621&dbid=0&repo=WasteManagement,1464309.29128763,531341.401092649
3305,2503721018,25037-21-018,Regal Mfg III (RN),Active Eligible,48c59266-ff1b-48f8-8f75-68bba91fd1ea,6/7/2021 7:46:08 PM,jdpeacock_ncdenr,10/14/2025 9:37:03 PM,jdpeacock_ncdenr,212 12th Avenue NE,Hickory,Catawba,Carolyn Minnich,2,1/14/2022 12:00:00 AM,-81.3338433965759,35.7482634092635,"https://www.google.com/maps/dir/?api=1&destination=35.7482634092635,-81.33384339657593&travelmode=driving",,1307560.65465431,735402.246579066
3306,2503821060,25038-21-060,Carolina J and M Auto,Active Eligible,e34f5306-699f-40e0-8260-59769df5ee6a,6/7/2021 7:55:15 PM,jdpeacock_ncdenr,9/9/2024 6:13:04 PM,jdpeacock_ncdenr,"3500, 3514, 3526 S Tryon St.; 422, 428 Blairill Rd",Charlotte,Mecklenburg,Jordan Thompson,2.14,8/30/2024 12:00:00 AM,-80.8781629378514,35.1954299859827,"https://www.google.com/maps/dir/?api=1&destination=35.19542998598266,-80.8781629378514&travelmode=driving",,1438934.13961022,531358.751123562
3307,2503921060,25039-21-060,2300 N Tryon,No Further Interest,411c568f-6eb7-4946-adb4-7d02dbede604,6/8/2021 4:51:47 PM,jdpeacock_ncdenr,11/3/2023 9:03:23 PM,jdpeacock_ncdenr,"2210, 2220, 2222, 2300 N. Tryon Street",Charlotte,Mecklenburg,Aditi Posek,3.58,8/17/2023 12:00:00 AM,-80.8197151948596,35.2447896583991,"https://www.google.com/maps/dir/?api=1&destination=35.24478965839912,-80.819715194859626&travelmode=driving",,1456721.62372021,548994.706337139
3308,2504021060,25040-21-060,FT Williams Trucking (RN),Recorded,e084e088-9894-4041-b2ef-c66e0bfe022e,6/8/2021 7:01:41 PM,jdpeacock_ncdenr,11/5/2024 5:21:49 PM,jdpeacock_ncdenr,"3001, 3009 Rozzelles Ferry Rd.; 2926, 2930, 2934, 2940 Clyde Dr.",Charlotte,Mecklenburg,Joshawa Billiot,4.546,1/11/2024 12:00:00 AM,-80.8722946868529,35.2528526411675,"https://www.google.com/maps/dir/?api=1&destination=35.2528526411675,-80.87229468685291&travelmode=driving",,1441081.10185172,552220.58571215
3309,2504121034,25041-21-034,Thomasville Plant H III (RN),Recorded,1fca988f-6439-4af4-870e-29ce7905532f,6/8/2021 7:44:59 PM,jdpeacock_ncdenr,7/16/2025 9:17:16 PM,jdpeacock_ncdenr,1201 N. Patterson Ave.,Winston-Salem,Forsyth,Caroline Goodwin,10.5,6/10/2025 5:00:00 AM,-80.2404189898585,36.1095748081873,"https://www.google.com/maps/dir/?api=1&destination=36.1095748081873,-80.2404189898585&travelmode=driving",,1633593.48946397,861073.574632227
3310,2504221060,25042-21-060,Cook Body (RN),Recorded,883fec9d-dba8-4baa-a918-9c82445c4084,6/9/2021 6:51:48 PM,jdpeacock_ncdenr,5/11/2026 9:26:46 PM,jdpeacock_ncdenr,"2401, 2403, 2441 Wilkinson Boulevard",Charlotte,Mecklenburg,BRS-Property Management,7.03,1/6/2025 12:00:00 AM,-80.8804756802056,35.2231020255382,"https://www.google.com/maps/dir/?api=1&destination=35.22310202553824,-80.8804756802056&travelmode=driving",,1438434.09795938,541441.09021081
3311,2504321060,25043-21-060,Acme Garage,No Further Interest,e60132f3-f13c-4d20-ab4a-1c9deb4b21bd,6/9/2021 7:43:54 PM,jdpeacock_ncdenr,2/13/2025 4:49:03 PM,jdpeacock_ncdenr,"318, 324 N. Tryon St.; 301, 313, 317, 345 N. College St.; 113, 119, 129 E. 7th St.",Charlotte,Mecklenburg,Jordan Thompson,3.59,2/6/2025 12:00:00 AM,-80.8393578199777,35.2288420303948,"https://www.google.com/maps/dir/?api=1&destination=35.22884203039482,-80.83935781997772&travelmode=driving",,1450750.41453405,543299.716742888
3312,2504421060,25044-21-060,George Fern Co (RN),Recorded,8194efd7-0231-489f-9e04-f7c81de524a6,6/9/2021 7:52:06 PM,jdpeacock_ncdenr,2/13/2025 4:49:03 PM,jdpeacock_ncdenr,2310 Old Steele Creek Rd.,Charlotte,Mecklenburg,Carolyn Minnich,9.6,1/9/2025 12:00:00 AM,-80.9051543476617,35.2203368804241,"https://www.google.com/maps/dir/?api=1&destination=35.22033688042407,-80.90515434766172&travelmode=driving",,1431045.89062297,540575.438398808
3313,2402320034,24023-20-034,RJ Reynolds - Area 2B,Recorded,559b2f8f-bc89-45a9-84ee-9f33314ddce7,6/10/2021 6:21:48 PM,cegoodwin_ncdenr,11/3/2023 9:03:25 PM,jdpeacock_ncdenr,875 Reynolds Blvd; 4021 & 4035 Reynolds Ct,Winston-Salem,Forsyth,Caroline Goodwin,36.57,12/30/2021 12:00:00 AM,-80.2510412671972,36.1374328171729,"https://www.google.com/maps/dir/?api=1&destination=36.13743281717292,-80.251041267197238&travelmode=driving",https://edocs.deq.nc.gov/WasteManagement/ElectronicFile.aspx?docid=1749000&dbid=0&repo=WasteManagement,1630583.74417114,871253.605781317
3314,2504521096,25045-21-096,Borden Textile Mill (RN),No Further Interest,dfcba25f-812f-492c-ba01-ae364802f56e,7/6/2021 8:54:39 PM,jdpeacock_ncdenr,2/6/2024 8:22:33 PM,jdpeacock_ncdenr,801 North William Street,Goldsboro,Wayne,Brad Atkinson,12.93,10/30/2023 12:00:00 AM,-77.9888208419617,35.3926609499734,"https://www.google.com/maps/dir/?api=1&destination=35.39266094997341,-77.98882084196168&travelmode=driving",,2301353.62835047,599367.81654872
3315,2504621060,25046-21-060,Harrelson Ford (RN),Recorded,f3c5966c-1ccd-4214-939c-4bb18f2f4b77,7/6/2021 9:08:09 PM,jdpeacock_ncdenr,11/6/2023 3:21:00 PM,jdpeacock_ncdenr,6500 South Boulevard,Charlotte,Mecklenburg,Bill Schmithorst,8.59,10/13/2023 12:00:00 AM,-80.87755612413,35.1450848403122,"https://www.google.com/maps/dir/?api=1&destination=35.1450848403122,-80.87755612412998&travelmode=driving",,1438768.86467831,513035.901286393
3316,2504721060,25047-21-060,Charlotte Oil and Fertilizer Works II (RN),Active Eligible,c415d240-99fc-4c32-b1f7-8f903d651c5c,7/6/2021 9:15:36 PM,jdpeacock_ncdenr,11/3/2023 9:03:25 PM,jdpeacock_ncdenr,2132 Hawkins Street,Charlotte,Mecklenburg,Caroline Goodwin,.93,12/22/2021 12:00:00 AM,-80.8629560372398,35.2095744907315,"https://www.google.com/maps/dir/?api=1&destination=35.209574490731477,-80.8629560372398&travelmode=driving",,1443572.9869598,536420.043494388
3317,2504821090,25048-21-090,Ledwig Musser Facility (RFR),Active Eligible,01e0e5e9-106c-49e9-bf43-279315840bdf,7/6/2021 9:24:22 PM,jdpeacock_ncdenr,11/3/2023 9:03:26 PM,jdpeacock_ncdenr,"2804, 2806 Mason Street",Monroe,Union,Tracy Wahl,7.77,7/11/2022 12:00:00 AM,-80.4981438454333,34.9866716964629,"https://www.google.com/maps/dir/?api=1&destination=34.98667169646295,-80.4981438454333&travelmode=driving",,1551301.60647589,453461.723847061
3318,2504921060,25049-21-060,Hunter Wrecker (RN),No Further Interest,f0f1c8bc-8d8c-4a4e-9a39-4b59c5d1b723,7/6/2021 9:42:40 PM,jdpeacock_ncdenr,5/4/2026 5:01:30 PM,cdobill_ncdenr,"1100, 1101, 1107, 1111, 1108, 1112, 1114, 1126, 1133 N. Davidson Street; 1100, 1104, 1108,1138 N. Caldwell Street; 521, 615, 617, 621, 1109 Belmont Avenue; 510-516 E. 15th Street",Charlotte,Mecklenburg,Peter Doorn,7.02,8/1/2024 12:00:00 AM,-80.8256884242745,35.2318594779339,"https://www.google.com/maps/dir/?api=1&destination=35.231859477933916,-80.8256884242745&travelmode=driving",,1454942.31330247,544367.440657318
3319,2505021060,25050-21-060,Assistance League (RN),Recorded,6ecf7e08-a5fc-40d7-9400-b69dca6e2e0b,7/6/2021 9:56:57 PM,jdpeacock_ncdenr,4/9/2026 4:08:37 PM,jdpeacock_ncdenr,3405 S. Tryon Street,Charlotte,Mecklenburg,Sydney Janda,3,4/18/2024 12:00:00 AM,-80.8758113237563,35.1965138127959,"https://www.google.com/maps/dir/?api=1&destination=35.19651381279595,-80.87581132375628&travelmode=driving",,1439644.0105658,531739.849114642
3321,2403620060,24036-20-060,East Cama Street (RN),Recorded,c54158de-93a4-416b-b734-5958d3d34b80,7/30/2021 6:56:49 PM,jdpeacock_ncdenr,11/3/2023 9:03:27 PM,jdpeacock_ncdenr,235 East Cama Street,Charlotte,Mecklenburg,Carolyn Minnich,.56,8/2/2022 12:00:00 AM,-80.8794603573493,35.18912443648,"https://www.google.com/maps/dir/?api=1&destination=35.189124436479965,-80.87946035734926&travelmode=driving",https://edocs.deq.nc.gov/WasteManagement/ElectronicFile.aspx?docid=1755872&dbid=0&repo=WasteManagement,1438503.16015722,529071.63824372
3322,2403820036,24038-20-036,Imperial Mills (RN),Recorded,af12f37d-4cbc-4e40-b021-1f8331cf2074,7/30/2021 8:05:48 PM,jdpeacock_ncdenr,7/9/2024 9:24:40 PM,jdpeacock_ncdenr,Hawthorne Street; McLeod Avenue; 8 Mill Street,Belmont,Gaston,Jordan Thompson,23,5/22/2024 12:00:00 AM,-81.0352702022725,35.2406915132993,"https://www.google.com/maps/dir/?api=1&destination=35.240691513299275,-81.03527020227251&travelmode=driving",,1392345.25837871,548753.054261401
3323,2403920060,24039-20-060,Jones Electric Repair,Recorded,4769770b-76b7-4ea6-b15c-6b1bf9d0df42,7/30/2021 8:29:10 PM,jdpeacock_ncdenr,1/4/2024 7:28:13 PM,jdpeacock_ncdenr,705 E. 7th Street,Charlotte,Mecklenburg,Jordan Thompson,1.21,11/16/2023 12:00:00 AM,-80.8330580187592,35.2241946732913,"https://www.google.com/maps/dir/?api=1&destination=35.2241946732913,-80.833058018759175&travelmode=driving",https://edocs.deq.nc.gov/WasteManagement/ElectronicFile.aspx?docid=1825637&dbid=0&repo=WasteManagement,1452600.15296055,541573.827478141
3324,2505121034,25051-21-034,Brown School (RN),Recorded,53028082-668b-42ca-8eb6-160fb6f37c6e,8/2/2021 2:22:07 PM,jdpeacock_ncdenr,5/6/2025 8:32:11 PM,jdpeacock_ncdenr,1125 Highland Avenue,WInston-Salem,Forsyth,Jordan Thompson,4.46,4/18/2025 12:00:00 AM,-80.2323082123091,36.1087566187733,"https://www.google.com/maps/dir/?api=1&destination=36.1087566187733,-80.232308212309078&travelmode=driving",,1635985.51092663,860745.90566814
3325,2505221034,25052-21-034,Polo Road,Recorded,8bd10b05-6504-4565-9e94-0e84cd563003,8/2/2021 2:43:59 PM,jdpeacock_ncdenr,1/21/2026 5:59:15 PM,jdpeacock_ncdenr,450 Polo Road,Winston-Salem,Forsyth,Carolyn Minnich,3.92,1/21/2026 12:00:00 AM,-80.2622101153421,36.141380844748,"https://www.google.com/maps/dir/?api=1&destination=36.141380844748035,-80.262210115342128&travelmode=driving",https://edocs.deq.nc.gov/WasteManagement/ElectronicFile.aspx?docid=2187750&dbid=0&repo=WasteManagement,1627304.17199014,872732.492587313
3326,2505321060,25053-21-060,Parkwood Station II,Active Eligible,ec011bca-ebc6-406c-9a66-13506dfba4f5,8/2/2021 4:49:48 PM,jdpeacock_ncdenr,11/3/2023 9:03:28 PM,jdpeacock_ncdenr,"151, 525 Parkwood Ave.; 1709, 1721 N. Davidson St.; 512, 516 E. 21st St.; 1708 N. Caldwell St.",Charlotte,Mecklenburg,Bill Schmithorst,2.94,2/9/2022 12:00:00 AM,-80.8207012059218,35.2361697720506,"https://www.google.com/maps/dir/?api=1&destination=35.236169772050637,-80.8207012059218&travelmode=driving",,1456369.74614313,545863.462271556
3327,2505421062,25054-21-062,Mt. Gilead Property (RN),Recorded,c626526e-a030-44d4-a8ba-b62cb949a3d9,8/2/2021 5:03:27 PM,jdpeacock_ncdenr,11/3/2023 9:03:28 PM,jdpeacock_ncdenr,299 Industry Ave.; 0 South Wadesboro Blvd.,Mount Gilead,Montgomery,Carolyn Minnich,3.55,10/31/2022 12:00:00 AM,-80.0065248856874,35.2177338529904,"https://www.google.com/maps/dir/?api=1&destination=35.217733852990357,-80.0065248856874&travelmode=driving",https://edocs.deq.nc.gov/WasteManagement/ElectronicFile.aspx?docid=1755935&dbid=0&repo=WasteManagement,1699389.5068218,535692.328742474
3328,2505521045,25055-21-045,TR Line Railroad Corridor,Active Eligible,0ecfde49-6aad-4667-ae55-343660753c16,8/3/2021 7:41:36 PM,jdpeacock_ncdenr,11/3/2023 9:03:28 PM,jdpeacock_ncdenr,19.1 mile track,Hendersonville,Henderson,Joselyn Harriger,190,3/31/2022 5:00:00 AM,-82.4587158144292,35.3096718630194,"https://www.google.com/maps/dir/?api=1&destination=35.309671863019368,-82.45871581442917&travelmode=driving",,968368.751018465,585602.495326146
3329,2505621060,25056-21-060,Statesville Road,No Further Interest,c1291042-0114-483b-a69f-3770188290a2,8/5/2021 7:47:22 PM,jdpeacock_ncdenr,11/3/2023 9:03:29 PM,jdpeacock_ncdenr,8718 Statesville Road,Charlotte,Mecklenburg,Lauren Fleming,4.99,10/12/2022 12:00:00 AM,-80.8407306789169,35.3404720048132,"https://www.google.com/maps/dir/?api=1&destination=35.34047200481318,-80.84073067891687&travelmode=driving",,1451093.81148505,583927.87400347
3330,2505721060,25057-21-060,Prose University Apts (RN),No Further Interest,f3337915-65a0-4e09-b703-403be5593c68,8/5/2021 7:57:43 PM,jdpeacock_ncdenr,11/3/2023 9:03:29 PM,jdpeacock_ncdenr,8430 N. Tryon Street,Charlotte,Mecklenburg,Aditi Posek,2.92,10/22/2021 12:00:00 AM,-80.7505427504209,35.3022080353201,"https://www.google.com/maps/dir/?api=1&destination=35.302208035320078,-80.750542750420948&travelmode=driving",,1477739.48260306,569517.368375733
3331,2505821092,25058-21-092,Chapel Hill Road,Recorded,07703b49-6d26-43d8-94dd-288667a18816,9/13/2021 3:40:47 PM,jdpeacock_ncdenr,12/16/2024 11:13:00 PM,jdpeacock_ncdenr,6500 Chapel Hill Road,Raleigh,Wake,Shristi Shrestha,8.13,12/5/2024 12:00:00 AM,-78.7355679491103,35.7911029880028,"https://www.google.com/maps/dir/?api=1&destination=35.79110298800283,-78.73556794911033&travelmode=driving",,2078422.12966055,742959.947670981
3332,2505921095,25059-21-095,Pinnacle Storage,Recorded,34b361d6-cbaf-455d-8d5f-7f409431fd68,9/13/2021 3:52:47 PM,jdpeacock_ncdenr,11/6/2024 7:09:45 PM,jdpeacock_ncdenr,E. King St.; New Market Blvd; Chestnut Dr.,Boone,Watauga,Caroline Goodwin,3.25,6/21/2024 12:00:00 AM,-81.6641845433376,36.2186177220597,"https://www.google.com/maps/dir/?api=1&destination=36.21861772205968,-81.664184543337626&travelmode=driving",,1214183.62159248,909125.193423808
3334,2506121086,25061-21-086,True Textiles Greenway,Recorded,c4410373-0208-4707-be06-c03de7ca1738,9/14/2021 6:40:24 PM,jdpeacock_ncdenr,11/3/2023 9:03:29 PM,jdpeacock_ncdenr,Fabric Lane,Elkin,Surry,Jordan Thompson,.23,12/5/2022 12:00:00 AM,-80.845296673505,36.2429737660457,"https://www.google.com/maps/dir/?api=1&destination=36.242973766045658,-80.845296673505&travelmode=driving",,1455838.58283539,912405.960484311
3335,2506221092,25062-21-092,Louisburg Rd (RN),No Further Interest,acae7f22-a4f2-4929-a925-76ebbf7f24f7,9/14/2021 7:09:40 PM,jdpeacock_ncdenr,11/3/2023 9:03:30 PM,jdpeacock_ncdenr,"7001, 7101 Louisburg Road",Raleigh,Wake,Aditi Posek,11.76,12/14/2021 12:00:00 AM,-78.5455431046543,35.8710924614859,"https://www.google.com/maps/dir/?api=1&destination=35.87109246148587,-78.545543104654286&travelmode=driving",,2134643.26524955,772279.852285638
3336,2506321060,25063-21-060,Simpson's Texaco Service,Recorded,4f3336c8-04d1-42f3-8e03-27092d3447fc,9/14/2021 7:26:34 PM,jdpeacock_ncdenr,1/16/2024 3:56:59 PM,jdpeacock_ncdenr,South Blvd.; Scaleybark Rd.,Charlotte,Mecklenburg,Bill Schmithorst,4.2,12/28/2023 12:00:00 AM,-80.8747744295746,35.187923210341,"https://www.google.com/maps/dir/?api=1&destination=35.187923210341,-80.87477442957463&travelmode=driving",https://edocs.deq.nc.gov/WasteManagement/ElectronicFile.aspx?docid=1826379&dbid=0&repo=WasteManagemen,1439894.68066813,528608.066992387
3337,2506421060,25064-21-060,Aamco Transmission,Active Eligible,3c5c0b39-67b6-4fcb-bc22-028317da6616,9/14/2021 7:59:24 PM,jdpeacock_ncdenr,11/3/2023 9:03:30 PM,jdpeacock_ncdenr,2413 S. Tryon Street,Charlotte,Mecklenburg,Tracy Wahl,.73,3/31/2022 12:00:00 AM,-80.8678105645527,35.2069601723756,"https://www.google.com/maps/dir/?api=1&destination=35.2069601723756,-80.867810564552656&travelmode=driving",,1442105.30616814,535495.993177146
3338,2506521092,25065-21-092,Crockers Automotive (RN),No Further Interest,28b97c97-5ece-46cc-9e47-11b75dcdf38f,9/14/2021 8:29:16 PM,jdpeacock_ncdenr,7/9/2024 10:12:22 PM,jdpeacock_ncdenr,117 S. Boylan St.; 615 W. Morgan St.,Raleigh,Wake,Stephanie Graham,.85,6/9/2024 12:00:00 AM,-78.6487936389969,35.7794877906439,"https://www.google.com/maps/dir/?api=1&destination=35.7794877906439,-78.64879363899692&travelmode=driving",,2104171.22612813,738811.906098306
3339,2506621060,25066-21-060,IBM Parcels 4 and 5,Active Eligible,2422d946-538b-42eb-9c7b-8eec90922114,9/14/2021 9:09:31 PM,jdpeacock_ncdenr,4/9/2024 8:14:02 PM,jdpeacock_ncdenr,University City Blvd: I-85,Charlotte,Mecklenburg,Kris Riddle,44.68,12/16/2023 12:00:00 AM,-80.7739657912603,35.2892878743943,"https://www.google.com/maps/dir/?api=1&destination=35.289287874394255,-80.773965791260338&travelmode=driving",,1470668.10698205,564939.892950639
3340,2506721060,25067-21-060,Dynatech III,Recorded,35669a0b-323c-4250-9352-9a0b83ee4765,9/15/2021 3:19:28 PM,jdpeacock_ncdenr,12/16/2024 3:02:25 PM,jdpeacock_ncdenr,"2205, 2209, 2301 Toomey Av; 660, 704 W. Tremont Ave.",Charlotte,Mecklenburg,Carolyn Minnich,2,6/30/2023 12:00:00 AM,-80.8707213899365,35.2116132155853,"https://www.google.com/maps/dir/?api=1&destination=35.211613215585317,-80.8707213899365&travelmode=driving",,1441083.65893322,537168.664700568
3341,2506821060,25068-21-060,Dynatech IV,Recorded,cfe8ac39-65af-4f23-8ee3-7330b20b4c96,9/15/2021 5:45:06 PM,jdpeacock_ncdenr,10/7/2024 10:08:38 PM,jdpeacock_ncdenr,2320 Toomey Avenue,Charlotte,Mecklenburg,Carolyn Minnich,2,9/27/2024 12:00:00 AM,-80.8726044849254,35.2121189170057,"https://www.google.com/maps/dir/?api=1&destination=35.21211891700571,-80.87260448492536&travelmode=driving",,1440708.99629672,537400.128476471
3342,2506921060,25069-21-060,Forshaw Chemicals,No Further Interest,0638f496-782a-46d9-ab40-c7ef80068a81,9/15/2021 7:11:53 PM,jdpeacock_ncdenr,11/3/2023 9:03:31 PM,jdpeacock_ncdenr,640-650 State Street,Charlotte,Mecklenburg,Aditi Posek,6.1,3/29/2023 12:00:00 AM,-80.869459156081,35.2405459461297,"https://www.google.com/maps/dir/?api=1&destination=35.2405459461297,-80.869459156081035&travelmode=driving",,1441843.12460589,547726.455592811
3343,2507021060,25070-21-060,Project East,Recorded,e5fa44f4-8fde-498c-941e-6bb00a338cc4,9/15/2021 8:16:48 PM,jdpeacock_ncdenr,9/4/2025 8:11:06 PM,jdpeacock_ncdenr,"1312, 1318, 1324 East Boulevard",Charlotte,Mecklenburg,Caroline Goodwin,1,9/3/2025 12:00:00 AM,-80.844316240223,35.20121514738,"https://www.google.com/maps/dir/?api=1&destination=35.20121514738003,-80.84431624022302&travelmode=driving",,1449083.15933838,533274.282397479
3344,2507121034,25071-21-034,Patterson Ave.,No Further Interest,a8387c86-e76c-44d2-9689-8e4a52f74124,9/16/2021 5:29:41 PM,jdpeacock_ncdenr,7/8/2026 8:24:00 PM,jdpeacock_ncdenr,"0, 1033, 1111, 1119, 1115, 1201 N Patterson Ave.;  0 Ivy Ave.; 0, 317, 325, 403 E Tenth St.",Winston-Salem,Forsyth,Peter Doorn,8.2,6/25/2025 12:00:00 AM,-80.2408862345743,36.1079118313377,"https://www.google.com/maps/dir/?api=1&destination=36.1079118313377,-80.2408862345743&travelmode=driving",,1633447.91003072,860469.958713472
3345,2507221060,25072-21-060,Winnifred Street,Active Eligible,0a19a5ab-ebed-4708-ac8b-c022f80df702,9/16/2021 7:40:55 PM,jdpeacock_ncdenr,11/3/2023 9:03:32 PM,jdpeacock_ncdenr,"1406, 438 Winnifred Street
",Charlotte,Mecklenburg,Jordan Thompson,1.53,2/25/2022 12:00:00 AM,-80.8569415656382,35.2177972083887,"https://www.google.com/maps/dir/?api=1&destination=35.217797208388738,-80.85694156563815&travelmode=driving",,1445425.15615572,539378.470976472
3346,2507321060,25073-21-060,Fulbright Laboratories (RN),Recorded,8a886018-4f72-4456-9351-41816987eaa3,10/7/2021 3:03:49 PM,jdpeacock_ncdenr,3/11/2024 3:16:34 PM,jdpeacock_ncdenr,"1919, 1923, 1933 South Boulevard",Charlotte,Mecklenburg,Bill Schmithorst,.92,1/19/2024 12:00:00 AM,-80.8592070193991,35.2098646375319,"https://www.google.com/maps/dir/?api=1&destination=35.2098646375319,-80.85920701939905&travelmode=driving",,1444694.59035964,536504.629283234
3347,2507421034,25074-21-034,WinstonSalem Landfill,Pending,6975913c-a6a1-4698-9da2-89f022b815f6,10/7/2021 3:10:29 PM,jdpeacock_ncdenr,11/3/2023 9:03:33 PM,jdpeacock_ncdenr,2020 Silas Creek Parkway,Winston-Salem,Forsyth,Lauren Fleming,24.62,9/13/2021 12:00:00 AM,-80.2676621700392,36.0667916420484,"https://www.google.com/maps/dir/?api=1&destination=36.06679164204842,-80.267662170039216&travelmode=driving",,1625347.68049631,845601.905772477
3348,2507521092,25075-21-092,Lake Wheeler Assemblage,Recorded,b678da13-cb6c-47f7-b2a9-cc41bcf61ab3,10/7/2021 3:25:53 PM,jdpeacock_ncdenr,2/13/2025 4:49:03 PM,jdpeacock_ncdenr,"1018, 1022, 1030, 1036, 1040, 1044, 1048 S. Saunders St.; 1123, 1201, 1205, 1209, 1213, 1215, 1217 Lake Wheeler Rd.; 1008, 1009 Hammell Dr.",Raleigh,Wake,Claire Sorrell,7.52,1/6/2025 12:00:00 AM,-78.6497785903171,35.767363705312,"https://www.google.com/maps/dir/?api=1&destination=35.767363705311986,-78.6497785903171&travelmode=driving",,2103894.65253431,734397.821422562
3349,2507621060,25076-21-060,Former CSX Railway (RN),Active Eligible,9390d1c0-530c-4deb-94de-d3ea5e29322c,10/7/2021 7:34:21 PM,jdpeacock_ncdenr,7/12/2024 7:57:53 PM,jdpeacock_ncdenr,1100 Tuckaseegee Rd.,Charlotte,Mecklenburg,Bill Schmithorst,3.02,12/22/2021 12:00:00 AM,-80.8727194181164,35.2372745552463,"https://www.google.com/maps/dir/?api=1&destination=35.23727455524626,-80.87271941811643&travelmode=driving",,1440847.37594122,546554.406755805
3350,2507721092,25077-21-092,Raleigh Ice Center (RN),Recorded,1b059964-5186-4dab-8011-43b6dcdc74b8,10/7/2021 7:45:25 PM,jdpeacock_ncdenr,1/5/2024 9:37:02 PM,jdpeacock_ncdenr,912 Hodges St.,Raleigh,Wake,Stephanie Graham,13.28,12/21/2023 12:00:00 AM,-78.6228920408225,35.8138333862776,"https://www.google.com/maps/dir/?api=1&destination=35.81383338627755,-78.622892040822478&travelmode=driving",https://edocs.deq.nc.gov/WasteManagement/ElectronicFile.aspx?docid=1825927&dbid=0&repo=WasteManagement,2111806.3060023,751341.644162148
3351,2507821041,25078-21-041,National Upholstery Company,No Further Interest,10258da9-c678-4584-ae67-3671661abc0c,10/7/2021 8:02:28 PM,jdpeacock_ncdenr,4/8/2024 2:37:14 PM,jdpeacock_ncdenr,"2500, 2506 Sinclair Ave.",High Point,Guilford,Lauren Fleming,2.5,3/11/2024 12:00:00 AM,-80.0319103486132,35.9314456933532,"https://www.google.com/maps/dir/?api=1&destination=35.9314456933532,-80.0319103486132&travelmode=driving",,1694508.37124288,795528.583347142
3352,2507921060,25079-21-060,Rhyne West (RN),Recorded,807c14ce-b633-4c5f-a3bd-73c4f3924ad9,10/7/2021 8:10:44 PM,jdpeacock_ncdenr,8/5/2025 7:37:13 PM,jdpeacock_ncdenr,225 Rhyne Road,Charlotte,Mecklenburg,Andrew Goodwin,15.951,1/19/2024 12:00:00 AM,-80.9680303022222,35.288795833002,"https://www.google.com/maps/dir/?api=1&destination=35.288795833001956,-80.96803030222216&travelmode=driving",,1412764.96425839,565852.245128557
3353,2508021060,25080-21-060,Robinwood Property (RN),No Further Interest,ad9811f4-8cb6-47d4-a0a2-8d3aef011a57,10/7/2021 8:19:03 PM,jdpeacock_ncdenr,6/16/2026 4:22:59 PM,jdpeacock_ncdenr,"4924, 5124, 5306 Robinwood Dr.; 10612, 10700 Harrisburg Rd.",Charlotte,Mecklenburg,Bill Schmithorst,26.65,5/4/2026 12:00:00 AM,-80.653065219875,35.2495819686139,"https://www.google.com/maps/dir/?api=1&destination=35.2495819686139,-80.653065219875018&travelmode=driving",,1506042.87743972,550515.851916894
3354,2508121011,25081-21-011,Winston Mills,Active Eligible,cd2e3917-e583-4eed-8632-58c1ba363ac7,10/7/2021 8:40:18 PM,jdpeacock_ncdenr,12/1/2025 9:46:03 PM,jdpeacock_ncdenr,3 Old Bee Tree Rd.,Swannanoa,Buncombe,Kris Riddle,24.67,9/29/2022 12:00:00 AM,-82.4317615440623,35.6154897465855,"https://www.google.com/maps/dir/?api=1&destination=35.6154897465855,-82.431761544062255&travelmode=driving",,980252.268589973,696563.009953231
3355,2508221011,25082-21-011,B and H Sheet Metal II (RN),Active Eligible,ef332d98-4dac-49a5-8526-e256a8aaa603,10/8/2021 3:27:35 PM,jdpeacock_ncdenr,9/9/2024 6:13:04 PM,jdpeacock_ncdenr,144 Riverside Dr.,Asheville,Buncombe,Jordan Thompson,1.29,7/11/2024 12:00:00 AM,-82.569977061249,35.5880149221605,"https://www.google.com/maps/dir/?api=1&destination=35.588014922160546,-82.569977061249&travelmode=driving",,938839.317951471,688017.743579224
3356,2508321032,25083-21-032,Angier Avenue Assemblage (RN),No Further Interest,4958694c-a6c8-4d7f-aedf-af2ca1423296,10/8/2021 3:45:00 PM,jdpeacock_ncdenr,11/3/2023 9:03:35 PM,jdpeacock_ncdenr,"1302, 1304, 1308, 1310, 1400, 1502 Angier Ave.; 205, 207, 208, 212 South Goley St.; 1400, 1410, 1412 Cross St.; 1303, 1304, 1305, 1306, 1308, 1309, 1310, 1311, 1312, 1314,1315 Morven Pl.; 207, 209, 211, 217 South Holman St.",Durham,Durham,Claire Sorrell,9.39,1/24/2023 12:00:00 AM,-78.8877927746901,35.9837362540575,"https://www.google.com/maps/dir/?api=1&destination=35.98373625405747,-78.887792774690126&travelmode=driving",,2033198.33264114,812994.162261054
3357,2508421060,25084-21-060,Wrights Cleaners (RN),Recorded,4475ff13-d82d-4f2e-9bc0-189ed610b585,11/4/2021 2:24:28 PM,jdpeacock_ncdenr,10/14/2025 9:25:14 PM,jdpeacock_ncdenr,"2801, 2815 S. Tryon Street",Charlotte,Mecklenburg,Carolyn Minnich,2.21,9/22/2025 12:00:00 AM,-80.8705251558048,35.2031711458843,"https://www.google.com/maps/dir/?api=1&destination=35.2031711458843,-80.87052515580477&travelmode=driving",,1441268.59950823,534132.513292566
3358,2508521065,25085-21-065,Exxon Wooster (RN),Inactive Eligible,0c1f17ed-667a-4284-92fc-570d344a5213,11/4/2021 2:33:12 PM,jdpeacock_ncdenr,11/5/2024 5:14:07 PM,jdpeacock_ncdenr,"719 South 3rd St.; 716, 720, 724 South 4th St.",Wilmington,New Hanover,Shristi Shrestha,1.45,2/9/2022 12:00:00 AM,-77.9441942842563,34.2259105158248,"https://www.google.com/maps/dir/?api=1&destination=34.22591051582475,-77.944194284256326&travelmode=driving",,2319168.86338922,174906.998149231
3359,2508621013,25086-21-013,Nu Brite Cleaners (RN),Recorded,20e94c17-62fe-48c2-917c-481cdb14740c,11/4/2021 2:43:15 PM,jdpeacock_ncdenr,2/13/2025 4:49:03 PM,jdpeacock_ncdenr,"1473, 1489 Dale Earnhardt Blvd.",Kannapolis,Cabarrus,Carolyn Minnich,.85,1/9/2025 12:00:00 AM,-80.616735282065,35.4857577442078,"https://www.google.com/maps/dir/?api=1&destination=35.48575774420777,-80.616735282065&travelmode=driving",,1518744.20111838,635635.480889887
3360,2508721092,25087-21-092,Hammond Center (RN),Recorded,56e83688-cab9-4db3-9a6f-4cfad93b485d,11/4/2021 3:00:11 PM,jdpeacock_ncdenr,3/7/2025 10:11:47 PM,jdpeacock_ncdenr,100 Knowles Street,Raleigh,Wake,Shristi Shrestha,35.77,10/5/2023 12:00:00 AM,-78.6394721268089,35.7479036486377,"https://www.google.com/maps/dir/?api=1&destination=35.7479036486377,-78.63947212680887&travelmode=driving",,2106977.7959743,727325.528480559
3361,2508821060,25088-21-060,Reagents Facility,No Further Interest,ab81e3d4-4b97-49f7-8e06-8756fd4da5e1,11/4/2021 3:10:28 PM,jdpeacock_ncdenr,2/13/2025 4:49:03 PM,jdpeacock_ncdenr,"4710, 4746 Sweden Rd.",Charlotte,Mecklenburg,Caroline Goodwin,5.26,2/6/2025 12:00:00 AM,-80.8811188335011,35.1309268121348,"https://www.google.com/maps/dir/?api=1&destination=35.13092681213476,-80.8811188335011&travelmode=driving",,1437606.40571713,507904.313452482
3362,2508921036,25089-21-036,Yorkshire Americas Plant III,Active Eligible,02ea6669-78d3-4555-8f52-82561203ed90,11/4/2021 3:19:14 PM,jdpeacock_ncdenr,2/13/2025 4:59:32 PM,jdpeacock_ncdenr,1602 North Main St.,Lowell,Gaston,Carolyn Minnich,17.09,11/16/2021 12:00:00 AM,-81.1045500460228,35.285733277873,"https://www.google.com/maps/dir/?api=1&destination=35.28573327787302,-81.10455004602282&travelmode=driving",,1372011.44209105,565573.477641478
3363,2509021036,25090-21-036,Parkdale Mills (RN),No Further Interest,9041c9a5-bb51-4717-8cdd-0e05a8a345e6,11/4/2021 3:35:16 PM,jdpeacock_ncdenr,11/6/2025 6:25:29 PM,jdpeacock_ncdenr,"215, 325 S. Webb St.; 1709, 1735, 1743, 1749, 1757, 1763, 1764, 1770, 1771 W. Garrison Blvd.; 309 Robinson St.; 1807 W. Third St.;  1702, 1704, 1710, 1712, 1714 Parkdale Ave.",Gastonia,Gaston,Tracy Wahl,30,11/4/2025 12:00:00 AM,-81.2118953858639,35.258640463022,"https://www.google.com/maps/dir/?api=1&destination=35.258640463022047,-81.211895385863926&travelmode=driving",,1339765.5055988,556411.952985555
3364,2509121060,25091-21-060,Lee's Truck Stop,Recorded,b5d6ff16-b766-4f72-aedc-d3b09c80aaef,11/4/2021 7:29:42 PM,jdpeacock_ncdenr,9/10/2024 2:33:36 PM,jdpeacock_ncdenr,"109, 113  Sylvania  Ave.;  1621, 1623, 1625  N.  Tryon  St.;  100  Dalton  Ave.; 1601  N. Tryon St.",Charlotte,Mecklenburg,Joshawa Billiot,1.97,4/29/2024 12:00:00 AM,-80.8268246602934,35.2400300621319,"https://www.google.com/maps/dir/?api=1&destination=35.24003006213193,-80.82682466029337&travelmode=driving",,1454567.44364539,547301.749421224
3365,2509221060,25092-21-060,Shop Towel Rentals,Pending,f8e20682-51b6-496c-8b81-c5e78f1f34ce,11/4/2021 7:40:36 PM,jdpeacock_ncdenr,11/3/2023 9:03:38 PM,jdpeacock_ncdenr,216 W. 24th St.,Charlotte,Mecklenburg,Aditi Posek,.66,11/1/2021 12:00:00 AM,-80.8232708544371,35.2450756524789,"https://www.google.com/maps/dir/?api=1&destination=35.24507565247888,-80.8232708544371&travelmode=driving",,1455662.10615422,549118.25333415
3366,2509321032,25093-21-032,N Mangum St II,Recorded,a3ca772e-ba64-4b49-a944-cbe7ef0d32c4,12/7/2021 3:12:57 PM,jdpeacock_ncdenr,11/5/2024 5:14:07 PM,jdpeacock_ncdenr,"103, 107, 109 Broadway St.;  601, 603, 605, 607 N. Mangum St.;  106, 108, 110 Hunt St.",Durham,Durham,Claire Sorrell,1.49,4/12/2024 12:00:00 AM,-78.8970014730126,36.0002352672961,"https://www.google.com/maps/dir/?api=1&destination=36.0002352672961,-78.897001473012637&travelmode=driving",,2030467.62550414,818997.199467555
3367,2509421041,25094-21-041,Mock Judson Mill,Recorded,a5e2a0a9-f3da-4d0d-bb45-64fbc78ac5ce,12/7/2021 3:23:27 PM,jdpeacock_ncdenr,4/9/2024 6:22:30 PM,jdpeacock_ncdenr,2610 Oakland Avenue,Greensboro,Guilford,Claire Sorrell,8.67,3/7/2024 12:00:00 AM,-79.8352414846064,36.0619682915325,"https://www.google.com/maps/dir/?api=1&destination=36.061968291532537,-79.83524148460637&travelmode=driving",,1753129.53516831,842492.462188229
3368,2509521060,25095-21-060,Colwick Road Property (RN),Recorded,afb7c74d-7362-4361-89ad-4ab9a9f1f355,12/7/2021 3:45:29 PM,jdpeacock_ncdenr,1/26/2026 7:10:55 PM,jdpeacock_ncdenr,"4313, 4317, 4335 Colwick Road",Charlotte,Mecklenburg,Bill Schmithorst,1.691,1/26/2026 12:00:00 AM,-80.7982367867219,35.1779293694943,"https://www.google.com/maps/dir/?api=1&destination=35.177929369494315,-80.7982367867219&travelmode=driving",https://edocs.deq.nc.gov/WasteManagement/ElectronicFile.aspx?docid=2191207&dbid=0&repo=WasteManagement,1462589.07064672,524659.006977141
3369,2509621060,25096-21-060,Taxi Cab Co - H and H Auto (RN),Active Eligible,536331de-540a-4157-8263-80d82eb4870a,12/7/2021 3:56:27 PM,jdpeacock_ncdenr,11/3/2023 9:03:39 PM,jdpeacock_ncdenr,216 E. Worthington Ave.; 1909 South Blvd.,Charlotte,Mecklenburg,Caroline Goodwin,1.48,7/22/2022 12:00:00 AM,-80.8584244594842,35.2099497184822,"https://www.google.com/maps/dir/?api=1&destination=35.20994971848225,-80.858424459484155&travelmode=driving",,1444928.87696455,536531.211907223
3370,2509721032,25097-21-032,Eno Industrial Park (RN),Recorded,de359337-b291-45e8-a6c7-0a2831a9d074,12/7/2021 4:08:37 PM,jdpeacock_ncdenr,2/7/2024 3:18:23 PM,jdpeacock_ncdenr,"1420 Old Oxford Rd; 1225, 1507, 1539 Hamlin Rd.",Durham,Durham,Shristi Shrestha,160.73,1/22/2024 12:00:00 AM,-78.8641595265408,36.0568975207899,"https://www.google.com/maps/dir/?api=1&destination=36.056897520789946,-78.86415952654083&travelmode=driving",,2040153.99556705,839635.439358979
3373,2509821060,25098-21-060,Clanton Road (RN),Recorded,43d7f766-d8df-472b-9d73-bd389b478a1f,12/7/2021 4:29:30 PM,jdpeacock_ncdenr,2/13/2025 4:49:03 PM,jdpeacock_ncdenr,"505, 515, 521 Clanton Road",Charlotte,Mecklenburg,Peter Doorn,7.21,12/27/2024 12:00:00 AM,-80.8810107171402,35.1960919794146,"https://www.google.com/maps/dir/?api=1&destination=35.19609197941464,-80.88101071714017&travelmode=driving",,1438088.08454381,531615.743391722
3374,2509921060,25099-21-060,Beaty's Bindery (RN),Recorded,98b10510-04e6-4646-91ed-740d7eb8e5d0,2/3/2022 5:43:25 PM,jdpeacock_ncdenr,2/13/2025 4:49:03 PM,jdpeacock_ncdenr,"300 E. 36th Street; 3210, 3214 Cullman Avenue",Charlotte,Mecklenburg,Stephanie Graham,2.55,1/21/2025 12:00:00 AM,-80.8072675684623,35.2495950354529,"https://www.google.com/maps/dir/?api=1&destination=35.249595035452856,-80.807267568462265&travelmode=driving",,1460469.31045055,550675.424432397
3375,2510021060,25100-21-060,Jones Chemicals,No Further Interest,03f823aa-e25b-4f21-ac1d-cb79ecff6ab6,2/3/2022 7:08:33 PM,jdpeacock_ncdenr,8/7/2025 6:45:57 PM,jdpeacock_ncdenr,"1012, 1040 W. Morehead Street; 610 McNinch Street",Charlotte,Mecklenburg,,4.22,1/7/2025 12:00:00 AM,-80.8583035724324,35.2294928936941,"https://www.google.com/maps/dir/?api=1&destination=35.229492893694086,-80.8583035724324&travelmode=driving",,1444835.3682933,543318.205879137
3376,2510121060,25101-21-060,Press Club Cleaners (RN),Recorded,c538bd56-2972-4479-a76f-c637bd774030,2/3/2022 7:19:45 PM,jdpeacock_ncdenr,2/13/2025 4:49:03 PM,jdpeacock_ncdenr,"3305, 3309 South Blvd.; 121, 127, 133, 139 Hartford Ave.",Charlotte,Mecklenburg,Peter Doorn,2.3,1/31/2025 12:00:00 AM,-80.8716816821605,35.1946853696165,"https://www.google.com/maps/dir/?api=1&destination=35.194685369616465,-80.871681682160485&travelmode=driving",,1440864.95661472,531051.233037814
3377,2600122010,26001-22-010,Leland Auto Salvage,Active Eligible,52c503fe-e185-4a31-bf05-4c24a5aba4c4,2/3/2022 10:11:09 PM,jdpeacock_ncdenr,8/5/2025 7:37:13 PM,jdpeacock_ncdenr,"142, 150 S. Navassa Road",Leland,Brunswick,Jordan Thompson,2.49,6/6/2023 12:00:00 AM,-78.0013030204214,34.2428598709976,"https://www.google.com/maps/dir/?api=1&destination=34.24285987099763,-78.0013030204214&travelmode=driving",,2301843.54272497,180896.624621391
3379,2600222060,26002-22-060,Commercial Equipment Co (RN),Active Eligible,0213fffa-5b13-49f2-85c1-ba20e2e5284b,2/8/2022 4:58:48 PM,jdpeacock_ncdenr,11/3/2023 9:03:40 PM,jdpeacock_ncdenr,"2402 N. Graham St.; 609 W. 28th St.; 2409, 2415 Grimes St.",Charlotte,Mecklenburg,Peter Doorn,7.54,5/24/2022 12:00:00 AM,-80.8255966145625,35.2509943695207,"https://www.google.com/maps/dir/?api=1&destination=35.250994369520676,-80.825596614562528&travelmode=driving",,1455007.43915647,551284.743751809
3380,2600322060,26003-22-060,Crown NC9 Gas Station (RN),No Further Interest,782369fa-d8aa-426a-98ba-b3cc689dcb29,2/8/2022 5:12:49 PM,jdpeacock_ncdenr,11/3/2023 9:03:40 PM,jdpeacock_ncdenr,5235 South Boulevard,Charlotte,Mecklenburg,Aditi Posek,.58,8/2/2022 12:00:00 AM,-80.8757328312051,35.1651243339004,"https://www.google.com/maps/dir/?api=1&destination=35.1651243339004,-80.875732831205127&travelmode=driving",,1439451.61003198,520317.48810114
3381,2600422060,26004-22-060,Dilworth Auto Svc II,Recorded,3c962aa9-fb9b-48b8-beec-22cfb6fc853b,2/8/2022 9:31:47 PM,jdpeacock_ncdenr,3/11/2024 3:16:34 PM,jdpeacock_ncdenr,"1720, 1728 South Blvd; 101, 105, 115 East Blvd.",Charlotte,Mecklenburg,Bill Schmithorst,1.22,1/19/2024 12:00:00 AM,-80.8580034514076,35.2124598620167,"https://www.google.com/maps/dir/?api=1&destination=35.21245986201667,-80.8580034514076&travelmode=driving",,1445071.70607522,537442.249455228
3382,2600522033,26005-22-033,Swim Master,No Further Interest,45d9789a-5efc-4ff1-934f-b82e235a5fc7,2/8/2022 10:01:35 PM,jdpeacock_ncdenr,9/8/2026 7:54:54 PM,jdpeacock_ncdenr,3002 Anaconda Road,Tarboro,Edgecombe,Sharon Eckard,21.22,8/20/2026 12:00:00 AM,-77.5863735752306,35.9137766203088,"https://www.google.com/maps/dir/?api=1&destination=35.913776620308838,-77.58637357523062&travelmode=driving",,2418583.56186913,790489.414947808
3383,2600622034,26006-22-034,920 Brookstown Avenue (RN),Active Eligible,fd6da52f-f3c8-4bfd-bee9-cb0ff5e74fdb,2/8/2022 10:56:16 PM,jdpeacock_ncdenr,3/11/2024 3:16:34 PM,jdpeacock_ncdenr,"920, 926, 932 Brookstown Ave.; 101, 115, 121 Fayette St.",Winston-Salem,Forsyth,Seth Goad,4.15,6/6/2022 12:00:00 AM,-80.2553396497397,36.0947629581998,"https://www.google.com/maps/dir/?api=1&destination=36.0947629581998,-80.255339649739668&travelmode=driving",,1629118.12505513,855737.335960895
3384,2600722060,26007-22-060,Terminix II (RN),Active Eligible,408fcd20-909b-4e4b-9e46-ac7edd07f34b,2/9/2022 12:33:03 AM,jdpeacock_ncdenr,3/11/2024 3:16:34 PM,jdpeacock_ncdenr,109-129 West Boulevard,Charlotte,Mecklenburg,Seth Goad,1.15,3/23/2022 12:00:00 AM,-80.8600200349828,35.212694056845,"https://www.google.com/maps/dir/?api=1&destination=35.212694056845,-80.860020034982838&travelmode=driving",,1444471.08129223,537538.747293726
3385,2600822060,26008-22-060,Moss Trucking Co (RN),Recorded,e50322e2-8ddb-465f-b0f2-6e093b67fd62,3/4/2022 4:22:10 PM,jdpeacock_ncdenr,7/16/2025 9:17:16 PM,jdpeacock_ncdenr,"3027, 3035 North Tryon Street",Charlotte,Mecklenburg,Bill Schmithorst,4.5,6/24/2025 5:00:00 AM,-80.8118372605749,35.2521550943722,"https://www.google.com/maps/dir/?api=1&destination=35.25215509437216,-80.81183726057492&travelmode=driving",,1459122.25605805,551631.860511646
3386,2600922041,26009-22-041,Fli-Back Facility (RN),Active Eligible,6f071d62-8a88-49d7-8148-daa806f4ff3c,3/4/2022 4:47:13 PM,jdpeacock_ncdenr,8/6/2024 8:28:13 PM,jdpeacock_ncdenr,"700, 700A, 716, 718, 720, 730 W. Green Dr.;  801 W. Grimes Ave.; 906, 998A Taylor Ave.",High Point,Guilford,Stephanie Graham,8.84,7/28/2022 12:00:00 AM,-80.0147661789298,35.950225186623,"https://www.google.com/maps/dir/?api=1&destination=35.950225186623,-80.014766178929776&travelmode=driving",,1699653.5259788,802311.907706976
3387,2601022060,26010-22-060,C Baker Well (RN),Active Eligible,550a0b38-4a50-4697-932b-0fa9545ac9d6,3/4/2022 5:09:54 PM,jdpeacock_ncdenr,11/3/2023 9:03:42 PM,jdpeacock_ncdenr,6505 Wisteria Drive,Charlotte,Mecklenburg,Peter Doorn,1.88,10/10/2022 12:00:00 AM,-80.8747269276357,35.1470855340713,"https://www.google.com/maps/dir/?api=1&destination=35.14708553407127,-80.874726927635677&travelmode=driving",,1439628.20679164,513747.921843976
3388,2601122065,26011-22-065,Carolina Nitrogen Corp (RN),Recorded,6afde746-9e6a-4e2e-bd7d-77a233dcc6d1,3/4/2022 5:25:28 PM,jdpeacock_ncdenr,2/13/2025 4:49:03 PM,jdpeacock_ncdenr,"2820, 2830 U.S. Highway 421N",Wilmington,New Hanover,Claire Sorrell,33.35,1/6/2025 12:00:00 AM,-77.9555504787098,34.2783914043364,"https://www.google.com/maps/dir/?api=1&destination=34.278391404336375,-77.955550478709768&travelmode=driving",,2315127.56963456,193627.399356648
3389,2601222060,26012-22-060,Admiration Hosiery Mills (RN),No Further Interest,99dbe80b-9ee1-4b9e-b163-40844858f928,3/4/2022 5:35:57 PM,jdpeacock_ncdenr,6/16/2026 4:22:59 PM,jdpeacock_ncdenr,"4210 Yancey Rd.; 4201, 4206, 4215 S. Tryon St.; 315, 319, 323, 327, 335, 347, 351 E. Peterson Dr.",Charlotte,Mecklenburg,Stephanie Graham,9.274,5/21/2026 12:00:00 AM,-80.8826207293653,35.1877996535372,"https://www.google.com/maps/dir/?api=1&destination=35.1877996535372,-80.882620729365328&travelmode=driving",,1437499.57456598,528788.54727447
3390,2601322092,26013-22-092,Holiday Inn (RN),Active Eligible,37ddd4fb-c92f-419b-96b8-ed09d2dd3527,3/4/2022 8:26:37 PM,jdpeacock_ncdenr,11/6/2025 6:25:29 PM,jdpeacock_ncdenr,"300, 320 Hillsborough Steet",Raleigh,Wake,Shristi Shrestha,1.31,10/10/2025 12:00:00 AM,-78.6439543532957,35.7810042129138,"https://www.google.com/maps/dir/?api=1&destination=35.78100421291376,-78.64395435329568&travelmode=driving",,2105604.60843197,739368.983724311
3391,2601422012,26014-22-012,Valdese Weavers Mill (RN),Recorded,0bf74599-4fc0-4ca4-a0cb-06e590744ef6,3/4/2022 8:54:46 PM,jdpeacock_ncdenr,4/8/2025 4:46:51 PM,jdpeacock_ncdenr,108 Praley Street,Valdese,Burke,Bill Schmithorst,1.37,4/1/2025 12:00:00 AM,-81.5661676634242,35.7439084717646,"https://www.google.com/maps/dir/?api=1&destination=35.74390847176463,-81.5661676634242&travelmode=driving",,1238604.84473155,735518.801135972
3392,2601522100,26015-22-100,Sawmill Hollow (RN),Recorded,ec8442d7-8e32-4ce7-b549-a665e6ed690f,3/7/2022 3:16:36 PM,jdpeacock_ncdenr,2/13/2025 4:49:03 PM,jdpeacock_ncdenr,Sawmill Hollow Road,Burnsville,Yancey,Bill Schmithorst,3.86,1/6/2025 12:00:00 AM,-82.2681884068369,35.9168940421206,"https://www.google.com/maps/dir/?api=1&destination=35.91689404212056,-82.26818840683694&travelmode=driving",,1032451.25539914,804572.162044734
3393,2601622060,26016-22-060,Rhyne Road (RN),Recorded,98e910c9-4e0f-4807-ac5e-39d94ffea275,3/7/2022 3:30:29 PM,jdpeacock_ncdenr,1/23/2026 5:55:38 PM,jdpeacock_ncdenr,"438, 456, 460, 526, 544, 560, 600, 612, 614 Rhyne Road",Charlotte,Mecklenburg,Carolyn Minnich,39.25,11/9/2022 12:00:00 AM,-80.9708882748495,35.2844064688645,"https://www.google.com/maps/dir/?api=1&destination=35.2844064688645,-80.97088827484951&travelmode=driving",https://edocs.deq.nc.gov/WasteManagement/ElectronicFile.aspx?docid=2189351&dbid=0&repo=WasteManagement,1411880.57823189,564271.97663556
3394,2601722036,26017-22-036,Osage Cotton Mill (RN),Recorded,d81675fd-6faa-4ddc-8733-bfc9e26f22aa,5/6/2022 5:32:07 PM,jdpeacock_ncdenr,6/16/2026 4:22:59 PM,jdpeacock_ncdenr,115 East Alabama Avenue,Bessemer City,Gaston,Andrew Goodwin,6.585,5/20/2025 12:00:00 AM,-81.283190382484,35.2835054438363,"https://www.google.com/maps/dir/?api=1&destination=35.283505443836326,-81.28319038248402&travelmode=driving",,1318696.26099198,565940.92146039
3395,2601822060,26018-22-060,McLaurin Trucking Co II (RN),Recorded,2dc4b42b-e1ce-4ed6-91e2-416d8fce6976,5/6/2022 6:16:59 PM,jdpeacock_ncdenr,2/26/2024 5:53:19 PM,jdpeacock_ncdenr,26018-22-060,Charlotte,Mecklenburg,Bill Schmithorst,3.5,1/19/2024 12:00:00 AM,-80.8157050832558,35.247870654205,"https://www.google.com/maps/dir/?api=1&destination=35.247870654205045,-80.815705083255835&travelmode=driving",,1457907.02423656,550131.623026565
3396,2601922060,26019-22-060,Mid Town Used Cars (RN),Active Eligible,8b771ad0-b5d7-4196-bb32-ba086d52e0ba,5/6/2022 6:23:59 PM,jdpeacock_ncdenr,11/3/2023 9:03:45 PM,jdpeacock_ncdenr,"1101, 1106, 1018 S. Tryon St.",Charlotte,Mecklenburg,Stephanie Graham,2.76,12/16/2022 12:00:00 AM,-80.8526395159295,35.2204962057095,"https://www.google.com/maps/dir/?api=1&destination=35.22049620570946,-80.8526395159295&travelmode=driving",,1446728.14501956,540336.578968391
3397,2602022041,26020-22-041,Chemonic (RN),Pending,51cad197-7fad-41de-8baf-25b34b7038c5,5/6/2022 6:49:27 PM,jdpeacock_ncdenr,8/6/2024 8:26:19 PM,jdpeacock_ncdenr,"1316, 1314 Oakland Ave.",Greensboro,Guilford,Lauren Fleming,.64,6/13/2024 12:00:00 AM,-79.820544461219,36.0625644416087,"https://www.google.com/maps/dir/?api=1&destination=36.06256444160874,-79.820544461219015&travelmode=driving",,1757475.20987588,842673.244306982
3398,2602122092,26021-22-092,Acme Cab Co (RN),Active Eligible,2ec67b9c-fc15-4181-b20d-fe59e55d8987,5/6/2022 7:18:13 PM,jdpeacock_ncdenr,4/9/2026 4:08:37 PM,jdpeacock_ncdenr,"521, 529 S. Wilmington St; 108, 112 Stronachs Alley",Raleigh,Wake,Shristi Shrestha,1.45,3/30/2026 12:00:00 AM,-78.637688034167,35.7731851374925,"https://www.google.com/maps/dir/?api=1&destination=35.7731851374925,-78.63768803416701&travelmode=driving",,2107473.58960214,736529.63671273
3399,2602222065,26022-22-065,WIlmington Shipyard (RFR),Active Eligible,11461ec6-041a-49a5-83da-ca6927828eac,5/6/2022 7:45:00 PM,jdpeacock_ncdenr,12/5/2023 3:49:45 PM,jdpeacock_ncdenr,"1500, 1550, 151, 1560 Point Harbor Rd.",Wilmington,New Hanover,Claire Sorrell,30.33,12/12/2022 12:00:00 AM,-77.9549681071927,34.2510617386401,"https://www.google.com/maps/dir/?api=1&destination=34.25106173864014,-77.954968107192656&travelmode=driving",,2315815.71884881,184025.614426389
3400,2602322034,26023-22-034,WPDA - Area 4,Recorded,5e31c7d1-fcb8-48e3-882d-184252e2ce07,5/6/2022 8:01:47 PM,jdpeacock_ncdenr,1/4/2024 9:28:23 PM,jdpeacock_ncdenr,3221 Shorefair Dr.; 95 W. 32nd St.,Winston-Salem,Forsyth,Caroline Goodwin,3.69,12/28/2023 12:00:00 AM,-80.250248442108,36.1327161088232,"https://www.google.com/maps/dir/?api=1&destination=36.13271610882318,-80.250248442108045&travelmode=driving",https://edocs.deq.nc.gov/WasteManagement/ElectronicFile.aspx?docid=1825668&dbid=0&repo=WasteManagement,1630796.21815564,869533.707974389
3401,2602422060,26024-22-060,205 Bland Street,Recorded,75ca6157-6cdc-4df7-950c-2c53621cc4dd,5/6/2022 8:08:27 PM,jdpeacock_ncdenr,1/14/2026 10:31:27 PM,jdpeacock_ncdenr,205 East Bland Street,Charlotte,Mecklenburg,Peter Doorn,.91,1/8/2026 12:00:00 AM,-80.8537817681739,35.2171045756914,"https://www.google.com/maps/dir/?api=1&destination=35.217104575691366,-80.85378176817393&travelmode=driving",,1446364.0128738,539108.797959387
3402,2602522060,26025-22-060,Rhyne Road Assemblage (RN),Recorded,8f623d14-eeed-4a06-9b1e-910167f5f28b,5/6/2022 8:14:13 PM,jdpeacock_ncdenr,2/13/2025 4:49:03 PM,jdpeacock_ncdenr,"240 Rhyne Road; parcels 05326105, 05325115, 05326101",Charlotte,Mecklenburg,Carolyn Minnich,98.11,1/10/2025 12:00:00 AM,-80.9740643272628,35.2885718538786,"https://www.google.com/maps/dir/?api=1&destination=35.2885718538786,-80.97406432726275&travelmode=driving",,1410963.10204847,565806.493579641
3403,2602622092,26026-22-092,Cabarrus-Dawson Streets (RN),Active Eligible,44ea92e1-523e-425b-8cd7-3b680e8c787f,5/6/2022 8:30:21 PM,jdpeacock_ncdenr,7/8/2026 9:05:39 PM,jdpeacock_ncdenr,"510, 518 S. Dawson St.; 301 W. Cabarrus St.; 0 W. Lenior St.",Raleigh,Wake,Lourdes Barallobre,1.17,1/29/2026 12:00:00 AM,-78.6441001492864,35.7739178196645,"https://www.google.com/maps/dir/?api=1&destination=35.7739178196645,-78.64410014928636&travelmode=driving",,2105570.61276506,736789.44557631
3404,2602722092,26027-22-092,Downtown South-Penmarc (RN),Recorded,b3487e9c-41c7-4d95-bd64-c0dafabc9f74,5/6/2022 8:55:16 PM,jdpeacock_ncdenr,11/6/2024 8:30:39 PM,jdpeacock_ncdenr,"100, 126, 150, 130, 120, 201 Penmarc Dr.; 1821, 1821, 1801, 1811, 1809, 0, 1615, 1731, 1727, 1717, 1701 S. Saunders St; 1640, 1632, 1628, 1624, 1616, 1639, 1620, Green St; 201 Gilbert Ave.",Raleigh,Wake,Stephanie Graham,45.29,9/10/2024 12:00:00 AM,-78.6467250491334,35.7564476906623,"https://www.google.com/maps/dir/?api=1&destination=35.7564476906623,-78.646725049133437&travelmode=driving",,2104644.34558871,730568.114186972
3405,2602822060,26028-22-060,Statesville Avenue Properties,Recorded,c12fc116-dbe7-46d9-b9c2-39429f3b79e6,5/9/2022 4:15:16 PM,jdpeacock_ncdenr,2/12/2026 9:32:25 PM,jdpeacock_ncdenr,"3239, 3245 Statesville Ave.; 2128, 2129 Whittington St.",Charlotte,Mecklenburg,Caroline Goodwin,18.87,1/13/2026 12:00:00 AM,-80.8390223560432,35.2625614532349,"https://www.google.com/maps/dir/?api=1&destination=35.26256145323486,-80.839022356043188&travelmode=driving",,1451077.90797356,555567.799818233
3406,2602922060,26029-22-060,House of Threads II,Recorded,fb85b53a-8b82-4cae-ba04-fa1f67c361d1,5/9/2022 4:42:03 PM,jdpeacock_ncdenr,2/13/2025 4:49:03 PM,jdpeacock_ncdenr,2300 N. Tryon St.,Charlotte,Mecklenburg,Carolyn Minnich,3.58,1/21/2025 12:00:00 AM,-80.8195911578292,35.2448339961293,"https://www.google.com/maps/dir/?api=1&destination=35.2448339961293,-80.8195911578292&travelmode=driving",,1456758.94680831,549010.161358729
3407,2603022092,26030-22-092,West Martin,Recorded,88b566ec-6dd7-4ce1-9da7-d054352aea06,5/9/2022 5:37:34 PM,jdpeacock_ncdenr,2/13/2025 4:49:03 PM,jdpeacock_ncdenr,307-313 W. Martin Street; 310 S. Dawson St.,Raleigh,Wake,Shristi Shrestha,1.22,1/8/2025 12:00:00 AM,-78.6440991137789,35.7764890525462,"https://www.google.com/maps/dir/?api=1&destination=35.7764890525462,-78.64409911377885&travelmode=driving",,2105567.5645428,737725.351512894
3408,2603122011,26031-22-011,Lyman Stoneyard II (RN),Inactive Eligible,c26bdbc9-58f4-47f6-b0e4-16036b17b1cc,6/6/2022 3:01:22 PM,jdpeacock_ncdenr,7/9/2024 10:12:22 PM,jdpeacock_ncdenr,175 Lyman Street,Asheville,Buncombe,Caroline Goodwin,2.8,6/25/2024 12:00:00 AM,-82.5665706820634,35.5838172048626,"https://www.google.com/maps/dir/?api=1&destination=35.583817204862555,-82.56657068206344&travelmode=driving",,939796.533884809,686454.47997348
3409,2603222060,26032-22-060,Tryon Mall,No Further Interest,acacd8cb-89db-4185-a67a-6098474e50e9,6/6/2022 3:19:38 PM,jdpeacock_ncdenr,12/5/2023 3:49:45 PM,jdpeacock_ncdenr,325-331 E. Sugar Creek Rd.,Charlotte,Mecklenburg,Carolyn Minnich,6.45,2/16/2023 12:00:00 AM,-80.7917947309041,35.2548682021419,"https://www.google.com/maps/dir/?api=1&destination=35.25486820214186,-80.7917947309041&travelmode=driving",,1465122.61872922,552510.52640523
3410,2603322044,26033-22-044,Depot Street (RN),Active Eligible,5d48aaa6-8e43-4277-b4b6-ee368fffa9b1,6/6/2022 3:46:34 PM,jdpeacock_ncdenr,11/3/2023 9:03:48 PM,jdpeacock_ncdenr,59 Depot Street,Waynesville,Haywood,Kris Riddle,.37,8/17/2022 12:00:00 AM,-82.9880839571405,35.4923831678573,"https://www.google.com/maps/dir/?api=1&destination=35.492383167857277,-82.988083957140475&travelmode=driving",,813224.106255889,657969.909646139
3411,2603422065,26034-22-065,Riverman II,No Further Interest,f1c28b02-431f-402a-9d1c-79ad05835faa,6/6/2022 4:15:55 PM,jdpeacock_ncdenr,4/8/2024 2:37:14 PM,jdpeacock_ncdenr,"610, 712, 728, 732 Surry Street",Wilmington,New Hanover,Sharon Eckard,7.4,8/14/2023 12:00:00 AM,-77.950117939398,34.2259498956933,"https://www.google.com/maps/dir/?api=1&destination=34.22594989569331,-77.95011793939804&travelmode=driving",,2317378.06907055,174902.337397397
3412,2603522051,26035-22-051,Atkinson Street,Active Eligible,caf32039-3086-4479-acb4-726d86ec5a49,6/6/2022 5:36:21 PM,jdpeacock_ncdenr,9/9/2024 6:13:04 PM,jdpeacock_ncdenr,"334, 350 Atkinson Street",Clayton,Johnston,Lauren Fleming,8.65,6/12/2024 12:00:00 AM,-78.4710868777454,35.6576511175938,"https://www.google.com/maps/dir/?api=1&destination=35.657651117593815,-78.47108687774536&travelmode=driving",,2157116.23670772,694699.279756814
3413,2603722060,26037-22-060,Scarlett's 66 (RN),Recorded,cd63e872-6915-45d7-9c47-b11b092a9f04,6/6/2022 7:16:33 PM,jdpeacock_ncdenr,2/13/2025 4:49:03 PM,jdpeacock_ncdenr,1030 Seigle Avenue,Charlotte,Mecklenburg,Bill Schmithorst,.34,1/7/2025 12:00:00 AM,-80.822080854832,35.2282309602846,"https://www.google.com/maps/dir/?api=1&destination=35.228230960284556,-80.822080854831967&travelmode=driving",,1455904.82286039,542982.215737477
3414,2603622032,26036-22-032,Novel University Hill (RN),Recorded,e6346f19-9cfb-4a7e-8e7d-5b0444ef0cef,6/6/2022 8:21:49 PM,jdpeacock_ncdenr,2/13/2025 4:59:32 PM,jdpeacock_ncdenr,3737 Durham-Chapel Hill Blvd.; 3019 Auto Dr.,Durham,Durham,Andrew Goodwin,6.5,9/29/2022 12:00:00 AM,-78.9523431624186,35.9700451938604,"https://www.google.com/maps/dir/?api=1&destination=35.970045193860386,-78.952343162418586&travelmode=driving",https://edocs.deq.nc.gov/WasteManagement/ElectronicFile.aspx?docid=1921607&dbid=0&repo=WasteManagement,2014102.91151448,807994.976393312
3415,2603822092,26038-22-092,Cabarrus Street Assemblage (RN),Active Eligible,b70b9c65-9134-4d66-9c9a-8af3e80ea634,7/5/2022 7:13:58 PM,jdpeacock_ncdenr,9/9/2024 6:13:04 PM,jdpeacock_ncdenr,"401 W Cabarrus St.; 505, 513 S West St.; 510, 514 S Harrington St.;",Raleigh,Wake,Lourdes Barallobre,1.06,2/12/2024 12:00:00 AM,-78.6458115294068,35.7741130135344,"https://www.google.com/maps/dir/?api=1&destination=35.77411301353438,-78.645811529406828&travelmode=driving",,2105062.71843964,736858.678705558
3416,2603922032,26039-22-032,Durham YMCA (RN),Active Eligible,036cd931-d8ca-4fe0-9f6a-fceba4ae9fb6,7/5/2022 7:53:40 PM,jdpeacock_ncdenr,4/8/2025 7:20:15 PM,jdpeacock_ncdenr,218 W. Morgan St.,Durham,Durham,Shristi Shrestha,2.27,12/12/2022 12:00:00 AM,-78.9011080406381,35.9986828754305,"https://www.google.com/maps/dir/?api=1&destination=35.99868287543048,-78.901108040638135&travelmode=driving",,2029253.47209255,818430.859064817
3417,2604022060,26040-22-060,Continental Ind Chemical (RN),Active Eligible,498c9422-a04f-491e-9e53-a0ee09f8b9ab,7/5/2022 8:10:32 PM,jdpeacock_ncdenr,11/3/2023 9:03:50 PM,jdpeacock_ncdenr,5010 Hovis Road,Charlotte,Mecklenburg,Caroline Goodwin,6.59,9/29/2022 12:00:00 AM,-80.8978839398723,35.2688823869234,"https://www.google.com/maps/dir/?api=1&destination=35.26888238692337,-80.89788393987227&travelmode=driving",,1433554.62051363,558198.553414971
3418,2604122041,26041-22-041,"Ramco Fabricators, Inc.",Active Eligible,51f04f9e-1077-413e-8bf6-b8ce13005600,7/5/2022 8:32:01 PM,jdpeacock_ncdenr,2/13/2025 4:59:32 PM,jdpeacock_ncdenr,9501 W. Market Street,Colfax,Guilford,Lauren Fleming,13,5/30/2024 12:00:00 AM,-80.0182484638726,36.1125721706136,"https://www.google.com/maps/dir/?api=1&destination=36.112572170613618,-80.0182484638726&travelmode=driving",,1699229.07275946,861418.074271306
3419,2604222060,26042-22-060,Modern Mold & Tool (RN),Active Eligible,1f54e4ae-80d1-4b62-8260-9a64f804873d,8/11/2022 5:12:31 PM,jdpeacock_ncdenr,9/9/2024 6:13:04 PM,jdpeacock_ncdenr,"2125, 2119, 2113, 2111, 2101 North Davidson St.; 509 East 24th St.",Charlotte,Mecklenburg,Carolyn Minnich,4.3,1/6/2023 12:00:00 AM,-80.8165547644621,35.2394602696566,"https://www.google.com/maps/dir/?api=1&destination=35.2394602696566,-80.81655476446208&travelmode=driving",,1457629.57925339,547038.142008811
3420,2604322034,26043-22-034,Carpet Warehouse,Active Eligible,601fd772-bed1-447f-a420-8bd8f86b7047,8/11/2022 6:39:21 PM,jdpeacock_ncdenr,7/8/2026 8:24:00 PM,jdpeacock_ncdenr,923 N. Liberty Street,Winston-Salem,Forsyth,Carolyn Minnich,3.32,1/12/2023 12:00:00 AM,-80.240137559909,36.1054672264138,"https://www.google.com/maps/dir/?api=1&destination=36.105467226413786,-80.240137559909016&travelmode=driving",,1633657.93684164,859577.33418639
3421,2604422023,26044-22-023,Cleveland Mills,No Further Interest,fed52127-116c-46a9-aa32-fc9b1631baa7,8/11/2022 7:24:42 PM,jdpeacock_ncdenr,7/8/2026 8:58:51 PM,jdpeacock_ncdenr,101 W. Main Street,Lawndale,Cleveland,Lauren Fleming,33.42,6/29/2026 12:00:00 AM,-81.5611379029501,35.4125900638633,"https://www.google.com/maps/dir/?api=1&destination=35.4125900638633,-81.561137902950136&travelmode=driving",,1236986.01233931,614929.65419139
3422,2604522074,26045-22-074,W Z Morton Warehouse (RN),No Further Interest,abb82410-55d4-490f-b4ad-b57f97c2d5bb,8/11/2022 7:47:18 PM,jdpeacock_ncdenr,7/16/2025 9:17:16 PM,jdpeacock_ncdenr,"0, 729 Dickinson Ave.; 202, 226 W. 8th St.",Greenville,Pitt,Sharon Eckard,2.14,6/4/2025 12:00:00 AM,-77.3762330775369,35.6086223051994,"https://www.google.com/maps/dir/?api=1&destination=35.6086223051994,-77.37623307753688&travelmode=driving",,2482618.91181655,680382.53279981
3423,2604622080,26046-22-080,City Motors (RN),Active Eligible,9b382233-58c2-460e-822a-bb00bc974e8f,8/11/2022 8:16:21 PM,jdpeacock_ncdenr,1/14/2026 10:31:27 PM,jdpeacock_ncdenr,419 S. Main Street,Salisbury,Rowan,Caroline Goodwin,2.06,1/12/2026 12:00:00 AM,-80.4731003518521,35.6639759934884,"https://www.google.com/maps/dir/?api=1&destination=35.66397599348845,-80.473100351852068&travelmode=driving",,1562459.52510488,699829.324942887
3424,2604722001,26047-22-001,Fairway One Stop #13 (RN),No Further Interest,42b33e72-58b1-4cca-97c5-6b4f3ce53dc6,8/12/2022 5:30:29 PM,jdpeacock_ncdenr,7/15/2024 9:19:15 PM,jdpeacock_ncdenr,807 East Webb Avenue,Burlington,Alamance,Sharon Eckard,.403,6/6/2024 12:00:00 AM,-79.4285886364741,36.0863809676562,"https://www.google.com/maps/dir/?api=1&destination=36.0863809676562,-79.42858863647406&travelmode=driving",,1873418.31361914,850652.403545484
3425,2604822060,26048-22-060,Nivens Property,Active Eligible,0d6ffa25-e643-4fe4-85bd-843db4011f51,8/12/2022 5:44:32 PM,jdpeacock_ncdenr,11/3/2023 9:03:52 PM,jdpeacock_ncdenr,"3022, 3024 Griffith St.; 2931 Youngblood St.
",Charlotte,Mecklenburg,Tracy Wahl,1.598,1/12/2023 12:00:00 AM,-80.8711544882142,35.2008246752401,"https://www.google.com/maps/dir/?api=1&destination=35.200824675240057,-80.87115448821423&travelmode=driving",,1441064.54217355,533282.225294977
3426,2604922060,26049-22-060,Bev's Touch Cleaners (RN),Recorded,321fcd82-c4a0-45d4-b7f9-fb279e3d1f20,8/12/2022 6:04:20 PM,jdpeacock_ncdenr,5/11/2026 9:26:46 PM,jdpeacock_ncdenr,1427 South Boulevard,Charlotte,Mecklenburg,Bill Schmithorst,.93,4/15/2026 12:00:00 AM,-80.8533028827969,35.2150188690488,"https://www.google.com/maps/dir/?api=1&destination=35.215018869048848,-80.85330288279685&travelmode=driving",,1446492.84594947,538347.179075807
3427,2605022041,26050-22-041,2500 E. Market Street,Active Eligible,29fbf0a4-d2b7-4198-b311-7c3f14cd03f5,9/12/2022 1:51:01 PM,jdpeacock_ncdenr,12/5/2023 3:49:45 PM,jdpeacock_ncdenr,2500 E. Market Street,Greensboro,Guilford,Stephanie Graham,7.28,11/9/2022 12:00:00 AM,-79.7536200022561,36.0773091345039,"https://www.google.com/maps/dir/?api=1&destination=36.07730913450392,-79.753620002256127&travelmode=driving",,1777296.20107372,847883.807376638
3428,2605122060,26051-22-060,ICI Americas (RFR RN),Active Eligible,11ae78ab-7ff7-4bf3-a36b-1744d956e207,9/12/2022 2:25:27 PM,jdpeacock_ncdenr,4/9/2024 8:14:02 PM,jdpeacock_ncdenr,2130 N. Tryon Street,Charlotte,Mecklenburg,Peter Doorn,3.67,2/21/2023 12:00:00 AM,-80.820924082332,35.2437206716583,"https://www.google.com/maps/dir/?api=1&destination=35.24372067165825,-80.82092408233201&travelmode=driving",,1456353.61264522,548612.33669506
3429,2605222092,26052-22-092,The Creamery (RN),Recorded,6bcd28f1-ad45-4f1a-b862-168584135c86,9/12/2022 3:12:05 PM,jdpeacock_ncdenr,9/4/2025 8:11:06 PM,jdpeacock_ncdenr,"400, 410 Glenwood Avenue",Raleigh,Wake,Lourdes Barallobre,2.64,9/3/2025 12:00:00 AM,-78.6467678387972,35.7855651373771,"https://www.google.com/maps/dir/?api=1&destination=35.7855651373771,-78.646767838797217&travelmode=driving",,2104764.2196928,741026.141171142
3430,2605322060,26053-22-060,Modern Cleaners (RN),Active Eligible,9cb8ef68-f381-4634-ae7d-c464fd071374,9/12/2022 3:22:44 PM,jdpeacock_ncdenr,11/3/2023 9:03:53 PM,jdpeacock_ncdenr,"4801, 4805, 4807, 4811 South Boulevard",Charlotte,Mecklenburg,Tracy Wahl,1.54,1/6/2023 12:00:00 AM,-80.87547825995,35.1732772909047,"https://www.google.com/maps/dir/?api=1&destination=35.1732772909047,-80.875478259950015&travelmode=driving",,1439583.73279922,523282.721671984
3431,2605422041,26054-22-041,CE Smith Co,Active Eligible,57d6ce37-a896-4e0d-ad3f-5a89c88a2744,9/12/2022 3:34:43 PM,jdpeacock_ncdenr,10/23/2025 5:37:28 PM,jdpeacock,"3700, 3704 Battleground Road",Greensboro,Guilford,Lourdes Barallobre,3.8,6/13/2024 12:00:00 AM,-79.8450959976385,36.1281285009148,"https://www.google.com/maps/dir/?api=1&destination=36.12812850091481,-79.8450959976385&travelmode=driving",,1750421.95265697,866600.986805722
3432,2605522011,26055-22-011,Eastvale Shopping Center,Active Eligible,d2b5169b-3556-490e-a591-0dbc53c9bfcc,9/12/2022 4:00:41 PM,jdpeacock_ncdenr,3/11/2024 3:16:34 PM,jdpeacock_ncdenr,265 - 273 Tunnel Road,Asheville,Buncombe,Tracy Wahl,1.15,2/9/2024 12:00:00 AM,-82.5280274162529,35.5843510856613,"https://www.google.com/maps/dir/?api=1&destination=35.58435108566133,-82.52802741625291&travelmode=driving",,951256.018183634,686239.256650642
3433,2605622092,26056-22-092,South Hills Mall,Active Eligible,02460d74-051b-4886-a589-8edba3fd34d5,9/12/2022 4:17:33 PM,jdpeacock_ncdenr,9/9/2024 6:13:04 PM,jdpeacock_ncdenr,"1241, 1270, 1282, 1297, 1299, 1300, 1301, 1355, 0 Buck Jones Road; 501 Nottingham Drive",Cary,Wake,Claire Sorrell,34.84,11/22/2022 12:00:00 AM,-78.7411306821903,35.766242576101,"https://www.google.com/maps/dir/?api=1&destination=35.76624257610104,-78.741130682190345&travelmode=driving",,2076796.01808339,733906.603244901
3434,2605722092,26057-22-092,Hillsborough Assemblage,Active Eligible,43d4d3ae-120e-4d5a-98d3-f38c8b56cf30,9/12/2022 4:29:27 PM,jdpeacock_ncdenr,9/9/2024 6:13:04 PM,jdpeacock_ncdenr,"401, 409, 411, 415 Hillsborough St.; 7, 17 South West St.",Raleigh,Wake,Lourdes Barallobre,.99,6/13/2024 12:00:00 AM,-78.6454750333702,35.7802247839622,"https://www.google.com/maps/dir/?api=1&destination=35.780224783962218,-78.64547503337016&travelmode=driving",,2105154.5870223,739083.664084971
3435,2605822014,26058-22-014,JM Bernhardt Mill,Active Eligible,a6c5c77e-c1e7-495e-bce5-f619c4fe44b7,9/12/2022 4:42:43 PM,jdpeacock_ncdenr,9/9/2024 6:13:04 PM,jdpeacock_ncdenr,1201 Steel Street,Lenoir,Caldwell,Bill Schmithorst,3.22,1/20/2023 12:00:00 AM,-81.5463001067037,35.9100891585692,"https://www.google.com/maps/dir/?api=1&destination=35.91008915856916,-81.54630010670365&travelmode=driving",,1246049.76291256,795836.789423644
3436,2605922060,26059-22-060,Growers Outlet,No Further Interest,5f40bd00-0d32-4c50-aed1-e76b0d323dd9,9/12/2022 9:10:41 PM,jdpeacock_ncdenr,6/3/2025 10:31:29 PM,jdpeacock_ncdenr,311-315 N. Polk Street,Pineville,Mecklenburg,Tracy Wahl,6.13,4/9/2025 12:00:00 AM,-80.8880808391659,35.0881306522881,"https://www.google.com/maps/dir/?api=1&destination=35.0881306522881,-80.88808083916585&travelmode=driving",,1435229.02267663,492371.462628484
3437,2606022092,26060-22-092,High Street District,Active Eligible,81882392-8874-4a8b-be5f-8eb581ef8b13,9/13/2022 7:21:41 PM,jdpeacock_ncdenr,9/9/2024 6:13:04 PM,jdpeacock_ncdenr,"327, 323 W. Morgan St; 119 S. Harrington St.; 330 W. Hargett St.",Raleigh,Wake,Lauren Fleming,2,6/13/2024 12:00:00 AM,-78.6447761271567,35.7791390293451,"https://www.google.com/maps/dir/?api=1&destination=35.779139029345,-78.64477612715673&travelmode=driving",,2105363.29920331,738689.199978888
3438,2606122060,26061-22-060,Piedmont Plating and Anodizing Co. (RN),Recorded,81e2266c-3e31-43b8-9ba8-60536ab5162e,9/13/2022 7:35:10 PM,jdpeacock_ncdenr,8/7/2026 5:05:12 PM,jdpeacock_ncdenr,"2322, 2400, 2402, 2406 Dunavant St.; 2401 Distribution St; Alley",Charlotte,Mecklenburg,Carolyn Minnich,2.6,7/20/2026 5:00:00 PM,-80.8662136282529,35.2059448453663,"https://www.google.com/maps/dir/?api=1&destination=35.20594484536626,-80.8662136282529&travelmode=driving",,1442575.29177672,535117.565784395
3439,2606222060,26062-22-060,Nations Ford Rd Assemblage,Active Eligible,773335bd-5f62-44f4-b833-9813c4e47954,9/13/2022 7:56:29 PM,jdpeacock_ncdenr,8/5/2025 7:25:49 PM,jdpeacock_ncdenr,"4815 S. Tryon St.; 5105, 5115, 5125, 5201 Nations Ford Rd.",Charlotte,Mecklenburg,Tracy Wahl,10.97,3/18/2025 12:00:00 AM,-80.8902074084832,35.1782500146719,"https://www.google.com/maps/dir/?api=1&destination=35.17825001467192,-80.89020740848322&travelmode=driving",,1435217.46134806,525175.654565901
3440,2606322060,26063-22-060,A and A Truck and Auto,Active Eligible,d046b00e-93b5-4039-9f61-7cb7a908fe6e,9/27/2022 8:12:45 PM,jdpeacock_ncdenr,8/18/2026 3:07:29 PM,jdpeacock_ncdenr,"8501 Wilkinson Blvd.; 3900, 4000 Sam Wilson Rd.",Charlotte,Mecklenburg,Stephanie Graham,14.28,12/16/2022 12:00:00 AM,-80.9844063122918,35.2402843994224,"https://www.google.com/maps/dir/?api=1&destination=35.24028439942245,-80.9844063122918&travelmode=driving",,1407526.30281971,548297.456747398
3441,2606422036,26064-22-036,Woodlawn Mill,Active Eligible,4557ac13-4ba6-4137-a3c3-cc9f5b6db481,9/27/2022 8:36:25 PM,jdpeacock_ncdenr,12/5/2023 3:49:45 PM,jdpeacock_ncdenr,300 Woodlawn Avenue,Mount Holly,Gaston,Tracy Wahl,3.54,11/9/2023 12:00:00 AM,-81.0189100910563,35.3034357810061,"https://www.google.com/maps/dir/?api=1&destination=35.30343578100607,-81.01891009105628&travelmode=driving",,1397693.48783971,571484.209258318
3442,2506021060,25060-21-060,Air Liquide Facility,No Further Interest,e387eb35-4e84-4d1d-bed5-0a195eee7ad7,9/29/2022 4:33:18 PM,achakravarty_ncdenr,11/3/2023 9:03:57 PM,jdpeacock_ncdenr,2408 South Boulevard,Charlotte,Mecklenburg,Aditi Posek,2.15,2/2/2022 5:00:00 AM,-80.8646174745333,35.2041024874208,"https://www.google.com/maps/dir/?api=1&destination=35.204102487420847,-80.8646174745333&travelmode=driving",https://edocs.deq.nc.gov/WasteManagement/Search.aspx:dbid=0&searchcommand=%7B%5BWM%5D:%5BProgram_ID%5D%20%3D%20%2225060-21-060%22%7D,1443039.40239705,534438.210843891
3443,2606522060,26065-22-060,Service Distributing Co (RN),Recorded,20adedee-e349-404d-a5f8-cfcc2c25f6d7,9/29/2022 4:57:23 PM,jdpeacock_ncdenr,1/6/2026 5:32:17 PM,jdpeacock_ncdenr,"4200, 4208, 4214, 4220 S. Tryon St.; 124 Orchard Cir.",Charlotte,Mecklenburg,Stephanie Graham,3.75,11/25/2025 12:00:00 AM,-80.883658063712,35.1887896346652,"https://www.google.com/maps/dir/?api=1&destination=35.18878963466516,-80.883658063711977&travelmode=driving","https://edocs.deq.nc.gov/WasteManagement/ElectronicFile.aspx?docid=2158276&dbid=0&repo=WasteManagement
",1437246.91398205,528973.581353232
3444,2606622060,26066-22-060,Harris Auto II (RN),Active Eligible,16a01a3f-1878-4f4d-8ef1-6d3f59e69b1e,9/29/2022 5:29:08 PM,jdpeacock_ncdenr,11/3/2023 9:03:58 PM,jdpeacock_ncdenr,2216-2300 Statesvile Ave.; 2201-2215 Arden St.; 1025 Lomond Ave.,Charlotte,Mecklenburg,Carolyn Minnich,5.38,2/21/2023 12:00:00 AM,-80.8347012899424,35.2516908954521,"https://www.google.com/maps/dir/?api=1&destination=35.251690895452086,-80.8347012899424&travelmode=driving",,1452294.42391323,551588.307777226
3445,2606722060,26067-22-060,Tarmac Virginia (RN),Recorded,0adb2fa8-a5ca-45c2-93d3-d00fcd76e205,9/29/2022 7:06:31 PM,jdpeacock_ncdenr,9/4/2025 8:11:06 PM,jdpeacock_ncdenr,3934 Raleigh St.,Charlotte,Mecklenburg,Peter Doorn,4.59,8/28/2025 12:00:00 AM,-80.7967448106439,35.2518649170167,"https://www.google.com/maps/dir/?api=1&destination=35.251864917016675,-80.79674481064394&travelmode=driving",,1463625.3228393,551444.379259318
3446,2606822095,26068-22-095,Toyota of Boone (RN),No Further Interest,d6afa2fe-161b-439c-be9b-c0ff8416a234,9/29/2022 8:44:32 PM,jdpeacock_ncdenr,3/7/2025 9:13:17 PM,jdpeacock_ncdenr,675 East King St.,Boone,Watauga,Caroline Goodwin,.6,10/8/2024 12:00:00 AM,-81.6644216270263,36.2178808792562,"https://www.google.com/maps/dir/?api=1&destination=36.21788087925624,-81.6644216270263&travelmode=driving",,1214089.55517955,908760.523549482
3447,2606922060,26069-22-060,ServiceMaster Fox,Active Eligible,5f56f398-85a3-46f7-9e82-e81410ee3bf4,10/5/2022 4:07:01 PM,jdpeacock_ncdenr,3/4/2026 8:20:57 PM,cdobill_ncdenr,"3638, 3642 Tryclan Drive",Charlotte,Mecklenburg,Carolyn Minnich,.46,5/2/2023 12:00:00 AM,-80.8769102289584,35.1947453081646,"https://www.google.com/maps/dir/?api=1&destination=35.19474530816463,-80.87691022895835&travelmode=driving",,1439303.6077033,531102.534116313
3448,2607022060,26070-22-060,Wilkinson Blvd (RN),Recorded,107779db-17ff-48f2-861b-2851412d7e8e,11/7/2022 3:47:30 PM,jdpeacock_ncdenr,11/6/2025 5:44:08 PM,jdpeacock_ncdenr,"2198, 2130 Wilkinson Blvd.",Charlotte,Mecklenburg,Peter Doorn,3.39,11/4/2025 12:00:00 AM,-80.8754348643972,35.2242412980349,"https://www.google.com/maps/dir/?api=1&destination=35.22424129803486,-80.875434864397178&travelmode=driving",,1439947.09099638,541827.170803472
3449,2607122031,26071-22-031,Stevcoknit Fabrics II,Active Eligible,f430a652-db19-495f-9135-415fc1d481d7,11/7/2022 4:11:45 PM,jdpeacock_ncdenr,8/5/2025 7:37:13 PM,jdpeacock_ncdenr,"825, 827 Old Wilmington Rd.",Wallace,Duplin,Lourdes Barallobre,54.36,11/22/2022 12:00:00 AM,-77.9854525346693,34.7313539774259,"https://www.google.com/maps/dir/?api=1&destination=34.731353977426,-77.98545253466932&travelmode=driving",,2304817.09058364,358715.352972731
3450,2607222013,26072-22-013,Villa Mobile Home Park,Active Eligible,85373cfc-238b-49ff-9579-29000824ba04,11/7/2022 4:34:02 PM,jdpeacock_ncdenr,11/3/2023 9:03:59 PM,jdpeacock_ncdenr,South Cannon Blvd.,Kannapolis,Cabarrus,Carolyn Minnich,9.91,3/17/2023 12:00:00 AM,-80.6087249110145,35.4859374644632,"https://www.google.com/maps/dir/?api=1&destination=35.4859374644632,-80.60872491101453&travelmode=driving",,1521129.51393305,635662.146190897
3451,2607322060,26073-22-060,Charlotte Aircraft II,No Further Interest,fbe07bac-7c04-4609-8c5b-ee594d67422f,11/7/2022 4:53:47 PM,jdpeacock_ncdenr,8/7/2026 5:05:12 PM,jdpeacock_ncdenr,East WT Harris Blvd.,Charlotte,Mecklenburg,Seth Goad,5.79,7/28/2026 12:00:00 AM,-80.72446389884,35.2118208269216,"https://www.google.com/maps/dir/?api=1&destination=35.21182082692162,-80.724463898840028&travelmode=driving",,1484947.70014197,536490.036464646
3452,2607422060,26074-22-060,National Cash Register Svc (RN),Recorded,5b8c2e68-822f-4fab-baad-f43d789ad73a,11/7/2022 6:28:00 PM,jdpeacock_ncdenr,7/16/2025 9:17:16 PM,jdpeacock_ncdenr,"1017, 1025, 1109, 1111, 1117 S. Tryon St.; 108, 116 E. Morehead St.; 115 E. Carson Blvd.; 1010 Morehead Square Dr.",Charlotte,Mecklenburg,Bill Schmithorst,3.21,6/30/2025 5:00:00 AM,-80.8515000626824,35.2200051522508,"https://www.google.com/maps/dir/?api=1&destination=35.220005152250828,-80.851500062682447&travelmode=driving",,1447065.05904388,540151.545217723
3453,2607522032,26075-22-032,Scott & Roberts Drycleaning II (RN),No Further Interest,0acf8bb2-2b79-4362-9bb6-1c235d66e6d5,11/7/2022 7:52:02 PM,jdpeacock_ncdenr,6/5/2024 6:07:03 PM,jdpeacock_ncdenr,"800, 802, 806, 810, 812, 814,  W. Main St.; 106, 108, N. Gregson St.; 805, 807, 809 West Morgan St.",Durham,Durham,Lauren Fleming,1.71,6/3/2024 12:00:00 AM,-78.9085385500051,36.0001765961156,"https://www.google.com/maps/dir/?api=1&destination=36.00017659611555,-78.90853855000513&travelmode=driving",,2027054.99551839,818972.499385729
3454,2607622060,26076-22-060,1601 South Blvd (RN),Active Eligible,5e01ffe6-3d07-4d55-9651-b8279af615c5,11/7/2022 8:18:40 PM,jdpeacock_ncdenr,11/3/2023 9:04:00 PM,jdpeacock_ncdenr,"1601, 1605, 1609, 1617 South Blvd.; 1612 Cleveland Ave.",Charlotte,Mecklenburg,Bill Schmithorst,.61,12/16/2022 12:00:00 AM,-80.8555686606314,35.2130746780105,"https://www.google.com/maps/dir/?api=1&destination=35.2130746780105,-80.855568660631448&travelmode=driving",,1445803.00152864,537652.367145225
3455,2306819092,23068-19-092,Sir Walter Raleigh Gun Range (RN),Recorded,29441705-1428-4d00-ae10-b8ad06f7b1aa,11/8/2022 6:48:06 PM,achakravarty_ncdenr,9/4/2025 8:11:06 PM,jdpeacock_ncdenr,Hinton Oaks Blvd.,Knightdale,Wake,BRS-Property Management,46.21,12/21/2022 5:00:00 AM,-78.5099710603834,35.8014232976762,"https://www.google.com/maps/dir/?api=1&destination=35.80142329767622,-78.5099710603834&travelmode=driving",,2145307.33447255,746970.685712472
3456,2607722060,26077-22-060,Pattons Facility (RN),Recorded,6c958eaf-e753-4f1e-8629-3dd4cb4d2bfc,12/6/2022 4:24:30 PM,jdpeacock_ncdenr,5/11/2026 9:26:46 PM,jdpeacock_ncdenr,"3119, 3127, 3201, 3207, 3209, 3215 South Blvd.; 3232, 3234 Weston St.",Charlotte,Mecklenburg,Bill Schmithorst,2.79,4/10/2026 12:00:00 AM,-80.8702738635335,35.1959291191006,"https://www.google.com/maps/dir/?api=1&destination=35.195929119100555,-80.87027386353354&travelmode=driving",,1441293.99840756,531495.880114391
3457,2607822011,26078-22-011,Swannanoa River Rd (RN),Active Eligible,0edd2041-4390-4ed3-ae2a-822d6f8e1e1c,12/6/2022 4:46:59 PM,jdpeacock_ncdenr,11/3/2023 9:04:01 PM,jdpeacock_ncdenr,"Britt Drive; 120, 134 208, 258 Swannanoa River Rd.",Asheville,Buncombe,Kris Riddle,25.76,5/8/2023 12:00:00 AM,-82.529962315404,35.5747939536186,"https://www.google.com/maps/dir/?api=1&destination=35.57479395361863,-82.529962315404&travelmode=driving",,950557.423124135,682783.374454811
3458,2607922060,26079-22-060,South End Business Park (RN),Active Eligible,4f9cd17f-2e30-4a7c-aefc-723718ee938f,12/6/2022 5:51:53 PM,jdpeacock_ncdenr,9/4/2025 8:11:06 PM,jdpeacock_ncdenr,Clanton Rd.; S. Tryon St.,Charlotte,Mecklenburg,Caroline Goodwin,45.7,8/19/2025 12:00:00 AM,-80.8792371450052,35.1986269545031,"https://www.google.com/maps/dir/?api=1&destination=35.1986269545031,-80.87923714500525&travelmode=driving",,1438635.30293755,532528.130346477
3459,2608022060,26080-22-060,Nisbet Marine Mart,No Further Interest,dbcc0cd2-b115-43ed-82d2-24e06b866a9f,12/6/2022 7:17:37 PM,jdpeacock_ncdenr,12/5/2023 3:49:45 PM,jdpeacock_ncdenr,"1320, 1328 S. Tryon St.",Charlotte,Mecklenburg,Tracy Wahl,.62,10/25/2023 12:00:00 AM,-80.8548840071493,35.2178828547217,"https://www.google.com/maps/dir/?api=1&destination=35.217882854721715,-80.8548840071493&travelmode=driving",,1446040.15689422,539398.147774398
3460,2608122060,26081-22-060,United Air Filter (RN),RFR PC Complete,51f5c3fb-bb25-4595-8ada-3ddd65e75d29,12/6/2022 7:42:33 PM,jdpeacock_ncdenr,1/14/2026 10:31:27 PM,jdpeacock_ncdenr,1000 W. Palmer St.,Charlotte,Mecklenburg,Peter Doorn,2.13,12/18/2025 12:00:00 AM,-80.8607144011006,35.2266540116224,"https://www.google.com/maps/dir/?api=1&destination=35.2266540116224,-80.86071440110055&travelmode=driving",,1444358.9460178,542622.388045058
3461,2608222065,26082-22-065,Kinder Morgan,Active Eligible,469c188f-ea0e-4f59-aeee-af262b640411,12/6/2022 8:14:38 PM,jdpeacock_ncdenr,5/6/2025 8:32:11 PM,jdpeacock_ncdenr,2005 N. 6th St.,WIlmington,New Hanover,Claire Sorrell,72.96,6/13/2024 12:00:00 AM,-77.9461662853793,34.2593299029079,"https://www.google.com/maps/dir/?api=1&destination=34.2593299029079,-77.94616628537926&travelmode=driving",,2318443.63911788,187062.689717054
3462,2608322032,26083-22-032,Heritage Square III (RN),Active Eligible,65babae4-d160-4b5f-ac16-6446f4367ce1,12/21/2022 8:22:56 PM,jdpeacock_ncdenr,2/6/2024 8:22:33 PM,jdpeacock_ncdenr,606 Fayetteville Rd.; 401 E. Lakewood Ave.,Durham,Durham,Claire Sorrell,9.85,2/21/2023 12:00:00 AM,-78.8996605979007,35.9875795910389,"https://www.google.com/maps/dir/?api=1&destination=35.98757959103892,-78.89966059790073&travelmode=driving",,2029685.71696296,814389.456058398
3463,2608422001,26084-22-001,Vikon Chemical,Active Eligible,16a4edc7-4929-44a8-b570-29dca19becbd,12/21/2022 8:48:34 PM,jdpeacock_ncdenr,11/6/2025 7:43:40 PM,jdpeacock_ncdenr,241 W. River Street,Graham,Alamance,Jordan Thompson,6.39,6/13/2024 12:00:00 AM,-79.4045771814545,36.0823955679848,"https://www.google.com/maps/dir/?api=1&destination=36.082395567984825,-79.404577181454457&travelmode=driving",,1880449.6683228,849133.712029055
3464,2608522092,26085-22-092,Cary Towne Center,Ineligible,ba066d71-e202-449d-a012-9f0e8fbc9f1d,12/21/2022 9:05:55 PM,jdpeacock_ncdenr,3/11/2024 3:16:34 PM,jdpeacock_ncdenr,1105 Walnut Street,Cary,Wake,Lauren Fleming,87.26,2/5/2024 12:00:00 AM,-78.7604644477658,35.7736799207114,"https://www.google.com/maps/dir/?api=1&destination=35.773679920711437,-78.76046444776577&travelmode=driving",,2071054.01447555,736599.33440797
3465,2608622011,26086-22-011,Asheville Mall Sears (RN),No Further Interest,48295922-fe42-4aa6-a614-0d9a2134193c,12/21/2022 9:20:10 PM,jdpeacock_ncdenr,9/9/2024 6:13:04 PM,jdpeacock_ncdenr,1 South Tunnel Rd.,Asheville,Buncombe,Kris Riddle,15.62,8/1/2024 12:00:00 AM,-82.5278700748077,35.5830142690109,"https://www.google.com/maps/dir/?api=1&destination=35.58301426901085,-82.5278700748077&travelmode=driving",,951285.482035473,685751.33735089
3466,2608722092,26087-22-092,401 Par Golf Assemblage,No Further Interest,d0f461b5-4686-493a-b928-37952d1b0abf,12/21/2022 9:44:03 PM,jdpeacock_ncdenr,10/14/2025 9:25:14 PM,jdpeacock_ncdenr,"Fayetteviille Rd.; 5828 Woodcrest Dr.; 1514, 1518, 1600, 1604, 1610, 1612, 1700, 1708, 1714, 1808, 1904, 1910, 1912, St. Patrick Dr.",Raleigh,Wake,Sharon Eckard,72.76,10/1/2025 12:00:00 AM,-78.6675901665089,35.6978971948924,"https://www.google.com/maps/dir/?api=1&destination=35.6978971948924,-78.667590166508916&travelmode=driving",,2098695.50217147,709094.81264548
3467,2608822092,26088-22-092,Allred Metal Stamping (RN),Ineligible,4348bace-62fa-4d51-a76e-630cc9c9334c,1/3/2023 7:49:50 PM,jdpeacock_ncdenr,11/3/2023 9:04:04 PM,jdpeacock_ncdenr,1305 Old Thomasville Rd.; 2000 Bethel Dr.,High Point,Randolph,Lauren Fleming,14.93,9/14/2023 12:00:00 AM,-80.0367659240342,35.9162515700236,"https://www.google.com/maps/dir/?api=1&destination=35.91625157002358,-80.036765924034185&travelmode=driving",,1693013.18952197,790013.020887479
3468,2609022011,26090-22-011,Smokey Mountain Petroleum (RN),Recorded,c5b25d65-a062-43b2-9096-a72a4c0834c6,1/3/2023 9:06:23 PM,jdpeacock_ncdenr,10/27/2025 4:20:50 PM,jdpeacock_ncdenr,"21, 99999 Governors View Road",Asheville,Buncombe,Kris Riddle,2.73,5/20/2025 12:00:00 AM,-82.5125703126628,35.5785787363395,"https://www.google.com/maps/dir/?api=1&destination=35.578578736339537,-82.512570312662845&travelmode=driving",,955774.56426464,683976.65750131
3470,2609122060,26091-22-060,Stockham Valves and Fitting Warehouse (RN),Active Eligible,1e2ea74e-c56f-41d7-b5fc-88aaf51dc667,2/3/2023 8:16:36 PM,jdpeacock_ncdenr,9/9/2024 6:13:04 PM,jdpeacock_ncdenr,2500 Distribution Street,Charlotte,Mecklenburg,Bill Schmithorst,2.18,5/24/2023 12:00:00 AM,-80.8682495283247,35.2053867038103,"https://www.google.com/maps/dir/?api=1&destination=35.20538670381034,-80.86824952832465&travelmode=driving",,1441963.43112381,534925.908031225
3471,2609222087,26092-22-087,Singer Furniture Bryson City II (RN),Active Eligible,ae187778-a3bf-4119-bcfd-0fdada2e323a,2/3/2023 9:06:13 PM,jdpeacock_ncdenr,2/13/2025 4:59:32 PM,jdpeacock_ncdenr,1011 Bryson Walk,Bryson City,Swain,Kris Riddle,20.66,11/9/2023 12:00:00 AM,-83.4595751517029,35.4226636167013,"https://www.google.com/maps/dir/?api=1&destination=35.422663616701328,-83.45957515170285&travelmode=driving",,671867.281030476,638589.997946724
3472,2609322060,26093-22-060,Dynamic Auto Works II,No Further Interest,ceb39b9b-3197-4e52-8b27-e00ad26d28f3,2/6/2023 4:31:06 PM,jdpeacock_ncdenr,2/13/2025 4:49:03 PM,jdpeacock_ncdenr,"600 Eldridge St; Portion of 07318201
",Charlotte,Mecklenburg,Carolyn Minnich,1.31,1/14/2025 12:00:00 AM,-80.8542391200723,35.2274802998348,"https://www.google.com/maps/dir/?api=1&destination=35.227480299834816,-80.854239120072336&travelmode=driving",,1446297.9696988,542886.878001645
3473,2700123041,27001-23-041,Fortress Wood Products (RFR),No Further Interest,c4b18758-2658-4c05-a03e-e949c73fb368,2/6/2023 4:49:33 PM,jdpeacock_ncdenr,11/6/2025 5:44:08 PM,jdpeacock_ncdenr,1 Metals Drive,Greensboro,Guilford,Stephanie Graham,17.62,10/23/2025 12:00:00 AM,-79.900932208578,36.0140061364424,"https://www.google.com/maps/dir/?api=1&destination=36.01400613644238,-79.900932208578&travelmode=driving",,1733555.47064197,825203.398013145
3474,2700223092,27002-23-092,Raleigh Oil Mill (RN),Active Eligible,99d4a127-b0b4-453b-8f59-f69155f2d723,2/6/2023 4:58:40 PM,jdpeacock_ncdenr,2/13/2025 4:59:32 PM,jdpeacock_ncdenr,"409 W. Martin St.; 310, 324 S. Harrington St.; 406 W. Davie St.; 319, 333 S. West St.",Raleigh,Wake,Lauren Fleming,1.31,4/4/2023 12:00:00 AM,-78.6456363775822,35.7763327079029,"https://www.google.com/maps/dir/?api=1&destination=35.7763327079029,-78.64563637758218&travelmode=driving",,2105111.78887956,737666.812259898
3475,2700323060,27003-23-060,Winston Container,Recorded,2004d210-6a64-4258-ada8-996e12f970a9,2/6/2023 5:26:46 PM,jdpeacock_ncdenr,1/6/2026 5:28:28 PM,jdpeacock_ncdenr,4901 Winston Container Road,Charlotte,Mecklenburg,Carolyn Minnich,15.5,12/17/2025 12:00:00 AM,-80.9247937392607,35.2183183659717,"https://www.google.com/maps/dir/?api=1&destination=35.21831836597173,-80.92479373926075&travelmode=driving","https://edocs.deq.nc.gov/WasteManagement/ElectronicFile.aspx?docid=2175456&dbid=0&repo=WasteManagement
",1425167.27475555,539954.090560138
3476,2700923024,27009-23-024,Pag Chadbourn Property,Recorded,bc9df367-7ff1-4bb4-87c7-d5a3cfc537b2,2/20/2023 8:58:01 PM,achakravarty_ncdenr,1/6/2026 5:27:48 PM,jdpeacock_ncdenr,612 S. Brown Street,Chadbourn,Columbus,Claire Sorrell,5.1,12/30/2025 12:00:00 AM,-78.826853771201,34.3138890597435,"https://www.google.com/maps/dir/?api=1&destination=34.31388905974347,-78.826853771201&travelmode=driving",https://edocs.deq.nc.gov/WasteManagement/ElectronicFile.aspx?docid=2176417&dbid=0&repo=WasteManagement,2052287.69013163,205274.251719058
3477,2701023060,27010-23-060,Forshaw Chemicals II,Active Eligible,fd010a23-01a5-43a0-b975-234d88092a3a,3/2/2023 8:20:29 PM,jdpeacock_ncdenr,2/6/2024 8:22:33 PM,jdpeacock_ncdenr,"640, 642, 646, 650 State Street",Charlotte,Mecklenburg,Bill Schmithorst,6.1,7/14/2023 12:00:00 AM,-80.8694650251629,35.2403920124886,"https://www.google.com/maps/dir/?api=1&destination=35.24039201248858,-80.869465025162867&travelmode=driving",,1441840.31752488,547670.47506173
3478,2701123060,27011-23-060,Revels Esso (RN),Active Eligible,210395a6-79ae-4845-8d44-c3e7ae862337,4/10/2023 3:57:22 PM,jdpeacock_ncdenr,11/6/2025 7:43:40 PM,jdpeacock_ncdenr,"420 W 6th St.; 301, 306, 308, 312 N Graham St.",Charlotte,Mecklenburg,Carolyn Minnich,1.64,6/23/2023 12:00:00 AM,-80.8439839413637,35.2323303523552,"https://www.google.com/maps/dir/?api=1&destination=35.23233035235516,-80.843983941363717&travelmode=driving",,1449392.7489423,544594.682984978
3479,2701223055,27012-23-055,Legionaire Road (RN),No Further Interest,7ccebe33-0aa3-44f5-b581-1685d95108b5,4/11/2023 5:43:39 PM,jdpeacock_ncdenr,11/6/2023 3:26:19 PM,jdpeacock_ncdenr,129 Legionaire Road (RN),Lincolnton,Lincoln,Kris Riddle,43,10/16/2023 12:00:00 AM,-81.2583836061541,35.4871650198438,"https://www.google.com/maps/dir/?api=1&destination=35.4871650198438,-81.258383606154126&travelmode=driving",,1328593.78286356,639347.135211974
3480,2701323034,27013-23-034,Cleveland Avenue Homes (RN),Active Eligible,4a4cd86c-c3a1-4aa2-8c46-27165298eeba,4/11/2023 8:07:22 PM,jdpeacock_ncdenr,10/14/2025 9:37:03 PM,jdpeacock_ncdenr,"E. 14th St.; E. 15th St.; E. 16th St.; E. 
17th St.; Woodland Ave.; N. Cleveland Ave..; New Hope Ln.; Curry St.",Winston-Salem,Forsyth,Carolyn Minnich,23.81,9/10/2024 12:00:00 AM,-80.2321149613734,36.1145473953143,"https://www.google.com/maps/dir/?api=1&destination=36.114547395314318,-80.23211496137338&travelmode=driving",,1636068.75715122,862853.104865804
3481,2701423060,27014-23-060,B&B Used Auto Parts (RN),Active Eligible,3dd75dfe-41e9-44ae-aec1-e5b8a466c833,4/11/2023 8:35:14 PM,jdpeacock_ncdenr,2/6/2024 8:22:33 PM,jdpeacock_ncdenr,"3500, 3511, 3515, 3540, 3600, 3720, 3730 Hartley St,; 1809, 
1810, 1820, 1821, 1829, 1833, 1841, 1845, 1849 Azalea Ln.",Charlotte,Mecklenburg,Bill Schmithorst,15.0,5/24/2023 12:00:00 AM,-80.8205326271726,35.2693181253765,"https://www.google.com/maps/dir/?api=1&destination=35.269318125376458,-80.820532627172625&travelmode=driving",,1456641.31088872,557924.730799899
3482,2701523001,27015-23-001,North Graham Hopedale II,No Further Interest,07d1f0a3-2b5e-4992-af8f-b8a41774aa10,4/12/2023 7:41:15 PM,jdpeacock_ncdenr,1/14/2026 10:31:27 PM,jdpeacock_ncdenr,N. Graham Hopedale Rd.; N. Church St.,Burlington,Alamance,Lourdes Barallobre,2.81,12/18/2025 12:00:00 AM,-79.4055266566507,36.0958498828247,"https://www.google.com/maps/dir/?api=1&destination=36.095849882824666,-79.40552665665075&travelmode=driving",,1880189.11142921,854032.6681104
3483,2701623034,27016-23-034,Cemex Consruction (RN),Recorded,847ab63f-180e-4944-a13b-27765a408255,4/12/2023 8:06:38 PM,jdpeacock_ncdenr,5/11/2026 9:26:46 PM,jdpeacock_ncdenr,"3920, 3230 N. Liberty St.",Winston-Salem,Forsyth,Jordan Thompson,3.74,4/28/2026 12:00:00 AM,-80.2324972991831,36.1310196920118,"https://www.google.com/maps/dir/?api=1&destination=36.13101969201183,-80.23249729918305&travelmode=driving",,1636030.28052214,868850.636505887
3484,2701723060,27017-23-060,Stateville Rd Property II (RN),No Further Interest,12ebc9e6-f1f0-48f5-afc7-4a3bf93dfc0b,4/12/2023 8:24:26 PM,jdpeacock_ncdenr,4/8/2025 7:20:15 PM,jdpeacock_ncdenr,8718 Statesville Road,Charlotte,Mecklenburg,,4.99,1/30/2024 12:00:00 AM,-80.8405745224644,35.3404549372308,"https://www.google.com/maps/dir/?api=1&destination=35.34045493723077,-80.8405745224644&travelmode=driving",,1451140.25693022,583920.79987064
3486,2701923060,27019-23-060,WT Harris Blvd,Active Eligible,eb6e5d22-3749-402b-9d1c-bdda5750a327,4/12/2023 8:57:30 PM,jdpeacock_ncdenr,8/5/2025 7:37:13 PM,jdpeacock_ncdenr,8131 East WT Harris Boulevard,Charlotte,Mecklenburg,Bill Schmithorst,27.46,6/23/2023 12:00:00 AM,-80.7248497246248,35.2099604762739,"https://www.google.com/maps/dir/?api=1&destination=35.2099604762739,-80.724849724624818&travelmode=driving",,1484820.71187888,535815.077512726
3487,2702023032,27020-23-032,Angier Ave Assemblage II,Active Eligible,5366470b-56e8-4255-82a1-ed20274d28e6,4/13/2023 2:24:08 PM,jdpeacock_ncdenr,9/9/2024 6:13:04 PM,jdpeacock_ncdenr,Angier Ave.; S. Goley St.; Cross St.; Morven Pl.; S. Holman St.; Vale St.; S. Plum St.;,Durham,Durham,Claire Sorrell,21.658,6/30/2023 12:00:00 AM,-78.8860115099037,35.9839525518258,"https://www.google.com/maps/dir/?api=1&destination=35.9839525518258,-78.88601150990374&travelmode=driving",,2033725.24530122,813073.499372721
3488,2702123060,27021-23-060,Tillet Chemical (RN),No Further Interest,87e58a78-3637-4e7a-ad00-5952622236e0,4/13/2023 4:05:52 PM,jdpeacock_ncdenr,7/15/2024 10:23:35 PM,jdpeacock_ncdenr,"104, 108, 118, 206, 210, 307 College St.",Pineville,Mecklenburg,Carolyn Minnich,5.55,10/18/2023 12:00:00 AM,-80.8887171247123,35.0866746880185,"https://www.google.com/maps/dir/?api=1&destination=35.086674688018547,-80.8887171247123&travelmode=driving",,1434800.84767997,491804.82662265
3489,2702223060,27022-23-060,Yuasa-Exide Distribution (RN),Inactive Eligible,de25e09d-c10d-4ed0-bd71-5382247bd3f3,5/15/2023 4:25:43 PM,jdpeacock_ncdenr,7/9/2024 10:12:22 PM,jdpeacock_ncdenr,"3713, 3725, 3745 N. Davidson St.",Charlotte,Mecklenburg,Caroline Goodwin,2.9,6/25/2024 12:00:00 AM,-80.7950569602432,35.2503706966692,"https://www.google.com/maps/dir/?api=1&destination=35.25037069666924,-80.795056960243187&travelmode=driving",,1464119.30249439,550891.536861062
3490,2702323060,27023-23-060,Southern Concrete (RN),No Further Interest,c6e3f8e1-6738-4ee9-9398-4027ff9adcef,5/15/2023 5:33:25 PM,jdpeacock_ncdenr,10/14/2025 9:25:14 PM,jdpeacock_ncdenr,"715 State St.; 916 Tuckaseegee Rd.; 1027, 1033 Berryhill Rd.",Charlotte,Mecklenburg,Bill Schmithorst,3.60,9/8/2025 12:00:00 AM,-80.8713048095762,35.2381203160189,"https://www.google.com/maps/dir/?api=1&destination=35.238120316018936,-80.8713048095762&travelmode=driving",,1441425.83475806,547114.901697814
3491,2702423060,27024-23-060,Charlotte Supply (RN),Recorded,336655e5-4067-4833-8324-c1c2690c439f,5/15/2023 8:57:47 PM,jdpeacock_ncdenr,11/6/2025 5:44:08 PM,jdpeacock_ncdenr,410 S. Mint St.,Charlotte,Mecklenburg,Carolyn Minnich,4.8,10/9/2025 12:00:00 AM,-80.8503541500528,35.2271385278307,"https://www.google.com/maps/dir/?api=1&destination=35.227138527830718,-80.8503541500528&travelmode=driving",,1447455.62551998,542740.866810724
3492,2702523092,27025-23-092,Stay Right Tank (RN),Recorded,7af9ffaa-1148-47c0-bcaa-b8cc09c1fe0c,5/16/2023 3:59:51 PM,jdpeacock_ncdenr,9/4/2025 8:11:06 PM,jdpeacock_ncdenr,"5200, 5204, 5210, 5212 Hillsborough St.; 108, 114 Grand Ave.; 5203, 5205, 5209 Dorcas St.",Raleigh,Wake,Shristi Shrestha,2.92,8/13/2025 12:00:00 AM,-78.7143284325066,35.7919475425068,"https://www.google.com/maps/dir/?api=1&destination=35.791947542506755,-78.71432843250663&travelmode=driving",,2084720.1278913,743284.81250681
3493,2702623063,27026-23-063,NC Self Storage,Active Eligible,e7822844-0ca2-426e-a169-98ad4e9504e5,5/16/2023 4:46:16 PM,jdpeacock_ncdenr,2/13/2025 4:59:32 PM,jdpeacock_ncdenr,209 Trimble Plant Rd.,Southern Pines,Moore,Lourdes Barallobre,21.69,7/24/2023 12:00:00 AM,-79.379370974219,35.1925180567575,"https://www.google.com/maps/dir/?api=1&destination=35.19251805675747,-79.37937097421897&travelmode=driving",,1886660.16246347,525207.771955729
3494,2700423041,27004-23-041,AMP 11 (RN),Active Eligible,437de9da-5f12-48ba-ba3a-ab14e4045d41,6/27/2023 9:23:41 PM,jdpeacock_ncdenr,2/6/2024 8:22:33 PM,jdpeacock_ncdenr,1124 N. Church Street,Greensboro,Guilford,Stephanie Graham,6.17,5/1/2023 12:00:00 AM,-79.7832420969349,36.0907610165557,"https://www.google.com/maps/dir/?api=1&destination=36.09076101655568,-79.783242096934927&travelmode=driving",,1768581.29789989,852848.371922567
3495,2700523060,27005-23-060,Eastern Electric Facility,Active Eligible,680935da-af9d-4844-a24a-4e808b756aea,6/27/2023 9:31:08 PM,jdpeacock_ncdenr,2/13/2025 4:59:32 PM,jdpeacock_ncdenr,920 Eastway Drive,Charlotte,Mecklenburg,Caroline Goodwin,6.75,4/4/2023 12:00:00 AM,-80.7817826898735,35.2440487748414,"https://www.google.com/maps/dir/?api=1&destination=35.24404877484136,-80.7817826898735&travelmode=driving",,1468040.37142389,548519.677103475
3496,2700623060,27006-23-060,Textile Rubber and Chemical Co (RN),Active Eligible,b5279976-ebf3-43ed-8345-899499d5cd7d,6/27/2023 9:45:05 PM,jdpeacock_ncdenr,12/1/2025 9:46:03 PM,jdpeacock_ncdenr,2321 North Davidson Street,Charlotte,Mecklenburg,Bill Schmithorst,1.93,7/14/2023 12:00:00 AM,-80.814004059742,35.2412951510174,"https://www.google.com/maps/dir/?api=1&destination=35.241295151017447,-80.814004059742&travelmode=driving",,1458403.26405773,547691.901199982
3497,2700723060,27007-23-060,401 S College Street,Recorded,6931e747-e919-4157-ac24-747f0bd48dc2,6/27/2023 10:05:20 PM,jdpeacock_ncdenr,1/14/2026 10:31:27 PM,jdpeacock_ncdenr,401 S. College Street,Charlotte,Mecklenburg,BRS-Property Management,2.3,7/16/2025 12:00:00 AM,-80.8451598620493,35.2232203584754,"https://www.google.com/maps/dir/?api=1&destination=35.2232203584754,-80.84515986204933&travelmode=driving",https://edocs.deq.nc.gov/WasteManagement/ElectronicFile.aspx?docid=2181746&dbid=0&repo=WasteManagement,1448980.03979397,541286.245048061
3498,2700823067,27008-23-067,Southern Cleaners,No Further Interest,83691672-af65-43fb-846d-fafc35ecfefb,6/28/2023 4:20:47 PM,jdpeacock_ncdenr,1/14/2026 10:31:27 PM,jdpeacock_ncdenr,"401, 415 Chaney Ave.; 420, 460 Marine Blvd.",Jacksonville,Onslow,Lourdes Barallobre,1.56,12/8/2025 12:00:00 AM,-77.4243532725987,34.7548196557663,"https://www.google.com/maps/dir/?api=1&destination=34.75481965576631,-77.424353272598736&travelmode=driving",,2473249.69827156,369453.433530644
3499,2702723060,27027-23-060,Ables Auto (RN),Recorded,6934ae75-570d-45b8-a388-81eb7ce40e0f,6/28/2023 4:28:15 PM,jdpeacock_ncdenr,2/13/2026 5:04:55 PM,jdpeacock_ncdenr,"2501, 2511, 2533 Wilkinson Blvd.",Charlotte,Mecklenburg,Kris Riddle,3.82,1/26/2026 12:00:00 AM,-80.8841746162913,35.2234150179589,"https://www.google.com/maps/dir/?api=1&destination=35.223415017958885,-80.884174616291347&travelmode=driving",,1437331.77864172,541575.926883399
3500,2702823060,27028-23-060,American Hardwar and Equip Co (RN),Recorded,74295f31-94b7-4e48-938b-775fe072efe7,6/28/2023 4:52:49 PM,jdpeacock_ncdenr,2/13/2026 5:17:45 PM,jdpeacock_ncdenr,526 S. Church St.; 501 S. Mint St.,Charlotte,Mecklenburg,Kris Riddle,3.909,1/14/2026 12:00:00 AM,-80.8497696588115,35.2254625398067,"https://www.google.com/maps/dir/?api=1&destination=35.22546253980674,-80.849769658811525&travelmode=driving",,1447618.77840889,542127.752879471
3501,2702923060,27029-23-060,Cessco,No Further Interest,2f41e405-83b0-4750-ae2c-45018c493c18,6/28/2023 5:21:21 PM,jdpeacock_ncdenr,2/13/2025 4:49:03 PM,jdpeacock_ncdenr,3538 Central Ave.,Charlotte,Mecklenburg,Tracy Wahl,1.7,11/17/2024 12:00:00 AM,-80.7851840836984,35.2155763197727,"https://www.google.com/maps/dir/?api=1&destination=35.215576319772687,-80.78518408369838&travelmode=driving",,1466838.63891922,538177.19122681
3502,2703023027,27030-23-027,Ocean Hill,Active Eligible,80323bd0-69af-4720-9d99-8bf4b342ca55,6/28/2023 5:35:21 PM,jdpeacock_ncdenr,2/11/2026 7:45:40 PM,jdpeacock_ncdenr,1215 Ponton Lane,Corolla,Currituck,Lauren Fleming,7.92,1/12/2026 12:00:00 AM,-75.8325029030649,36.3836420241643,"https://www.google.com/maps/dir/?api=1&destination=36.38364202416427,-75.8325029030649&travelmode=driving",,2932330.11081755,973437.286584139
3503,2703123034,27031-23-034,Phoenix Aluminum Packaging (RN),Active Eligible,76fa2d33-64b0-4a6f-b901-b527efe3dd0d,6/28/2023 6:15:20 PM,jdpeacock_ncdenr,3/11/2024 3:16:34 PM,jdpeacock_ncdenr,1300 Cunningham Ave.,Winston-Salem,Forsyth,Bill Schmithorst,21.48,10/10/2023 12:00:00 AM,-80.2270119862554,36.0760825235436,"https://www.google.com/maps/dir/?api=1&destination=36.07608252354356,-80.2270119862554&travelmode=driving",,1637402.88243572,848832.878313139
3504,2703223034,27032-23-034,Sun Printing,Active Eligible,c733b6c7-e4a2-4334-a9f0-e89966b4eb18,6/28/2023 8:06:19 PM,jdpeacock_ncdenr,11/3/2023 9:04:15 PM,jdpeacock_ncdenr,1411 S. Main St.,Winston-Salem,Forsyth,Tracy Wahl,.42,6/23/2023 12:00:00 AM,-80.2400736412526,36.0786555307956,"https://www.google.com/maps/dir/?api=1&destination=36.07865553079564,-80.24007364125265&travelmode=driving",,1633554.8943968,849817.430805981
3505,2703323032,27033-23-032,Durham Summit (RN),Recorded,f7e8f7da-3ef0-472c-b113-55bced3b75c4,6/28/2023 8:36:57 PM,jdpeacock_ncdenr,7/16/2025 9:17:16 PM,jdpeacock_ncdenr,"3404, 3414 N. Duke St.; 4101, 4117 N. Roxboro St.",Durham,Durham,Stephanie Graham,14.41,6/13/2025 5:00:00 AM,-78.904407414086,36.0461192519677,"https://www.google.com/maps/dir/?api=1&destination=36.046119251967717,-78.904407414086&travelmode=driving",,2028260.87565255,835697.959373057
3506,2703423060,27034-23-060,Dixon Quick Coupling,Ineligible,23f96004-2b46-48da-a081-ee25d1c32200,7/5/2023 6:25:06 PM,jdpeacock_ncdenr,7/15/2024 9:52:12 PM,jdpeacock_ncdenr,332 Atando Avenue,Charlotte,Mecklenburg,Lauren Fleming,4.24,12/15/2023 12:00:00 AM,-80.8125320941564,35.2556794939037,"https://www.google.com/maps/dir/?api=1&destination=35.255679493903735,-80.812532094156367&travelmode=driving",,1459068.62001047,552781.78242439
3507,2703523060,27035-23-060,Chadwick Hoskins/Arlo (RN),Active Eligible,14e8dbf0-78cb-4b78-8ad8-a69df8957fa2,7/5/2023 6:39:33 PM,jdpeacock_ncdenr,12/5/2023 3:49:45 PM,jdpeacock_ncdenr,1041 Hawthorne Lane,Charlotte,Mecklenburg,Carolyn Minnich,1.14,9/15/2023 12:00:00 AM,-80.817933779177,35.2237035105183,"https://www.google.com/maps/dir/?api=1&destination=35.2237035105183,-80.817933779177&travelmode=driving",,1457112.8791713,541312.046505645
3508,2703623060,27036-23-060,Piedmont Plating and Anodizing II (RN),No Further Interest,82d86af9-c164-4f8d-9ad4-4a4b67e956bd,8/4/2023 4:19:36 PM,jdpeacock_ncdenr,8/10/2026 2:40:21 PM,jdpeacock_ncdenr,"2322, 2400, 2402, 2406 Dunavant St.; 2401 Distribution St; Alley",Charlotte,Mecklenburg,Carolyn Minnich,2.6,9/15/2025 12:00:00 AM,-80.8663318671664,35.2060118950685,"https://www.google.com/maps/dir/?api=1&destination=35.206011895068485,-80.866331867166437&travelmode=driving",,1442381.48671813,535242.005496144
3509,2703723007,27037-23-007,Beaufort Marine Park,Active Eligible,ef549538-1e3b-4d81-bdd8-18696f9be9e5,8/4/2023 4:31:27 PM,jdpeacock_ncdenr,12/21/2023 1:37:12 AM,jdpeacock_ncdenr,"409 NC 99 Hwy S; 733, 747, 759 W. Main St.",Belhaven,Beaufort,Joselyn Harriger,32,8/25/2023 12:00:00 AM,-76.6319951673442,35.5446760756826,"https://www.google.com/maps/dir/?api=1&destination=35.544676075682567,-76.63199516734423&travelmode=driving",,2704202.40204763,661763.09694165
3510,2703823060,27038-23-060,Escobar Truck Equipment (RN),No Further Interest,d9a64af9-b624-4573-bcd3-f3e23382a1b3,8/4/2023 4:44:48 PM,jdpeacock_ncdenr,2/13/2025 4:49:03 PM,jdpeacock_ncdenr,"618, 620 Atando Avenue",Charlotte,Mecklenburg,Jordan Thompson,2.62,2/6/2025 12:00:00 AM,-80.8162773995133,35.2595266784663,"https://www.google.com/maps/dir/?api=1&destination=35.25952667846625,-80.81627739951334&travelmode=driving",,1457845.99548721,554338.495518312
3511,2703923032,27039-23-032,Massengill & Murphy Autos (RN),Active Eligible,ecda1b89-aede-4dad-aef9-522b0002f7a1,8/7/2023 2:51:55 PM,jdpeacock_ncdenr,9/9/2024 6:13:04 PM,jdpeacock_ncdenr,715-719 Rigsbee Avenue,Durham,Durham,Lauren Fleming,.7932,6/13/2024 12:00:00 AM,-78.9004161617892,36.0027733891498,"https://www.google.com/maps/dir/?api=1&destination=36.002773389149816,-78.900416161789167&travelmode=driving",,2029456.63900906,819920.102477387
3512,2704023060,27040-23-060,Tennessee Carolina Transportation (RN),Active Eligible,68e61986-7432-44a3-b1df-fb0e88c1fad6,8/7/2023 3:32:11 PM,jdpeacock_ncdenr,2/13/2025 4:59:32 PM,jdpeacock_ncdenr,200 Atando Avenue,Charlotte,Mecklenburg,Peter Doorn,.79,12/6/2023 12:00:00 AM,-80.8101044204136,35.2553961192622,"https://www.google.com/maps/dir/?api=1&destination=35.25539611926216,-80.8101044204136&travelmode=driving",,1459661.00169972,552801.78664948
3513,2704123060,27041-23-060,Faires Trailer Sales,Active Eligible,2264b129-cc7c-430d-b91d-ad64993ee908,9/6/2023 9:56:12 PM,jdpeacock_ncdenr,12/5/2023 3:49:45 PM,jdpeacock_ncdenr,"3101, 3115, 3217, 3221 N. Tryon St.; 144 Atando Ave.",Charlotte,Mecklenburg,Tracy Wahl,5.8,8/25/2023 12:00:00 AM,-80.8098516183584,35.2530583585943,"https://www.google.com/maps/dir/?api=1&destination=35.25305835859426,-80.80985161835838&travelmode=driving",,1459720.94711788,551949.732579306
3514,2609422060,26094-22-060,Hunter Wrecker II (Martin Transfer & Storage),Recorded,62e59c9b-849f-4279-b475-84751bd04966,9/6/2023 10:17:58 PM,jdpeacock_ncdenr,2/6/2024 8:22:33 PM,jdpeacock_ncdenr,"510, 512, 514, 516, E. 15th St.; 1138 N. Caldwell St.; 1133 N. Davidson St.",Charlotte,Mecklenburg,Peter Doorn,1.298,1/11/2024 12:00:00 AM,-80.8255119099316,35.2325218281935,"https://www.google.com/maps/dir/?api=1&destination=35.232521828193477,-80.82551190993156&travelmode=driving",,1454909.09847389,544562.414676815
3515,2704223060,27042-23-060,Hunter Wrecker II,No Further Interest,0f72cf17-599d-417e-8cce-e9fab760fe75,9/6/2023 10:29:05 PM,jdpeacock_ncdenr,5/11/2026 9:26:46 PM,jdpeacock_ncdenr,"1100, 1101, 1107, 1111, 1108, 1112, 1114 N. Davidson Street; 1100, 1104, 1108 N. Caldwell Street; 521, 615, 617, 621, 1109 Belmont Avenue; 608 E. 15th Street",Charlotte,Mecklenburg,Peter Doorn,5.9,5/5/2026 12:00:00 AM,-80.8258721835276,35.2317147035976,"https://www.google.com/maps/dir/?api=1&destination=35.231714703597568,-80.825872183527636&travelmode=driving",,1454911.31336448,544341.322599307
3516,2608922032,26089-22-032,West Village (RN),Inactive Eligible,6a52b2f4-d046-4065-a323-e12118e1e43f,9/6/2023 10:49:43 PM,jdpeacock_ncdenr,11/6/2025 6:25:29 PM,jdpeacock_ncdenr,600 W. Morgan St.,Durham,Durham,Sharon Eckard,1.19,10/30/2025 12:00:00 AM,-78.9053580804585,35.9994158717748,"https://www.google.com/maps/dir/?api=1&destination=35.999415871774758,-78.90535808045854&travelmode=driving",,2027996.03825572,818696.460567728
3517,2704323060,27043-23-060,Mills Market,Recorded,21ba4c77-f415-4e3e-a6b1-92d553e537a8,9/13/2023 3:52:14 PM,jdpeacock_ncdenr,11/6/2025 5:44:08 PM,jdpeacock_ncdenr,"21300, 21312/21314, 21320, 21316 Catawba Ave.: 19724, 19720, 19718, 19712 Meridian St.",Cornelius,Mecklenburg,Bill Schmithorst,3.2,11/3/2025 12:00:00 AM,-80.8610378810286,35.4817205214044,"https://www.google.com/maps/dir/?api=1&destination=35.4817205214044,-80.86103788102862&travelmode=driving",,1446002.60578822,635440.180755556
3518,2704423041,27044-23-041,DKL Investments (Lewis Storage),Active Eligible,e0a7c11a-6031-42ca-9bca-2c4c3991da4f,9/13/2023 5:36:08 PM,jdpeacock_ncdenr,4/9/2026 4:08:37 PM,jdpeacock_ncdenr,2751 Patterson Street,Greensboro,Guilford,Celeste Dobill,4.51,6/13/2024 12:00:00 AM,-79.838300932722,36.0572740861036,"https://www.google.com/maps/dir/?api=1&destination=36.0572740861036,-79.838300932722035&travelmode=driving",,1752210.84901355,840791.307782143
3519,2704523060,27045-23-060,Levine Museum II,Active Eligible,1c38f23b-babe-4d5f-8924-1362abbddd66,9/13/2023 6:12:02 PM,jdpeacock_ncdenr,9/9/2024 6:13:04 PM,jdpeacock_ncdenr,324 N. College Street,Charlotte,Mecklenburg,Peter Doorn,.70,7/12/2024 12:00:00 AM,-80.8386437246822,35.2281916532373,"https://www.google.com/maps/dir/?api=1&destination=35.228191653237275,-80.83864372468221&travelmode=driving",,1450959.24220039,543059.105675563
3520,2704623060,27046-23-060,PC Mart (Former),Active Eligible,df188041-a15b-41c1-9c43-6cd0d158e5d2,9/13/2023 6:37:05 PM,jdpeacock_ncdenr,1/14/2026 10:31:27 PM,jdpeacock_ncdenr,"211, 225 E. Woodlawn Road",Charlotte,Mecklenburg,Carolyn Minnich,2.1,12/6/2023 12:00:00 AM,-80.8810654957137,35.1788749982783,"https://www.google.com/maps/dir/?api=1&destination=35.1788749982783,-80.881065495713685&travelmode=driving",,1437952.99557513,525351.185710892
3521,2704723060,27047-23-060,Charlotte War Assets II (RN),Active Eligible,3ee62830-1b9d-4595-926a-0fbf502ec23d,10/31/2023 8:04:55 PM,jdpeacock_ncdenr,7/16/2025 9:17:16 PM,jdpeacock_ncdenr,"1304, 1306 Berryhill Road",Charlotte,Mecklenburg,Jordan Thompson,7.54,4/9/2025 12:00:00 AM,-80.8765432776789,35.2352566790168,"https://www.google.com/maps/dir/?api=1&destination=35.235256679016786,-80.8765432776789&travelmode=driving",,1439691.90843588,545841.701816395
3522,2704823060,27048-23-060,Southern Wipers II (RN),Active Eligible,019c3687-923c-48d0-afbc-41a2ae429b27,11/3/2023 5:12:35 PM,jdpeacock_ncdenr,11/7/2025 6:32:03 PM,cdobill_ncdenr,"2221 N. Davidson St.; 411, 417, 425, 511 E. 25th St.; 2200, 2202, 2214, 2218 N. Brevard St.",Charlotte,Mecklenburg,Carolyn Minnich,5.66,2/9/2024 12:00:00 AM,-80.8156009622625,35.2406299351875,"https://www.google.com/maps/dir/?api=1&destination=35.24062993518751,-80.815600962262465&travelmode=driving",,1457720.59186664,547558.055667147
3523,2704923060,27049-23-060,Nisbet Marine Mart II (RN),Active Eligible,3a868bc6-fde5-4c2d-9def-64d49159bdbd,11/3/2023 5:54:08 PM,jdpeacock_ncdenr,11/6/2023 3:57:28 PM,jdpeacock_ncdenr,"1320, 1328 S. Tryon Street",Charlotte,Mecklenburg,Carolyn Minnich,.62,10/25/2023 12:00:00 AM,-80.8547676333217,35.2178542338893,"https://www.google.com/maps/dir/?api=1&destination=35.2178542338893,-80.854767633321657&travelmode=driving",,1446074.71325555,539387.083820149
3524,2705023060,27050-23-060,Trinity Park (RN),Active Eligible,647024d2-da45-41a7-8fc1-a8403a6e51a5,11/3/2023 6:20:14 PM,jdpeacock_ncdenr,4/8/2025 7:20:15 PM,jdpeacock_ncdenr,"6328, 6428, 6500, 6508 Beatties Ford Road",Charlotte,Mecklenburg,Bill Schmithorst,16.4,8/30/2024 12:00:00 AM,-80.8645977720406,35.32215431164,"https://www.google.com/maps/dir/?api=1&destination=35.32215431164,-80.86459777204064&travelmode=driving",,1443852.24689998,577395.127226472
3525,2705123060,27051-23-060,Acme Garage II (RN),Active Eligible,d7d43379-bcdd-4abd-bcf9-b3bf1d417a5b,11/3/2023 7:07:47 PM,jdpeacock_ncdenr,2/6/2024 8:22:33 PM,jdpeacock_ncdenr,"300, 310, 318, 324 N. Tryon St.; 301, 313, 317, 345 N. College St.; 11, 112, 117, 119, 129 E. 7th St.",Charlotte,Mecklenburg,Jordan Thompson,5.07,1/11/2024 12:00:00 AM,-80.8395628748679,35.2288658373818,"https://www.google.com/maps/dir/?api=1&destination=35.22886583738181,-80.8395628748679&travelmode=driving",,1450689.3506798,543309.514295474
3526,2705223019,27052-23-019,Womble-Arrington LCID,Active Eligible,3665bdb7-e905-484a-9f92-9b71d78abdf2,11/3/2023 7:54:04 PM,jdpeacock_ncdenr,9/9/2024 6:13:04 PM,jdpeacock_ncdenr,"11785, 11755 US 15-501 North",Chapel Hill,Chatham,Lourdes Barallobre,59.03,6/13/2024 12:00:00 AM,-79.0890450898045,35.8525062369086,"https://www.google.com/maps/dir/?api=1&destination=35.8525062369086,-79.0890450898045&travelmode=driving",,1973613.1630978,765218.038981482
3527,2705323034,27053-23-034,Nissen Wagon Works,Active Eligible,723f080f-7a1c-4c18-9b1e-5f60c92a2652,12/19/2023 9:00:25 PM,jdpeacock_ncdenr,3/7/2025 9:13:17 PM,jdpeacock_ncdenr,1539 Waughtown Street,Winston-Salem,Forsyth,Caroline Goodwin,9.06,1/15/2025 12:00:00 AM,-80.2049316825342,36.0697990218667,"https://www.google.com/maps/dir/?api=1&destination=36.06979902186667,-80.204931682534237&travelmode=driving",,1643899.81104289,846465.717036977
3528,2705423041,27054-23-041,"Elastic Fabrics of America, Inc.",Active Eligible,1092c848-acb3-4929-a97e-145708a1bd7c,2/7/2024 2:37:00 PM,jdpeacock_ncdenr,9/9/2024 6:13:04 PM,jdpeacock_ncdenr,3112 Pleasant Garden Road,Greensboro,Guilford,Lauren Fleming,14.99,6/13/2024 12:00:00 AM,-79.7730391078525,36.0272087557781,"https://www.google.com/maps/dir/?api=1&destination=36.02720875577808,-79.77303910785247&travelmode=driving",,1771415.69216546,829690.435626984
3529,2705523023,27055-23-023,Cleveland Mills II,Active Eligible,8879a69f-1a4a-41a4-9da1-c8f71ac765d4,2/7/2024 2:57:02 PM,jdpeacock_ncdenr,2/13/2025 4:59:32 PM,jdpeacock_ncdenr,101 W. Main Street,Lawndale,Cleveland,Caroline Goodwin,40.7,6/13/2024 12:00:00 AM,-81.5615890402433,35.4122768854013,"https://www.google.com/maps/dir/?api=1&destination=35.412276885401326,-81.561589040243348&travelmode=driving",,1236848.69830947,614819.176393971
3530,2705623041,27056-23-041,Alma Desk Co (RN),Active Eligible,46393b0f-765d-4a07-ba9a-6e27ae8ba556,2/7/2024 4:36:43 PM,jdpeacock_ncdenr,2/13/2025 4:59:32 PM,jdpeacock_ncdenr,700 A West Green Drive,High Point,Guilford,Stephanie Graham,3.25,1/12/2024 12:00:00 AM,-80.0142768805665,35.9508523934246,"https://www.google.com/maps/dir/?api=1&destination=35.9508523934246,-80.01427688056648&travelmode=driving",,1699800.67463464,802538.72877565
3531,2705723034,27057-23-034,Nutrien Property,Pending,0a284dcc-267a-41a8-8b86-bb95c727851f,2/7/2024 6:19:56 PM,jdpeacock_ncdenr,8/6/2024 8:26:19 PM,jdpeacock_ncdenr,3105 Glen Avenue NE,Winston-Salem,Forsyth,Lauren Fleming,10.68,6/13/2024 12:00:00 AM,-80.2377903158641,36.1301274921716,"https://www.google.com/maps/dir/?api=1&destination=36.1301274921716,-80.237790315864075&travelmode=driving",,1634463.2232888,868545.31165722
3532,2705823032,27058-23-032,Days Inn and Motel 6 (RN),No Further Interest,08417201-b8c2-4dc1-b6cb-d15452698708,2/7/2024 6:50:47 PM,jdpeacock_ncdenr,2/13/2026 9:31:49 PM,jdpeacock_ncdenr,"3438, 3454, 3456, 3460 Hillsborough Road
",Durham,Durham,Shristi Shrestha,12.56,10/9/2025 12:00:00 AM,-78.9477513212771,36.0212389589021,"https://www.google.com/maps/dir/?api=1&destination=36.02123895890209,-78.947751321277067&travelmode=driving",,2015299.10334781,826754.814857811
3533,2800124034,28001-24-034,Stewart Warner II,Recorded,0185d531-00dc-41ce-a51a-99315320d0c4,2/7/2024 7:15:32 PM,jdpeacock_ncdenr,7/16/2025 9:17:16 PM,jdpeacock_ncdenr,2941 Indiana Avenue,Winston-Salem,Forsyth,Caroline Goodwin,10.97,6/10/2025 5:00:00 AM,-80.2374431848029,36.1283451806239,"https://www.google.com/maps/dir/?api=1&destination=36.12834518062387,-80.23744318480294&travelmode=driving",,1634557.64304747,867895.247668639
3534,2800224083,28002-24-083,Laurinburg-Maxton Army Air Force Base (RN),Active Eligible,cb07beca-4fb8-4adf-9c3e-0cec423ae346,3/11/2024 7:40:50 PM,jdpeacock_ncdenr,2/13/2025 4:59:32 PM,jdpeacock_ncdenr,16701 Airport Road,Maxton,Scotland,Claire Sorrell,100,6/13/2024 12:00:00 AM,-79.37458885036,34.7700881040782,"https://www.google.com/maps/dir/?api=1&destination=34.77008810407823,-79.374588850359956&travelmode=driving",,1887508.74377155,371466.474452063
3535,2800324060,28003-24-060,Domestic Laundry II,Recorded,04125a84-ef75-49c3-9ad5-4eb5f7da84c4,3/11/2024 9:02:43 PM,jdpeacock_ncdenr,2/13/2026 3:37:04 PM,jdpeacock_ncdenr,905 Pearl Park Way,Charlotte,Mecklenburg,Peter Doorn,.919,1/26/2026 12:00:00 AM,-80.8416808031232,35.2143335628197,"https://www.google.com/maps/dir/?api=1&destination=35.214333562819718,-80.84168080312318&travelmode=driving",,1449760.13698706,538112.36983414
3536,2800424095,28004-24-095,Toyota of Boone II,Active Eligible,381ae98f-dd7e-47b0-942b-143375a32c04,3/12/2024 7:08:17 PM,jdpeacock_ncdenr,9/9/2024 6:13:04 PM,jdpeacock_ncdenr,675 E. King Street,Boone,Watauga,Caroline Goodwin,1.66,8/30/2024 12:00:00 AM,-81.6642400600199,36.2181350455562,"https://www.google.com/maps/dir/?api=1&destination=36.218135045556245,-81.6642400600199&travelmode=driving",,1214145.58131422,908851.58373481
3537,2800524032,28005-24-032,Durham Coca Cola Bottling Co (RN),Recorded,4a384e80-c044-4ed1-a856-f1c8aa72b67f,3/12/2024 7:22:23 PM,jdpeacock_ncdenr,2/13/2026 9:19:02 PM,jdpeacock_ncdenr,"3200, 3214 Hillsborough Rd.",Durham,Durham,Shristi Shrestha,10.269,2/2/2026 12:00:00 AM,-78.9431414843443,36.0193609108354,"https://www.google.com/maps/dir/?api=1&destination=36.0193609108354,-78.94314148434432&travelmode=driving",,2016815.49139114,825948.401772484
3538,2800624041,28006-24-041,Friendly Center (RN),Ineligible,9cc0add0-26ca-424a-a7fa-f1638f899955,3/12/2024 7:38:24 PM,jdpeacock_ncdenr,7/16/2024 10:25:56 PM,jdpeacock_ncdenr,3200 W. Friendly Avenue ,Greensboro,Guilford,Lauren Fleming,15.3,3/25/2024 12:00:00 AM,-79.8343143971247,36.0843260123787,"https://www.google.com/maps/dir/?api=1&destination=36.084326012378718,-79.83431439712471&travelmode=driving",,1753471.9498378,850628.826492891
3539,2800724029,28007-24-029,Wheeler Bros and Co (RN),Active Eligible,8adefefc-5fef-4e3f-b68f-293a8f41936e,3/12/2024 8:21:05 PM,jdpeacock_ncdenr,9/9/2024 6:13:04 PM,jdpeacock_ncdenr,E. 3rd Ave.; E. 2nd Ave.,Lexington,Davidson,Caroline Goodwin,2.8,8/29/2024 12:00:00 AM,-80.2537838565542,35.8211789266936,"https://www.google.com/maps/dir/?api=1&destination=35.8211789266936,-80.2537838565542&travelmode=driving",,1628319.96884306,756150.250030473
3540,2800824060,28008-24-060,ICI Americas II,No Further Interest,ceffb175-622d-4868-9836-3537bc2c0951,4/10/2024 8:16:30 PM,jdpeacock_ncdenr,7/8/2026 9:00:56 PM,jdpeacock_ncdenr,2130 N. Tryon Street,Charlotte,Mecklenburg,Peter Doorn,3.67,6/29/2026 12:00:00 AM,-80.8207316984534,35.2438796010643,"https://www.google.com/maps/dir/?api=1&destination=35.24387960106432,-80.820731698453415&travelmode=driving",,1456412.10432614,548669.115124807
3541,2801024032,28010-24-032,Borden Brick and Tile (RN),Active Eligible,28b96ea2-5a18-461f-b7e2-523878ee2829,4/10/2024 9:07:35 PM,jdpeacock_ncdenr,2/3/2026 8:10:23 PM,cdobill_ncdenr,"2701, 2801 Angier Ave.; 50, 202 E. End Ave.; 2946,
2952 Ashe St.",Durham,Durham,Lauren Fleming,95.68,10/13/2025 12:00:00 AM,-78.8618301572816,35.9770904598038,"https://www.google.com/maps/dir/?api=1&destination=35.97709045980383,-78.86183015728163&travelmode=driving",,2039194.42596389,810509.842098475
3543,2801124060,28011-24-060,Southern Concrete II,No Further Interest,17a7c59b-48fe-4c85-bbe5-0386d38d131c,7/12/2024 7:36:54 PM,jdpeacock_ncdenr,8/5/2025 7:25:49 PM,jdpeacock_ncdenr,"715 State St.; 1100, 1020, 926 Tuckaseegee Road; 1033, 1027 Berryhill Rd.",Charlotte,Mecklenburg,Bill Schmithorst,8.85,1/24/2025 12:00:00 AM,-80.8714075224317,35.2377847380617,"https://www.google.com/maps/dir/?api=1&destination=35.2377847380617,-80.871407522431667&travelmode=driving",,1441242.53328739,546732.665585637
3544,2801224092,28012-24-092,The Madison,Inactive Eligible,f5a7fbbe-e315-4507-9d18-9627a95b9126,7/12/2024 8:02:31 PM,jdpeacock_ncdenr,4/9/2026 4:08:37 PM,jdpeacock_ncdenr,2035 Cameron St.,Raleigh,Wake,Shristi Shrestha,1.409,3/23/2026 12:00:00 AM,-78.647678748124,35.7877374227212,"https://www.google.com/maps/dir/?api=1&destination=35.787737422721186,-78.647678748124036&travelmode=driving",,2104491.25239097,741815.875812143
3545,2801324060,28013-24-060,South Tryon Assemblage,Active Eligible,58e54212-0263-4d06-8252-b7230b0791af,7/12/2024 8:35:37 PM,jdpeacock_ncdenr,9/9/2024 6:13:04 PM,jdpeacock_ncdenr,2101 - 2131 S. Tryon St.,Charlotte,Mecklenburg,Jordan Thompson,1.914,6/12/2024 12:00:00 AM,-80.8663700674835,35.2103795051334,"https://www.google.com/maps/dir/?api=1&destination=35.21037950513339,-80.8663700674835&travelmode=driving",,1442558.91221631,536732.125547394
3546,2801424007,28014-24-007,Stanadyne Diesel II,Ineligible,4dcc01b0-d8f2-462a-b81f-57e7fae0fb8f,7/12/2024 8:50:41 PM,jdpeacock_ncdenr,11/5/2024 9:37:38 PM,jdpeacock_ncdenr,230 Clarks Neck Rd.,Washington,Beaufort,,30.009,9/24/2024 12:00:00 AM,-77.0820165275893,35.5645525657173,"https://www.google.com/maps/dir/?api=1&destination=35.564552565717335,-77.082016527589317&travelmode=driving",,2570366.17857888,665905.301255643
3547,2801524034,28015-24-034,XL Cleaners,Active Eligible,7ec498a4-ae1c-41e7-9f15-f34297928b67,7/12/2024 8:57:13 PM,jdpeacock_ncdenr,8/6/2024 8:26:19 PM,jdpeacock_ncdenr,"3001, 3009 University Parkway",Winston-Salem,Forsyth,Caroline Goodwin,2.083,6/12/2024 12:00:00 AM,-80.2609395023243,36.1291189460235,"https://www.google.com/maps/dir/?api=1&destination=36.12911894602353,-80.2609395023243&travelmode=driving",,1627622.6306708,868264.226261392
3548,2801624055,28016-24-055,Packaging Unlimited II,Active Eligible,89208a64-73fc-4171-b345-d4b8f026e4d5,7/12/2024 9:06:09 PM,jdpeacock_ncdenr,2/13/2025 5:41:14 PM,jdpeacock_ncdenr,129 Legionaire Drive,Lincolnton,Lincoln,Kris Riddle,43,6/12/2024 12:00:00 AM,-81.2585013857133,35.4871023847965,"https://www.google.com/maps/dir/?api=1&destination=35.4871023847965,-81.2585013857133&travelmode=driving",,1327747.89938472,639853.435380474
3549,2801724036,28017-24-036,Rutherford Crossing,Active Eligible,99f3e099-18ef-40ff-9142-d309520c86e8,7/12/2024 9:12:44 PM,jdpeacock_ncdenr,7/16/2024 10:25:59 PM,jdpeacock_ncdenr,1465 W. Academy St.,Cherryville,Gaston,Bill Schmithorst,16.412,6/12/2024 12:00:00 AM,-81.3973819510766,35.3703655455103,"https://www.google.com/maps/dir/?api=1&destination=35.3703655455103,-81.39738195107664&travelmode=driving",,1285391.31546289,598347.840898395
3550,2801824084,28018-24-084,Morgan Mills,Active Eligible,263796ba-0e5e-4974-97f1-ffcf43191a62,7/15/2024 7:35:20 PM,jdpeacock_ncdenr,4/9/2026 4:08:37 PM,jdpeacock_ncdenr,202 NC 24/27 Hwy,Albemarle,Stanly,Peter Doorn,9.4,6/20/2024 12:00:00 AM,-80.2017100590531,35.3401008591716,"https://www.google.com/maps/dir/?api=1&destination=35.34010085917156,-80.20171005905311&travelmode=driving",,1641636.72600214,580872.660297647
3551,2801924060,28019-24-060,PNG Charlotte (RFR),Active Eligible,89943547-208d-45a8-8cd1-8a86ef9be1f4,7/15/2024 7:57:46 PM,jdpeacock_ncdenr,10/7/2024 10:08:38 PM,jdpeacock_ncdenr,4301 Yancey Rd.,Charlotte,Mecklenburg,Tracy Wahl,15.7,7/15/2024 12:00:00 AM,-80.8820672084772,35.1849231327112,"https://www.google.com/maps/dir/?api=1&destination=35.184923132711155,-80.8820672084772&travelmode=driving",,1437695.45704822,527557.635038137
3552,2802024041,28020-24-041,Friendly Center II,Active Eligible,f18d0e97-d78f-4e04-92e4-27bf7e33e4e7,7/15/2024 8:24:40 PM,jdpeacock_ncdenr,8/5/2025 7:37:13 PM,jdpeacock_ncdenr,3200 W. Friendly Ave.,Greensboro,Guilford,Lourdes Barallobre,7.1,7/31/2024 12:00:00 AM,-79.8337700192912,36.0873587676772,"https://www.google.com/maps/dir/?api=1&destination=36.08735876767718,-79.833770019291165&travelmode=driving",,1753642.07515372,851731.466019899
3553,2802124001,28021-24-001,Fairway One Stop #13 II (RFR),Active Eligible,61ebcb95-52d1-4ca1-8684-ca909bad7ca1,7/15/2024 9:19:20 PM,jdpeacock_ncdenr,9/9/2024 6:13:04 PM,jdpeacock_ncdenr,807 E. Webb Ave.,Burlington,Alamance,Shristi Shrestha,.40,7/8/2024 12:00:00 AM,-79.4285922054925,36.0863756125468,"https://www.google.com/maps/dir/?api=1&destination=36.086375612546767,-79.42859220549246&travelmode=driving",,1873359.61098063,850612.354084894
3554,2802224060,28022-24-060,Perfecting Services Div IV,Active Eligible,aa5c4f0d-bbaf-4ca6-992e-2fd824a7048d,7/15/2024 9:52:28 PM,jdpeacock_ncdenr,12/1/2025 9:46:03 PM,jdpeacock_ncdenr,332 Atando Ave.,Charlotte,Mecklenburg,Carolyn Minnich,4.24,7/29/2024 12:00:00 AM,-80.8125868211164,35.2557395653523,"https://www.google.com/maps/dir/?api=1&destination=35.255739565352265,-80.81258682111641&travelmode=driving",,1458922.33716655,552940.283091649
3555,2802324060,28023-24-060,Diesel Power Injection,Active Eligible,f6618494-e683-4609-a3cb-bbb1c935563d,7/15/2024 10:23:59 PM,jdpeacock_ncdenr,7/6/2026 7:31:04 PM,cdobill_ncdenr,"104, 108, 118, 206, 307 College St; 311, 313 N. Polk St; Parcels 205801215, 20501205
",Pineville,Mecklenburg,Jordan Thompson,6.1,8/29/2024 12:00:00 AM,-80.8885398758613,35.0867569447286,"https://www.google.com/maps/dir/?api=1&destination=35.086756944728585,-80.8885398758613&travelmode=driving",,1435082.21949255,491874.220840812
3556,2802424063,28024-24-063,Iron Horse Property,Pending,07fb196f-624a-4fbf-be07-10fe4a3dadec,7/16/2024 9:09:15 PM,jdpeacock_ncdenr,2/13/2025 5:41:14 PM,jdpeacock_ncdenr,Lockey Dr.; Dollie Ln.,Aberdeen,Moore,Lauren Fleming,72.94,7/15/2024 12:00:00 AM,-79.3981859974722,35.1163562194885,"https://www.google.com/maps/dir/?api=1&destination=35.11635621948852,-79.3981859974722&travelmode=driving",,1880927.8445318,497511.600642145
3557,2802524082,28025-24-082,Barclounger Furniture Mfg Plant,No Further Interest,e2a22647-81a7-4c5f-9e59-5335f65d5ed6,7/16/2024 9:27:33 PM,jdpeacock_ncdenr,9/8/2026 7:54:54 PM,jdpeacock_ncdenr,7401 Turkey Hwy.,Turkey,Sampson,Lauren Fleming,146.41,8/19/2026 12:00:00 AM,-78.1955216788282,34.9924023691051,"https://www.google.com/maps/dir/?api=1&destination=34.99240236910513,-78.19552167882824&travelmode=driving",,2240934.41618389,453137.706778556
3558,2802624060,28026-24-060,Copes-Vulcan Facility,Active Eligible,12cae977-34bd-4a32-b1ad-f4b28992037b,7/16/2024 9:56:59 PM,jdpeacock_ncdenr,12/1/2025 9:46:03 PM,jdpeacock_ncdenr,"601, 621, 631 West Summit Ave.",Charlotte,Mecklenburg,Peter Doorn,19,11/18/2024 12:00:00 AM,-80.8642144010521,35.2214919355933,"https://www.google.com/maps/dir/?api=1&destination=35.22149193559327,-80.8642144010521&travelmode=driving",,1443278.62895273,540763.618468642
3559,2802724049,28027-24-049,Tire Masters Automotive,Active Eligible,b901194b-bcab-4eb9-9609-e5c231cbb8a4,7/16/2024 10:10:31 PM,jdpeacock_ncdenr,11/6/2025 7:43:40 PM,jdpeacock_ncdenr,190 W. Plaza Dr.,Mooresville,Iredell,Peter Doorn,.95,8/7/2024 12:00:00 AM,-80.8435841494056,35.5908185218975,"https://www.google.com/maps/dir/?api=1&destination=35.5908185218975,-80.843584149405615&travelmode=driving",,1451935.06800464,675044.559551895
3560,2802824041,28028-24-041,SHowroom Property,Active Eligible,0a46349d-d7e0-4274-8be6-c347c7d640ab,9/11/2024 2:24:08 PM,jdpeacock_ncdenr,12/1/2025 9:46:03 PM,jdpeacock_ncdenr,"310 Elm St.; 220, 228 W. Russell Ave.",High Point,Guilford,Lourdes Barallobre,1.86,10/3/2024 12:00:00 AM,-80.0068045139344,35.9523400736299,"https://www.google.com/maps/dir/?api=1&destination=35.9523400736299,-80.00680451393437&travelmode=driving",,1702017.72105356,803057.726097226
3561,2802924076,28029-24-076,Acme McCrary Mill,Active Eligible,3c6c7966-ee73-4c9e-9ad3-ea7d11ca77b4,9/11/2024 2:38:45 PM,jdpeacock_ncdenr,2/11/2026 7:45:40 PM,jdpeacock_ncdenr,113 North Street,Asheboro,Randolph,Bill Schmithorst,2.54,5/14/2025 12:00:00 AM,-79.81542644303,35.7070591931706,"https://www.google.com/maps/dir/?api=1&destination=35.70705919317057,-79.815426443029978&travelmode=driving",,1757924.92846464,713258.640931979
3562,2803124060,28031-24-060,G and M Hauling and Grading,Recorded,c7259d7f-a168-40a7-8eb1-2cf7491cbb35,9/11/2024 3:17:19 PM,jdpeacock_ncdenr,1/14/2026 10:31:27 PM,jdpeacock_ncdenr,11855 Mt. Holly-Huntersville Rd.,Huntersville,Mecklenburg,Peter Doorn,8.68,1/9/2026 12:00:00 AM,-80.8545342475284,35.3846450298103,"https://www.google.com/maps/dir/?api=1&destination=35.384645029810287,-80.8545342475284&travelmode=driving",,1447278.3832552,600078.612084643
3563,2803024080,28030-24-080,Klumac Road III,No Further Interest,c7500b7b-945e-4b51-9e65-614b544b2d8d,9/11/2024 5:48:21 PM,jdpeacock_ncdenr,8/5/2025 7:25:49 PM,jdpeacock_ncdenr,"1207, 1251 Klumac Rd.",Salisbury,Rowan,Stephanie Graham,15.12,7/30/2025 12:00:00 AM,-80.4863564576088,35.6398309507862,"https://www.google.com/maps/dir/?api=1&destination=35.6398309507862,-80.486356457608778&travelmode=driving",,1558390.89938389,691100.705589145
3564,2803224033,28032-24-033,Edgecombe Genco Plant,Active Eligible,2779c311-bdb8-4665-9359-fd358d8d582c,9/11/2024 6:13:18 PM,jdpeacock_ncdenr,8/5/2025 7:37:13 PM,jdpeacock_ncdenr,6358 Old Battleboro Rd.,Battleboro,Edgecombe,Shristi Shrestha,84.67,9/26/2024 12:00:00 AM,-77.751713075046,36.0376523581238,"https://www.google.com/maps/dir/?api=1&destination=36.03765235812378,-77.75171307504601&travelmode=driving",,2369061.34103189,834922.587892309
3565,2803324001,28033-24-001,Virginia Mills II,Active Eligible,55f2e9e8-c4a5-4ea2-8c24-d35145fe373c,9/11/2024 6:57:34 PM,jdpeacock_ncdenr,7/16/2025 9:25:10 PM,jdpeacock_ncdenr,2703 Darrell Newton Dr.,Graham,Alamance,Caroline Goodwin,21.31,9/26/2024 12:00:00 AM,-79.3642431532774,36.0232338927144,"https://www.google.com/maps/dir/?api=1&destination=36.0232338927144,-79.36424315327744&travelmode=driving",,1892289.15350205,827551.0616249
3566,2803424092,28034-24-092,South Street Condos Combined,Active Eligible,57670ef4-d376-4d93-b0c6-28e1360f4d27,9/11/2024 7:15:40 PM,jdpeacock_ncdenr,7/16/2025 9:25:10 PM,jdpeacock_ncdenr,"601 W. South St.; 716, 718 S. Saunders St.",Raleigh,Wake,Lourdes Barallobre,1.18,8/28/2024 12:00:00 AM,-78.648483626437,35.7719876226527,"https://www.google.com/maps/dir/?api=1&destination=35.771987622652716,-78.648483626437&travelmode=driving",,2104272.84469131,736082.239313558
3567,2803524080,28035-24-080,Hitachi Metals,Active Eligible,6960eeec-347a-4527-b239-aa859a7a4546,9/11/2024 7:58:52 PM,jdpeacock_ncdenr,7/16/2025 9:25:11 PM,jdpeacock_ncdenr,1 Hitachi Metals Dr.,China Grove,Rowan,Caroline Goodwin,84.29,11/18/2024 12:00:00 AM,-80.552058986921,35.5744004642543,"https://www.google.com/maps/dir/?api=1&destination=35.574400464254275,-80.552058986921&travelmode=driving",,1538499.31613563,667587.316920474
3568,2803624060,28036-24-060,Barton Contracting,Active Eligible,26c90595-9964-40b0-bfec-742bae743806,9/11/2024 8:14:46 PM,jdpeacock_ncdenr,7/16/2025 9:25:11 PM,jdpeacock_ncdenr,6000 Old Pineville Rd.,Charlotte,Mecklenburg,Carolyn Minnich,4.58,9/25/2024 12:00:00 AM,-80.8802901455326,35.1587396334163,"https://www.google.com/maps/dir/?api=1&destination=35.1587396334163,-80.8802901455326&travelmode=driving",,1438045.84217422,518020.014021561
3569,2803724078,28037-24-078,Cogentrix Lumberton II,Active Eligible,50161032-fdf4-487d-ae9d-ebe5243d9f63,10/8/2024 6:22:56 PM,jdpeacock_ncdenr,7/16/2025 9:17:16 PM,jdpeacock_ncdenr,1866 Hestertown Road,Lumberton,Robeson,Claire Sorrell,13.03,6/9/2025 12:00:00 AM,-78.9965702792609,34.5901484537822,"https://www.google.com/maps/dir/?api=1&destination=34.590148453782177,-78.9965702792609&travelmode=driving",,2001033.04001647,305768.804994643
3570,2803824060,28038-24-060,Domestic Laundry III,Active Eligible,59decefd-15e3-476e-aa48-2490a2fc41c6,10/8/2024 6:43:11 PM,jdpeacock_ncdenr,2/13/2025 4:49:03 PM,jdpeacock_ncdenr,"210, 235 Innovate Ln.; Baxter St.",Charlotte,Mecklenburg,Peter Doorn,3.8,12/19/2024 12:00:00 AM,-80.8409889000132,35.2141997036534,"https://www.google.com/maps/dir/?api=1&destination=35.214199703653435,-80.8409889000132&travelmode=driving",,1450164.5918868,537980.667997807
3571,2803924060,28039-24-060,Domestic Laundry IV,Active Eligible,a0fbeafa-c300-4548-ad3b-26fbbcfb97b3,10/8/2024 6:56:02 PM,jdpeacock_ncdenr,7/17/2025 9:23:53 PM,jdpeacock_ncdenr,801 Baxter St.,Charlotte,Mecklenburg,Peter Doorn,4.54,12/19/2024 12:00:00 AM,-80.8434159469996,35.2159438097153,"https://www.google.com/maps/dir/?api=1&destination=35.21594380971527,-80.843415946999556&travelmode=driving",,1449451.5913443,538628.767423391
3572,2804024079,28040-24-079,Fieldcrest Balnket II Parcel B,Active Eligible,141e8061-267b-428f-9211-7eac2d5697ee,10/8/2024 8:23:39 PM,jdpeacock_ncdenr,10/9/2024 6:22:49 PM,jdpeacock_ncdenr,206 Warehouse St.,Eden,Rockingham,Caroline Goodwin,10.42,9/5/2024 12:00:00 AM,-79.7573223112348,36.5081698125164,"https://www.google.com/maps/dir/?api=1&destination=36.508169812516378,-79.7573223112348&travelmode=driving",,1777398.82914931,1004751.15112165
3573,2804124060,28041-24-060,Academy Steel Drum,Active Eligible,b6b5c264-66bd-4371-b2c1-507928594068,10/8/2024 8:54:27 PM,jdpeacock_ncdenr,8/5/2025 7:37:13 PM,jdpeacock_ncdenr,"3212, 3240, 3250 Campus Ridge Rd.",Matthews,Mecklenburg,Peter Doorn,19.74,11/25/2024 12:00:00 AM,-80.6961705361322,35.1006588906663,"https://www.google.com/maps/dir/?api=1&destination=35.10065889066626,-80.69617053613217&travelmode=driving",,1492706.15083238,495893.958208144
3574,2804224011,28042-24-011,R.C. Bottling Co. ,Active Eligible,09824a70-b3ea-4d52-a5e8-53610544f553,10/9/2024 2:53:32 PM,jdpeacock_ncdenr,6/3/2025 9:25:07 PM,jdpeacock_ncdenr,191 Biltmore Ave.,Asheville,Buncombe,Kris Riddle,2.36,11/18/2024 12:00:00 AM,-82.5523639798457,35.5876075657492,"https://www.google.com/maps/dir/?api=1&destination=35.5876075657492,-82.55236397984568&travelmode=driving",,944067.191353977,687681.7586869
3575,2804324060,28043-24-060,Crestdale Road,Active Eligible,19df1039-a7e7-4425-99a0-08b78ad1f8d6,10/9/2024 5:52:02 PM,jdpeacock_ncdenr,2/13/2025 4:59:32 PM,jdpeacock_ncdenr,"407, 415 Crestdale Rd.",Matthews,Mecklenburg,Bill Schmithorst,4.8,9/25/2024 12:00:00 AM,-80.711990442683,35.1143643429249,"https://www.google.com/maps/dir/?api=1&destination=35.114364342924858,-80.711990442682975&travelmode=driving",,1488061.17980738,500962.381470233
3576,2804424092,28044-24-092,Garner Road II,Active Eligible,f28f9079-1b04-4bac-b086-00e91727bd35,10/9/2024 5:59:52 PM,jdpeacock_ncdenr,12/1/2025 9:46:03 PM,jdpeacock_ncdenr,1420 Garner Rd.,Raleigh,Wake,Shristi Shrestha,4.7,7/8/2025 12:00:00 AM,-78.6324513758183,35.7618142868979,"https://www.google.com/maps/dir/?api=1&destination=35.761814286897888,-78.63245137581833&travelmode=driving",,2109042.25936505,732396.475359648
3577,2804524034,28045-24-034,Leonard Oil Co II,Active Eligible,055f2b50-3340-4f25-8b27-5de65ed606b7,11/7/2024 4:23:25 PM,jdpeacock_ncdenr,3/7/2025 11:07:43 PM,jdpeacock_ncdenr,2037 Vargrave St.; 415 Junia Ave.,Winston-Salem,Forsyth,Caroline Goodwin,1.10,2/11/2025 12:00:00 AM,-80.2304657951769,36.0709954761554,"https://www.google.com/maps/dir/?api=1&destination=36.07099547615538,-80.23046579517688&travelmode=driving",,1636359.33596639,846993.798657984
3578,2804624044,28046-24-044,Pactiv Evergreen Mill,Active Eligible,35903ea7-1370-443c-a5ff-27b360d69ffb,11/7/2024 4:36:24 PM,jdpeacock_ncdenr,6/16/2026 4:22:59 PM,jdpeacock_ncdenr,175 Main St.; 168 Beaver Rd.,Canton,Haywood,Kris Riddle,328.9,2/4/2025 12:00:00 AM,-82.8426396978706,35.5362171516023,"https://www.google.com/maps/dir/?api=1&destination=35.5362171516023,-82.842639697870567&travelmode=driving",,857100.888580889,672204.93432565
3579,2804724092,28047-24-092,Koppers Co - Morrisville,Active Eligible,10bdb2c8-72fc-45a3-911c-31276583b134,11/7/2024 6:59:56 PM,jdpeacock_ncdenr,12/2/2025 3:29:24 PM,jdpeacock_ncdenr,"5724, 5728 McCrimmon Pkwy; 0, 902, 904 Church St.",Morrisville,Wake,Lauren Fleming,37.369,3/25/2025 12:00:00 AM,-78.8395456553531,35.8474196673993,"https://www.google.com/maps/dir/?api=1&destination=35.84741966739928,-78.8395456553531&travelmode=driving",,2047552.87184538,763393.110544726
3580,2804824060,28048-24-060,"Chematron, Inc",Active Eligible,1f33f03d-c000-4ad3-a93a-37e981cdcecc,11/7/2024 8:12:14 PM,jdpeacock_ncdenr,3/7/2025 11:07:45 PM,jdpeacock_ncdenr,5216 Hovis Road,Charlotte,Mecklenburg,Tracy Wahl,7.04,12/20/2024 12:00:00 AM,-80.8969121354482,35.2709719479594,"https://www.google.com/maps/dir/?api=1&destination=35.2709719479594,-80.896912135448218&travelmode=driving",,1433859.16288355,558953.360960484
3581,2804924090,28049-24-090,Seaboard Air Line Railyard,Active Eligible,fa41551a-639d-4145-80a3-79802200188a,11/7/2024 8:40:31 PM,jdpeacock_ncdenr,2/11/2026 7:45:40 PM,jdpeacock_ncdenr,"408, 602, 604, 606, 700, 706, 806, 808, 902, 914, 1000, 1002, 1100, 1102 Winchester Ave.; 401, 402, 405, 406 Seaboard Ave.; 315 Redfern St.; 307, 308 English St.; 306, 310 John St.; ",Monore,Union,Carolyn Minnich,12.761,2/6/2025 12:00:00 AM,-80.5405712461952,34.9840882026226,"https://www.google.com/maps/dir/?api=1&destination=34.98408820262256,-80.54057124619521&travelmode=driving",,1538580.87043446,452716.101978734
3583,2806224060,28062-24-060,Welch's Sunoco,Active Eligible,046030af-32ff-4c38-b17b-baf64ab3115e,12/23/2024 2:52:10 PM,cdobill_ncdenr,6/3/2025 9:12:38 PM,jdpeacock_ncdenr,507 Providence Road,Charlotte,Mecklenburg,Tracy Wahl,0.24,2/14/2025 12:00:00 AM,-80.8244439792778,35.2033627717091,"https://www.google.com/maps/dir/?api=1&destination=35.203362771709138,-80.82444397927776&travelmode=driving",,1455032.91537017,533946.073514415
3584,2806124055,28061-24-055,Textile Piece Dyeing II,Active Eligible,7e2c00bc-2266-4c32-8ee5-9ca452eac7b1,12/23/2024 2:53:57 PM,cdobill_ncdenr,4/8/2025 4:46:51 PM,jdpeacock_ncdenr,319 N. Generals Blvd.,Lincolnton,Lincoln,Caroline Goodwin,22.07,2/18/2025 12:00:00 AM,-81.2450168374025,35.4838216462938,"https://www.google.com/maps/dir/?api=1&destination=35.48382164629381,-81.24501683740253&travelmode=driving",,1331733.94643735,638568.627917842
3585,2806024065,28060-24-065,Paziuk Warehouse,Active Eligible,8995e343-d9a7-49f7-9efa-69d91974e2cd,12/23/2024 2:57:59 PM,cdobill_ncdenr,8/7/2025 5:38:41 PM,jdpeacock_ncdenr,710 Sunnyvale Dr.,Wilmington,New Hanover,Shristi Shrestha,9.46,7/17/2025 12:00:00 AM,-77.9393971493084,34.1742713656044,"https://www.google.com/maps/dir/?api=1&destination=34.1742713656044,-77.93939714930843&travelmode=driving",,2320819.76150823,156129.76694559
3586,2805824092,28058-24-092,J&J Automotive,Active Eligible,24b3644d-fd27-439b-8525-6228184f77be,12/23/2024 3:03:29 PM,cdobill_ncdenr,7/16/2025 9:17:16 PM,jdpeacock_ncdenr,"2808, 2810 and 2812 Hillsborough Street; 6, 8, and 10 Bagwell Avenue",Raleigh,Wake,Lourdes Barallobre,1.05,1/21/2025 12:00:00 AM,-78.6745989979042,35.7896845273339,"https://www.google.com/maps/dir/?api=1&destination=35.78968452733385,-78.67459899790417&travelmode=driving",,2096505.02730857,742497.354402459
3587,2805724092,28057-24-092,Cargill Raleigh,No Further Interest,4ad4d1a0-f0f2-413c-aa71-ace06e4d2cce,12/23/2024 3:05:23 PM,cdobill_ncdenr,9/8/2026 7:54:54 PM,jdpeacock_ncdenr,1400 S Blount St.,Raleigh,Wake,Lauren Fleming,17.4,8/17/2026 12:00:00 AM,-78.6385787144327,35.7611814990409,"https://www.google.com/maps/dir/?api=1&destination=35.761181499040887,-78.6385787144327&travelmode=driving",,2107225.2950914,732159.473095267
3588,2805524041,28055-24-041,Gaither Transou,No Further Interest,d46fc638-ec28-4c11-91e0-37bf6ac8f847,12/23/2024 3:07:44 PM,cdobill_ncdenr,1/14/2026 10:31:27 PM,jdpeacock_ncdenr,1202 Guilford College Road,Jamestown,Guilford,Sharon Eckard,5.28,1/7/2025 12:00:00 AM,-79.9205712974182,36.0446616447316,"https://www.google.com/maps/dir/?api=1&destination=36.0446616447316,-79.92057129741825&travelmode=driving",,1727850.97620894,836415.631343043
3589,2806324041,28063-24-041,Fortress Wood Products II,Active Eligible,ceb1aad1-dbc0-4288-b544-fff1b58ed61f,12/23/2024 7:13:09 PM,cdobill_ncdenr,8/5/2025 7:37:13 PM,jdpeacock_ncdenr,Fortress Wood Products II,Greensboro,Guilford,Lauren Fleming,18.71,4/2/2025 12:00:00 AM,-79.9007759070321,36.0134625297385,"https://www.google.com/maps/dir/?api=1&destination=36.013462529738476,-79.90077590703211&travelmode=driving",,1733599.89898521,825005.100378777
3590,2805624060,28056-24-060,Talbert TL Iron and Steel,Active Eligible,f5a537d8-5ab0-4eb9-b01a-63037008f3ed,12/23/2024 8:34:28 PM,cdobill_ncdenr,2/11/2026 7:45:40 PM,jdpeacock_ncdenr,400 S. Tryon St.,Charlotte,Mecklenburg,Carolyn Minnich,2.17,12/18/2024 12:00:00 AM,-80.847324046537,35.2251851572256,"https://www.google.com/maps/dir/?api=1&destination=35.2251851572256,-80.847324046537&travelmode=driving",,1448347.12933726,542013.218824449
3591,2805424065,28054-24-065,CSX Bulk Storage,Active Eligible,a4eca248-adac-4b49-a0e4-1f58c56a3a3f,12/23/2024 8:39:00 PM,cdobill_ncdenr,7/16/2025 9:17:16 PM,jdpeacock_ncdenr,1001 and 1021 North Front Street,Wilmington,New Hanover,Shristi Shrestha,3.28,3/4/2025 12:00:00 AM,-77.949600460745,34.2473480207828,"https://www.google.com/maps/dir/?api=1&destination=34.24734802078278,-77.949600460745017&travelmode=driving",,2317452.09453348,182691.23453977
3592,2805324041,28053-24-041,Billy's Auto and Truck Repair,Active Eligible,98737f6f-9512-42d8-b7da-9d77cd89b15e,12/23/2024 8:41:38 PM,cdobill_ncdenr,8/5/2025 7:37:13 PM,jdpeacock_ncdenr,422 Tomlinson Street,High Point,Guilford,Stephanie Graham,2.15,12/20/2024 12:00:00 AM,-80.0080586799038,35.9503289309373,"https://www.google.com/maps/dir/?api=1&destination=35.95032893093734,-80.00805867990378&travelmode=driving",,1701639.10523344,802329.443314212
3593,2805124092,28051-24-092,Kidde Fenwal,Active Eligible,8d493fdc-0d94-4b47-ac95-660c843c036c,12/23/2024 8:52:58 PM,cdobill_ncdenr,3/7/2025 11:07:49 PM,jdpeacock_ncdenr,5036 One World Way,Wake Forest,Wake,Lauren Fleming,32.53,2/3/2025 12:00:00 AM,-78.5359787366381,35.9234566307662,"https://www.google.com/maps/dir/?api=1&destination=35.92345663076618,-78.535978736638086&travelmode=driving",,2137387.79416948,791353.748314328
3594,2805024060,28050-24-060,J.H. Wearn Lumber,Active Eligible,dc04062f-af2b-4380-868e-bc3d53f363ae,12/23/2024 8:55:42 PM,cdobill_ncdenr,4/8/2025 4:46:51 PM,jdpeacock_ncdenr,1420 S. Mint Street and 506 W. Summit Avenue,Charlotte,Mecklenburg,Tracy Wahl,1.92,3/12/2025 12:00:00 AM,-80.8604606421377,35.2204305738138,"https://www.google.com/maps/dir/?api=1&destination=35.2204305738138,-80.8604606421377&travelmode=driving",,1444392.26742932,540356.379050369
3596,2806424060,28064-24-060,Speizman Property,Active Eligible,93205cc3-528c-480c-a97b-82ba6d372e88,12/31/2024 3:22:20 PM,cdobill_ncdenr,3/7/2025 11:07:50 PM,jdpeacock_ncdenr,4801 and 4815 Silabert Ave.,Charlotte,Mecklenburg,Tracy Wahl,2.6,2/12/2025 12:00:00 AM,-80.782593466521,35.1903328911285,"https://www.google.com/maps/dir/?api=1&destination=35.190332891128456,-80.78259346652102&travelmode=driving",,1467447.30259411,528977.589040566
3597,2900125079,29001-25-079,Fieldcrest Blanket Mill - Parcel A,Active Eligible,cb9900c2-f4dc-456c-b33d-0b13a9448834,2/12/2025 3:51:26 PM,cdobill_ncdenr,5/6/2025 8:32:11 PM,jdpeacock_ncdenr,104 Morgan Road,Eden,Rockingham,Tracy Wahl,5.18,4/16/2025 12:00:00 AM,-79.7591381811499,36.5062617244279,"https://www.google.com/maps/dir/?api=1&destination=36.50626172442792,-79.759138181149865&travelmode=driving",,1776859.78260451,1004060.49434232
3598,2900225019,29002-25-019,McLaurin,Active Eligible,46c9ebad-b442-403a-9266-1a867f27f9b4,2/19/2025 4:20:58 PM,cdobill_ncdenr,11/6/2025 7:43:40 PM,jdpeacock_ncdenr,"1401, 1346, 1347 E. Raleigh Street",Siler City,Chatham,Claire Sorrell,1.89,10/8/2025 12:00:00 AM,-79.4452764177723,35.7317095552992,"https://www.google.com/maps/dir/?api=1&destination=35.7317095552992,-79.44527641777226&travelmode=driving",,1867850.67416389,721533.183437973
3599,2900325041,29003-25-041,Hardees-Westover Terrace,Active Eligible,919422a9-b0d5-4e7d-8e5d-a060c73714cb,2/26/2025 6:41:39 PM,cdobill_ncdenr,8/5/2025 7:37:13 PM,jdpeacock_ncdenr,1501 Westover Terrace,Greensboro,Guilford,Lauren Fleming,.99,3/25/2025 12:00:00 AM,-79.8158778050414,36.0924336632237,"https://www.google.com/maps/dir/?api=1&destination=36.0924336632237,-79.815877805041438&travelmode=driving",,1758943.85206344,853534.921223115
3600,2900425036,29004-25-036,Travis Knits II,Active Eligible,0f2f4876-c562-4d35-8341-9a8b2365ec49,2/26/2025 6:47:11 PM,cdobill_ncdenr,4/8/2025 4:46:51 PM,jdpeacock_ncdenr,1515 West Academy Street,Cherryville,Gaston,Bill Schmithorst,16.77,3/12/2025 12:00:00 AM,-81.4015810874628,35.3693286817983,"https://www.google.com/maps/dir/?api=1&destination=35.3693286817983,-81.40158108746277&travelmode=driving",,1284130.75592458,598000.834994101
3601,2900625092,29006-25-092,1220 N Main (Apex Industrial),Active Eligible,d2eb8068-d236-4efd-8b45-c93c54da1729,3/26/2025 11:58:10 AM,cdobill_ncdenr,8/5/2025 7:37:13 PM,jdpeacock_ncdenr,1220 N Main St.,Holly Springs,Wake,Claire Sorrell,9.86,4/21/2025 12:00:00 AM,-78.8338803227005,35.6685667993266,"https://www.google.com/maps/dir/?api=1&destination=35.668566799326555,-78.8338803227005&travelmode=driving",,2049340.78114529,698295.101200588
3602,2900725011,29007-25-011,Haywood Coal & Taxi II,Recorded,4ea48896-98f3-4d20-81e7-feff451939ed,3/26/2025 2:00:25 PM,cdobill_ncdenr,1/6/2026 5:31:05 PM,jdpeacock_ncdenr,194 Haywood,Asheville,Brunswick,Caroline Goodwin,047,11/24/2025 12:00:00 AM,-82.5735725782274,35.5803875021456,"https://www.google.com/maps/dir/?api=1&destination=35.580387502145626,-82.57357257822741&travelmode=driving","https://edocs.deq.nc.gov/WasteManagement/ElectronicFile.aspx?docid=2158681&dbid=0&repo=WasteManagement
",937679.652947977,685285.926536307
3603,2900925051,29009-25-051,Component Drive and Peedin Road,Active Eligible,d9ae4e35-1ff3-4bbb-87fa-eac1c48d1413,3/28/2025 3:07:20 PM,cdobill_ncdenr,8/5/2025 7:37:13 PM,jdpeacock_ncdenr,101 Components Drive,Smithfield,Johnston,Shristi Shrestha,13.17,4/7/2025 12:00:00 AM,-78.3108255695285,35.514556311393,"https://www.google.com/maps/dir/?api=1&destination=35.514556311393015,-78.310825569528518&travelmode=driving",,2205083.29865318,642910.005599582
3604,2900825060,29008-25-060,Charlote Aircraft III,Active Eligible,7eea6c83-3da8-443d-9381-a4bb40cb6f5c,3/28/2025 3:10:06 PM,cdobill_ncdenr,10/14/2025 9:37:03 PM,jdpeacock_ncdenr,7003 Copperway Drive,Charlotte,Mecklenburg,Carolyn Minnich,5.8,4/16/2025 12:00:00 AM,-80.7244732594552,35.2118174891594,"https://www.google.com/maps/dir/?api=1&destination=35.21181748915942,-80.72447325945515&travelmode=driving",,1484944.88351283,536488.870331641
3605,2901025036,29010-25-036,Woods Ball Ground,Active Eligible,e7a1cded-572c-47a2-9b12-cb2cca537f41,4/3/2025 1:25:42 PM,cdobill_ncdenr,6/3/2025 9:12:38 PM,jdpeacock_ncdenr,Court Drive,Gastonia,Gaston,Tracy Wahl,12.32,5/14/2025 12:00:00 AM,-81.1257278894721,35.2734995972593,"https://www.google.com/maps/dir/?api=1&destination=35.27349959725927,-81.12572788947207&travelmode=driving",,1365597.68393583,561256.721688847
3606,2901225074,29012-25-074,Mr. Tire Auto Service,Active Eligible,15189a67-272c-4ae7-b505-08f19f4fae3c,4/4/2025 2:02:40 PM,cdobill_ncdenr,12/1/2025 9:46:03 PM,jdpeacock_ncdenr,1615 Brimley Drive and 359 Manchester Street,Greenville,Pitt,Shristi Shrestha,1.76,5/8/2025 12:00:00 AM,-77.3920389912373,35.5752182554265,"https://www.google.com/maps/dir/?api=1&destination=35.57521825542654,-77.392038991237328&travelmode=driving",,2478118.39779948,668149.480981533
3607,2901125041,29011-25-041,Talley Laundry Machine II,Ineligible,6981f342-538e-4ada-80c6-b1740e5885ac,4/8/2025 6:15:58 PM,cdobill_ncdenr,7/16/2025 9:17:16 PM,jdpeacock_ncdenr,1702 and 1708 Fairfax Road,Greensboro,Guilford,Tracy Wahl,14.6,5/7/2025 12:00:00 AM,-79.8746624998082,36.0460653158464,"https://www.google.com/maps/dir/?api=1&destination=36.0460653158464,-79.87466249980822&travelmode=driving",,1741427.20275476,836803.867748418
3611,2901325001,29013-25-001,Aurora Cotton Mill,Active Eligible,4f3302c6-c80f-47e1-bf59-b23053239dd8,4/25/2025 5:48:52 PM,cdobill_ncdenr,12/1/2025 9:46:03 PM,jdpeacock_ncdenr,741 East Webb Avenue,Burlington,Alamance,Lourdes Barallobre,2.69,5/16/2025 12:00:00 AM,-79.4295744429512,36.0867476509279,"https://www.google.com/maps/dir/?api=1&destination=36.08674765092791,-79.4295744429512&travelmode=driving",,1873069.96559852,850749.042341598
3612,2901425060,29014-25-060,Atherton Business Park,Active Eligible,a9e06147-7798-4a16-b8c2-3d0d11cef114,4/28/2025 12:32:32 PM,cdobill_ncdenr,7/8/2026 8:24:00 PM,jdpeacock_ncdenr,"200, 206, 212, 218, 222, and 226 E. Tremont Avenue",Charlotte,Mecklenburg,Stephanie Graham,1.03,6/13/2025 12:00:00 AM,-80.8594581980984,35.2092220772367,"https://www.google.com/maps/dir/?api=1&destination=35.20922207723666,-80.85945819809838&travelmode=driving",,1444615.19708443,536272.219746417
3613,2901525011,29015-25-011,Asheville Truck Service,Active Eligible,d2c4736d-f37c-4f17-86bf-2a4eef76e7b7,4/28/2025 7:33:21 PM,cdobill_ncdenr,6/3/2025 9:27:32 PM,jdpeacock_ncdenr,45 Southside Avenue,Asheville,Buncombe,Tracy Wahl,.74,5/14/2025 12:00:00 AM,-82.5530967559902,35.5878571451085,"https://www.google.com/maps/dir/?api=1&destination=35.5878571451085,-82.55309675599018&travelmode=driving",,943852.718686941,687780.33595649
3614,2901625041,29016-25-041,Southern Paint and Waterproofing,Active Eligible,f1068b82-3346-4f91-8ab0-7fccdb8f4985,5/13/2025 7:19:48 PM,cdobill_ncdenr,8/5/2025 7:37:13 PM,jdpeacock_ncdenr,3300 and 3302 Liberty Rd,Greensboro,Guilford,Lourdes Barallobre,26.16,7/17/2025 12:00:00 AM,-79.7630670752503,36.0240174759197,"https://www.google.com/maps/dir/?api=1&destination=36.0240174759197,-79.7630670752503&travelmode=driving",,1774355.40127519,828505.94619966
3615,2901725060,29017-25-060,Admiration Hosiery II,Active Eligible,406602a4-cae0-4393-a590-9a47adaf7c3a,5/14/2025 1:03:03 PM,cdobill_ncdenr,4/9/2026 4:08:37 PM,jdpeacock_ncdenr,4210 Yancey Road; 4225 and 4221 S. Tryon Street.,Charlotte,Mecklenburg,Stephanie Graham,5.56,6/13/2025 12:00:00 AM,-80.8828391837567,35.1875833972083,"https://www.google.com/maps/dir/?api=1&destination=35.187583397208257,-80.882839183756715&travelmode=driving",,1437483.20398348,528530.017947304
3616,2901825060,29018-25-060,Trailside NoDa Phase II,Active Eligible,a058790d-aebd-499c-a591-7a82a0838b5f,5/15/2025 3:30:46 PM,cdobill_ncdenr,2/12/2026 9:32:25 PM,jdpeacock_ncdenr,Stitch Bend Way and E. Craighead Road and at 3600 Philemon Avenue,Charlotte,Mecklenburg,,7.28,8/18/2025 12:00:00 AM,-80.8023307971397,35.2512934151537,"https://www.google.com/maps/dir/?api=1&destination=35.25129341515371,-80.802330797139675&travelmode=driving",,1461954.16607663,551266.64667514
3617,2901925054,29019-25-054,MGP Kinston,Active Eligible,dfb79e8a-bf4d-40ee-aa44-86c7195f8dde,5/15/2025 7:19:56 PM,cdobill_ncdenr,8/5/2025 7:37:13 PM,jdpeacock_ncdenr,401 South Herritage St,Kinston,Lenoir,Claire Sorrell,68.98,6/5/2025 12:00:00 AM,-77.5856653405419,35.2550307114004,"https://www.google.com/maps/dir/?api=1&destination=35.25503071140037,-77.5856653405419&travelmode=driving",,2422209.17517059,550750.056717135
3618,2902025045,29020-25-045,Cranston Print Works,Active Eligible,f8d634e0-0581-4e7d-8b0f-63f8a7e6c198,5/16/2025 5:17:19 PM,cdobill_ncdenr,6/16/2026 4:22:59 PM,jdpeacock_ncdenr,4600 Hendersonville Road,Fletcher,Henderson,Kris Riddle,30.11,6/13/2025 12:00:00 AM,-82.5026427382322,35.4171211321602,"https://www.google.com/maps/dir/?api=1&destination=35.417121132160155,-82.5026427382322&travelmode=driving",,956651.607302217,625144.108088365
3619,2902125092,29021-25-092,The Depot,Active Eligible,f6a9e45a-a714-4077-be81-52e24d0bee54,5/27/2025 1:19:03 PM,cdobill_ncdenr,8/5/2025 7:37:13 PM,jdpeacock_ncdenr,327 West Davie Street,Raleigh,Wake,Lauren Fleming,2.37,7/17/2025 12:00:00 AM,-78.6449193440646,35.7752609195128,"https://www.google.com/maps/dir/?api=1&destination=35.775260919512768,-78.6449193440646&travelmode=driving",,2105325.86930087,737277.451248311
3620,2902225060,29022-25-060,Domestic Laundry V,Active Eligible,6d3e5170-87fe-4743-897f-c27e0f4b3d01,5/30/2025 3:18:50 PM,cdobill_ncdenr,5/11/2026 11:27:56 AM,cdobill_ncdenr,900 Pearl Park Way,Charlotte,Mecklenburg,Peter Doorn,1.66,6/13/2025 12:00:00 AM,-80.8430660591593,35.2141748144416,"https://www.google.com/maps/dir/?api=1&destination=35.21417481444163,-80.8430660591593&travelmode=driving",,1449699.73553306,537916.669766232
3621,2902325060,29023-25-060,Domestic Laundry VI,Active Eligible,77c30241-62d7-4d21-a438-9d473cdc90a1,5/30/2025 7:23:51 PM,cdobill_ncdenr,7/16/2025 9:17:16 PM,jdpeacock_ncdenr,928 Pearl Park Way,Charlotte,Mecklenburg,Peter Doorn,2.06,6/13/2025 12:00:00 AM,-80.8422016902852,35.2132753030046,"https://www.google.com/maps/dir/?api=1&destination=35.2132753030046,-80.8422016902852&travelmode=driving",,1449796.17416992,537651.015487153
3622,2902425060,29024-25-060,American Color & Chemical,Active Eligible,995b3689-3c47-45d9-ad8f-137c880eba85,6/2/2025 2:06:05 PM,cdobill_ncdenr,2/11/2026 7:45:40 PM,jdpeacock_ncdenr,3400 and 3416 Westinghouse Blvd,Charlotte,Mecklenburg,Lourdes Barallobre,14.03,7/2/2025 12:00:00 AM,-80.9637218354044,35.134466961506,"https://www.google.com/maps/dir/?api=1&destination=35.13446696150604,-80.96372183540444&travelmode=driving",,1412939.38723823,509670.706557349
3623,2902525001,29025-25-001,Carolina Hosiery Mills,Active Eligible,2e5ed8fe-9e89-46a8-bcaa-bf7a98dbca06,6/13/2025 5:43:46 PM,cdobill_ncdenr,4/9/2026 4:08:37 PM,jdpeacock_ncdenr,220 Elmira Street,Burlington,Alamance,Jordan Thompson,7.22,7/17/2025 12:00:00 AM,-79.4456735724353,36.1035921763857,"https://www.google.com/maps/dir/?api=1&destination=36.10359217638568,-79.445673572435268&travelmode=driving",,1868340.5489003,856901.977440293
3624,2902625095,29026-25-095,IRC II,Active Eligible,9c64a983-04fe-4a39-8a2b-c08940338c36,6/18/2025 12:41:49 PM,cdobill_ncdenr,9/4/2025 8:11:06 PM,jdpeacock_ncdenr,736 Greenway Dr,Boone,Watauga,Jordan Thompson,16.63,8/18/2025 12:00:00 AM,-81.6676096842858,36.1971688596947,"https://www.google.com/maps/dir/?api=1&destination=36.19716885969474,-81.66760968428585&travelmode=driving",,1212946.81544392,901248.190503691
3625,2902825050,29028-25-050,T&S Hardwoods Inc,Active Eligible,b3e47422-5673-4bf9-8c3f-6e3d7b654d89,6/25/2025 4:33:46 PM,cdobill_ncdenr,9/4/2025 8:11:06 PM,jdpeacock_ncdenr,3635 Skyland Dr,Sylva,Jackson,,42.04,8/18/2025 12:00:00 AM,-83.1684098497223,35.4024121865017,"https://www.google.com/maps/dir/?api=1&destination=35.402412186501657,-83.16840984972228&travelmode=driving",,758218.852531218,627457.430180657
3626,2902925065,29029-25-065,Sledge Road,Ineligible,f55346ad-9dcb-46ac-a66d-9ebce045c19f,6/25/2025 7:58:16 PM,cdobill_ncdenr,6/16/2026 4:22:59 PM,jdpeacock_ncdenr,Sledge Road,Castle Hayne,New Hanover,,35,6/5/2026 12:00:00 AM,-77.952285436715,34.3430334670544,"https://www.google.com/maps/dir/?api=1&destination=34.3430334670544,-77.952285436715&travelmode=driving",,2316273.14455994,217504.411937531
3627,2902725060,29027-25-060,Woodward Apartment,Active Eligible,eafd28ac-e76c-4712-bf12-bc5c38da4744,6/26/2025 1:35:14 PM,cdobill_ncdenr,9/4/2025 8:11:06 PM,jdpeacock_ncdenr,901 and 921 Woodward Ave,Charlotte,Mecklenburg,Carolyn Minnich,3.12,8/18/2025 12:00:00 AM,-80.8304275495338,35.2491487395864,"https://www.google.com/maps/dir/?api=1&destination=35.24914873958642,-80.8304275495338&travelmode=driving",,1453553.04387624,550639.704984606
3629,2903025041,29030-25-041,Universal Industrial Park,Active Eligible,00e06321-a5f7-4635-8037-6b3186708866,7/2/2025 2:36:06 PM,cdobill_ncdenr,5/11/2026 9:26:46 PM,jdpeacock_ncdenr,"2401, 2315 and 2321 E Martin Luther King Jr Drive",High Point,Guilford,Stephanie Graham,39.32,9/8/2025 12:00:00 AM,-79.964834509357,35.9673324517866,"https://www.google.com/maps/dir/?api=1&destination=35.967332451786618,-79.96483450935703&travelmode=driving",,1714492.19067265,808391.589090443
3630,2903125057,29031-25-057,Madison Manufacturing Company,Active Eligible,22d36eec-4072-4fe0-97a7-f874fbd37534,7/3/2025 12:19:07 PM,cdobill_ncdenr,6/16/2026 4:22:59 PM,jdpeacock_ncdenr,172 Andrews Ave South,Hot Springs,Madison,Kris Riddle,81.15,9/19/2025 12:00:00 AM,-82.8258874990888,35.8867061960907,"https://www.google.com/maps/dir/?api=1&destination=35.8867061960907,-82.825887499088765&travelmode=driving",,866996.426686435,799490.953039251
3631,2903225041,29032-25-041,Greensboro News & Record,Active Eligible,80f02782-d5ca-4f67-a33a-8af87b6aa4ed,7/15/2025 12:39:03 PM,cdobill_ncdenr,8/5/2025 7:37:13 PM,jdpeacock_ncdenr,"200 East Market Street, 106 and 218 South Church Street",Greensboro,Guilford,Stephanie Graham,10.18,7/17/2025 12:00:00 AM,-79.7880299929959,36.0713782699405,"https://www.google.com/maps/dir/?api=1&destination=36.07137826994046,-79.78802999299586&travelmode=driving",,1767110.66704261,845803.80043697
3632,2903325060,29033-25-060,Joint & Clutch Service,Active Eligible,9c36afaa-6de4-4d2c-b3bb-dce41e54f0d1,7/21/2025 1:03:21 PM,cdobill_ncdenr,10/14/2025 9:25:14 PM,jdpeacock_ncdenr,401 W. 24th Street,Charlotte,Mecklenburg,,2.48,9/19/2025 12:00:00 AM,-80.8262628942506,35.2460412686203,"https://www.google.com/maps/dir/?api=1&destination=35.2460412686203,-80.8262628942506&travelmode=driving",,1454775.39635223,549486.045876501
3634,2903425060,29034-25-060,Robinwood Property II,Active Eligible,1c550151-eb52-4bdc-b200-ce04f96f22f9,7/21/2025 7:46:44 PM,cdobill_ncdenr,9/4/2025 8:11:06 PM,jdpeacock_ncdenr,"10612 and 10700 Harrisburg Road, 4924, 5036, and 5124 Robinwood Dr.",Charlotte,Mecklenburg,Bill Schmithorst,26.66,8/18/2025 12:00:00 AM,-80.6532205011287,35.2496834673851,"https://www.google.com/maps/dir/?api=1&destination=35.249683467385147,-80.6532205011287&travelmode=driving",,1506453.74189522,549906.039506188
3635,2903525092,29035-25-092,4500 Old Holly Springs,Active Eligible,dfb8a780-be33-4d74-9567-2fdeb6697d59,7/23/2025 3:59:51 PM,cdobill_ncdenr,1/14/2026 10:31:27 PM,jdpeacock_ncdenr,4500 Old Holly Spring Apex Road,Holly Springs,Wake,,17.36,1/5/2026 12:00:00 AM,-78.8549598173648,35.6638879767457,"https://www.google.com/maps/dir/?api=1&destination=35.66388797674574,-78.854959817364758&travelmode=driving",,2043082.35572466,696582.289408229
3636,2903625034,29036-25-034,Linden Center,Active Eligible,f6a49140-16e1-463a-a4ac-2fd86322eaf6,7/31/2025 1:45:11 PM,cdobill_ncdenr,10/14/2025 9:25:14 PM,jdpeacock_ncdenr,401 and 336 N Resear Pkwy and 501 East Third St.,Winston Salem,Forsyth,,4.05,10/3/2025 12:00:00 AM,-80.2371607777258,36.0994458285425,"https://www.google.com/maps/dir/?api=1&destination=36.0994458285425,-80.237160777725848&travelmode=driving",,1634509.93025701,857374.515466637
3637,2903725060,29037-25-060,Customade Chemical,No Further Interest,8886b989-0bf1-41a6-91a0-31e0eee88d06,8/1/2025 2:37:18 PM,cdobill_ncdenr,8/7/2026 5:05:12 PM,jdpeacock_ncdenr,4401 Shopton Road,Charlotte,Mecklenburg,,3.3,7/28/2026 12:00:00 AM,-80.9559452915226,35.1701511324521,"https://www.google.com/maps/dir/?api=1&destination=35.17015113245212,-80.9559452915226&travelmode=driving",,1415519.77862129,522609.213558444
3638,2903825080,29038-25-080,Pillowtex Fly Ash Handling,Pending,9242eff6-740e-4faf-a696-4e5373811595,8/1/2025 4:24:25 PM,cdobill_ncdenr,8/7/2025 5:30:34 PM,jdpeacock_ncdenr,0 West C Street,Kannapolis,Rowan,,71.03,8/4/2025 12:00:00 AM,-80.6392575681414,35.5121146800195,"https://www.google.com/maps/dir/?api=1&destination=35.5121146800195,-80.63925756814143&travelmode=driving",,1512198.95824056,645337.110250371
3639,2903925060,29039-25-060,American Circuits,Active Eligible,9735ca4b-c89c-4ff9-91e3-3b011430f076,8/6/2025 5:11:24 PM,cdobill_ncdenr,10/14/2025 9:25:14 PM,jdpeacock_ncdenr,513 W 24th St,Charlotte,Mecklenburg,,1.37,10/3/2025 12:00:00 AM,-80.8269546769615,35.2467813181891,"https://www.google.com/maps/dir/?api=1&destination=35.24678131818914,-80.826954676961478&travelmode=driving",,1454573.84640642,549759.138681776
3640,2800924086,28009-24-086,True Textiles CCB Area,Recorded,e8b5b337-1d86-4ae2-9937-5e4b70c91d6a,8/7/2025 4:27:25 PM,jdpeacock_ncdenr,8/7/2025 5:30:36 PM,jdpeacock_ncdenr,Fabric Lane,Elkin,Surry,Jordan Thompson,16.79,7/25/2025 12:00:00 AM,-80.8451751948797,36.2438516927332,"https://www.google.com/maps/dir/?api=1&destination=36.243851692733166,-80.845175194879687&travelmode=driving",,1455880.34226631,912724.858140483
3641,2806524060,28065-24-060,Cone Mills II,Recorded,6f275062-f820-4f3d-a437-d6eb0d1101dc,8/7/2025 6:01:14 PM,jdpeacock_ncdenr,9/8/2026 7:54:54 PM,jdpeacock_ncdenr,"200, 212, 306, 402 Dover St.; 436 Cone Avenue",Pineville,Mecklenburg,Jordan Thompson,24,9/2/2026 12:00:00 AM,-80.893198972532,35.0846107736401,"https://www.google.com/maps/dir/?api=1&destination=35.084610773640087,-80.89319897253203&travelmode=driving",,1433673.81843796,491119.836522818
3642,2900525013,29005-25-013,Bench Built Transmissions,Active Eligible,a1347bc7-5496-4a80-806b-0007f53b35d0,8/7/2025 6:28:55 PM,jdpeacock_ncdenr,12/1/2025 9:46:03 PM,jdpeacock_ncdenr,511 South Cannon  Blvd.,Kannapolis,Cabarrus,,.83,11/19/2025 12:00:00 AM,-80.6106390688673,35.487923686231,"https://www.google.com/maps/dir/?api=1&destination=35.487923686230978,-80.61063906886733&travelmode=driving",,1520571.50258189,636394.202469558
3645,2805924060,28059-24-060,Jones Chemical II,Active Eligible,ee9365f2-8ef9-464e-b288-92e05a559343,8/7/2025 6:39:23 PM,jdpeacock_ncdenr,1/14/2026 10:31:27 PM,jdpeacock_ncdenr,"1012, 1040 West Morehead Street; 610, 700, 708, 710 McNinch Street
",Charlotte,Mecklenburg,Lauren Fleming,4.63,7/30/2025 12:00:00 AM,-80.858473108547,35.2293669382724,"https://www.google.com/maps/dir/?api=1&destination=35.22936693827245,-80.858473108547045&travelmode=driving",,1445046.64050855,543597.033077389
3646,2805224097,28052-24-097,Smoot Tannery,Active Eligible,2ea78884-5261-43f3-8813-f8e6501873ab,8/7/2025 7:04:12 PM,jdpeacock_ncdenr,11/6/2025 7:45:29 PM,jdpeacock_ncdenr,"123, 127 North Maple Street",North Wilksboro,Wilkes,Jordan Thompson,3.01,11/18/2024 12:00:00 AM,-81.1358512295734,36.1604600933645,"https://www.google.com/maps/dir/?api=1&destination=36.16046009336446,-81.13585122957342&travelmode=driving",,1369522.58289555,884091.581089556
3647,2904025032,29040-25-032,Forest Hills Heights,Active Eligible,9c44f14f-aa02-416e-a469-443af53e6610,8/13/2025 5:57:02 PM,cdobill_ncdenr,4/9/2026 4:08:37 PM,jdpeacock_ncdenr,108 W Lakewood Ave,Durham,Durham,Shristi Shrestha,14.9,10/20/2025 12:00:00 AM,-78.9052797870443,35.9889373265355,"https://www.google.com/maps/dir/?api=1&destination=35.988937326535527,-78.9052797870443&travelmode=driving",,2028022.83719753,814882.066530781
3648,2904125060,29041-25-060,McDowell Street,Active Eligible,0340b867-38c7-45d6-82e7-da794c909b70,8/13/2025 8:15:51 PM,cdobill_ncdenr,7/8/2026 8:24:00 PM,jdpeacock_ncdenr,900 South McDowell Street,Charlotte,Mecklenburg,Carolyn Minnich,1.29,9/19/2025 12:00:00 AM,-80.8438864437937,35.2149710640834,"https://www.google.com/maps/dir/?api=1&destination=35.21497106408343,-80.84388644379365&travelmode=driving",,1449304.51470341,538277.413184951
3649,2904225023,29042-25-023,FAS Controls,Active Eligible,39edaa38-cc24-45e8-bd48-59c401d2e39e,8/18/2025 11:03:06 AM,cdobill_ncdenr,11/6/2025 7:45:31 PM,jdpeacock_ncdenr,1100 Airport Road,Shelby,Cleveland,,42.66,9/24/2025 12:00:00 AM,-81.513291628226,35.3088360146479,"https://www.google.com/maps/dir/?api=1&destination=35.308836014647945,-81.51329162822604&travelmode=driving",,1250281.3745596,576815.781846904
3650,2904325032,29043-25-032,Days Inn & Motel 6 II,Recorded,c17e1de3-d371-48b4-84c6-ce0f8f5db964,8/29/2025 5:13:48 PM,cdobill_ncdenr,2/11/2026 7:45:40 PM,jdpeacock_ncdenr,"3438, 3454/3456, and 3460 Hillsborough Road",Durham,Durham,Shristi Shrestha,12.6,1/26/2026 12:00:00 AM,-78.9471740892747,36.0212820741821,"https://www.google.com/maps/dir/?api=1&destination=36.021282074182068,-78.94717408927465&travelmode=driving",,2015622.56323568,826647.09516993
3651,2904525060,29045-25-060,Carnegie Boulevard Site,Active Eligible,1ccce524-b855-4cd5-b72e-95251d39acca,9/16/2025 1:04:59 PM,cdobill_ncdenr,12/1/2025 9:46:03 PM,jdpeacock_ncdenr,6601 Carnegie Boulevard,Charlotte,Mecklenburg,,3.88,11/25/2025 12:00:00 AM,-80.8282392071045,35.1540892009542,"https://www.google.com/maps/dir/?api=1&destination=35.154089200954225,-80.82823920710453&travelmode=driving",,1453569.1502314,516037.24233988
3652,2904425092,29044-25-092,Kearney Road,Active Eligible,2d620e3e-8445-4179-b43b-d229ff6f512b,9/23/2025 3:05:17 PM,cdobill_ncdenr,5/11/2026 9:26:46 PM,jdpeacock_ncdenr,0 Kearney Road,Wake Forest,Wake,Celeste Dobill,20.3,10/27/2025 12:00:00 AM,-78.5413421769471,35.9846543942887,"https://www.google.com/maps/dir/?api=1&destination=35.984654394288675,-78.541342176947126&travelmode=driving",,2135696.87760793,813623.099114782
3653,2904625065,29046-25-065,Northeast Chemical Company,Active Eligible,c783d1a3-d4a0-4c1d-b73c-f40ff666a4f5,9/25/2025 1:24:04 PM,cdobill_ncdenr,1/9/2026 12:51:48 PM,cdobill_ncdenr,2600 US Highway 421,Wilmington,New Hanover,,44.16,11/20/2025 12:00:00 AM,-77.9551601843027,34.273521789785,"https://www.google.com/maps/dir/?api=1&destination=34.27352178978504,-77.95516018430267&travelmode=driving",,2316142.77528131,192173.710662976
3654,2904725092,29047-25-092,Athey Products,No Further Interest,7aec5c89-042b-4ca7-9475-9d7d25346675,9/25/2025 6:52:19 PM,cdobill_ncdenr,12/1/2025 9:46:03 PM,jdpeacock_ncdenr,1845 Grandmark Street and 1839 South Main,Wake Forest,Wake,,34.71,12/1/2025 12:00:00 AM,-78.5250961331594,35.9506317998892,"https://www.google.com/maps/dir/?api=1&destination=35.950631799889166,-78.5250961331594&travelmode=driving",,2140562.55792594,801261.006496199
3655,2904825060,29048-25-060,Mitchell's Dry Cleaner,Active Eligible,5f86e37f-24c7-4532-89fa-188fd9a909a2,10/6/2025 1:11:09 PM,cdobill_ncdenr,4/9/2026 4:08:37 PM,jdpeacock_ncdenr,125 Scaleybark Road,Charlotte,Mecklenburg,Carolyn Minnich,17.13,12/18/2025 12:00:00 AM,-80.8737449800623,35.1897159746573,"https://www.google.com/maps/dir/?api=1&destination=35.189715974657275,-80.8737449800623&travelmode=driving",,1440214.51644658,529254.607259029
3656,2904925032,29049-25-032,Grantham Development II,No Further Interest,ae10e3f1-31ad-4bf2-8287-b75aa6fe9508,10/20/2025 2:52:34 PM,cdobill_ncdenr,5/11/2026 9:26:46 PM,jdpeacock_ncdenr,2211 Grantham St,Durham,Durham,Celeste Dobill,2.77,4/16/2026 12:00:00 AM,-78.8768447283035,35.9801948493127,"https://www.google.com/maps/dir/?api=1&destination=35.98019484931273,-78.87684472830354&travelmode=driving",,2036439.00882137,811708.861024669
3657,2905025092,29050-25-092,Kapke Enterprises,Active Eligible,7ecf84f8-e0d0-489f-aed3-0f15f0a1c715,10/22/2025 12:40:09 PM,cdobill_ncdenr,4/9/2026 4:08:37 PM,jdpeacock_ncdenr,1928 Zebulon Rd,Zebulon,Wake,Lourdes Barallobre,14.55,11/24/2025 12:00:00 AM,-78.3310426651467,35.8498713560837,"https://www.google.com/maps/dir/?api=1&destination=35.849871356083675,-78.3310426651467&travelmode=driving",,2198244.79754089,764915.058934019
3658,2905125011,29051-25-011,Riverview Station,Active Eligible,27ee4066-299e-401b-bcef-863b0b587762,10/22/2025 1:52:59 PM,cdobill_ncdenr,2/11/2026 7:45:40 PM,jdpeacock_ncdenr,191 Lyman Street,Asheville,Buncombe,,5.59,1/16/2026 12:00:00 AM,-82.5673648145061,35.5768513602871,"https://www.google.com/maps/dir/?api=1&destination=35.576851360287,-82.5673648145061&travelmode=driving",,939469.479163878,683929.226576907
3659,2905225092,29052-25-092,Grocery Boy Jr,Active Eligible,3f433629-d2b5-49dc-a502-b2b6b8e75911,10/27/2025 1:57:10 PM,cdobill_ncdenr,4/9/2026 4:08:37 PM,jdpeacock_ncdenr,602 W Chatham St and 523 Old Apex Rd,Cary,Wake,Lourdes Barallobre,2,12/8/2025 12:00:00 AM,-78.7913886229421,35.7860095438974,"https://www.google.com/maps/dir/?api=1&destination=35.78600954389738,-78.79138862294205&travelmode=driving",,2061871.58882132,741066.523054615
3660,2905325060,29053-25-060,Praxair Surface Technologies,Active Eligible,e11e0640-c563-4650-8b14-656e1c1ccb6f,10/28/2025 6:56:28 PM,cdobill_ncdenr,2/11/2026 7:45:40 PM,jdpeacock_ncdenr,8501 Old Statesville Rd.,Charlotte,Mecklenburg,,6.65,2/6/2026 12:00:00 AM,-80.8255427414196,35.3383301479916,"https://www.google.com/maps/dir/?api=1&destination=35.338330147991577,-80.82554274141964&travelmode=driving",,1455608.01644502,583064.838681649
3661,2905425092,29054-25-092,Royal Pontiac,Active Eligible,e8d950c4-c003-468b-b575-e4ba3c73fc8d,10/30/2025 1:52:22 PM,cdobill_ncdenr,7/8/2026 8:24:00 PM,jdpeacock_ncdenr,2499 and 2501 Ratchford Dr,Raleigh,Wake,Shristi Shrestha,9.43,12/8/2025 12:00:00 AM,-78.6099225876251,35.8133424782044,"https://www.google.com/maps/dir/?api=1&destination=35.8133424782044,-78.6099225876251&travelmode=driving",,2115652.1903265,751177.814337103
3663,2905525092,29055-25-092,Harris Teeter Warehouse,Active Eligible,6c0aa5a2-7bae-4e1b-a38c-3af2888590a1,10/31/2025 2:00:32 PM,cdobill_ncdenr,1/14/2026 10:31:27 PM,jdpeacock_ncdenr,2233 and 2321 Capital Boulevard,Raleigh,Wake,,19.74,12/8/2025 12:00:00 AM,-78.6146785500471,35.8102965328488,"https://www.google.com/maps/dir/?api=1&destination=35.810296532848788,-78.614678550047117&travelmode=driving",,2114246.43835488,750063.599618545
3664,2905725011,29057-25-011,Richbourg Motor,Active Eligible,117bc573-4c97-4e49-9f52-b61ff640e626,10/31/2025 2:58:35 PM,cdobill_ncdenr,6/16/2026 4:22:59 PM,jdpeacock_ncdenr,"1 Ravenscroft Drive, 50 and 52 Coxe Ave",Asheville,Buncombe,Kris Riddle,1.61,12/18/2025 12:00:00 AM,-82.5543668001825,35.5921010324461,"https://www.google.com/maps/dir/?api=1&destination=35.5921010324461,-82.554366800182478&travelmode=driving",,943530.657796585,689337.52088444
3665,2905625060,29056-25-060,Asplundh Tree Service,Active Eligible,1cbbe257-8056-4a96-ade3-80c643a8fe79,10/31/2025 5:07:38 PM,cdobill_ncdenr,1/14/2026 10:31:27 PM,jdpeacock_ncdenr,351 Orchard Cir  and 4336 South Tryon,Charlotte,Mecklenburg,,2.28,12/18/2025 12:00:00 AM,-80.8847655619751,35.187438339208,"https://www.google.com/maps/dir/?api=1&destination=35.187438339208,-80.884765561975115&travelmode=driving",,1436906.74534805,528488.156248782
3666,2905825100,29058-25-100,Avondale Mills II,Active Eligible,3f94c7a2-0436-436d-b526-6dd74f73905c,10/31/2025 7:23:02 PM,cdobill_ncdenr,5/11/2026 2:30:11 PM,cdobill_ncdenr,700 W MAIN ST,Burnsville,Yancey,,4.61,12/18/2025 12:00:00 AM,-82.3136514664489,35.9142563308809,"https://www.google.com/maps/dir/?api=1&destination=35.91425633088093,-82.3136514664489&travelmode=driving",,1019327.79870647,803848.269135565
3667,2905925060,29059-25-060,Arnold Palmer Cadillac,Active Eligible,30314f32-0e34-406a-9af8-c844a40db1cf,11/4/2025 2:37:49 PM,cdobill_ncdenr,2/11/2026 7:45:40 PM,jdpeacock_ncdenr,501 S. Caldwell St,Charlotte,Mecklenburg,,1.9,1/16/2026 12:00:00 AM,-80.8435675420235,35.2197524282121,"https://www.google.com/maps/dir/?api=1&destination=35.21975242821211,-80.84356754202352&travelmode=driving",,1449432.0622215,540015.493990872
3668,2906025092,29060-25-092,McLean Dr Assemblage,Pending,e1b7e198-269e-48e9-b2b1-3a60e8fc38d8,11/5/2025 12:42:33 PM,cdobill_ncdenr,11/6/2025 7:45:36 PM,jdpeacock_ncdenr,"1621, 1626, 1623, 1629, 1700, 1704, 1705, 1708, 1709,  1712, 1716, 1800 Mclean Drive and 4620, 4624 Old Wake Forest Road",Raleigh,Wake,,12.6,10/30/2025 12:00:00 AM,-78.607791030017,35.8429899741649,"https://www.google.com/maps/dir/?api=1&destination=35.842989974164936,-78.60779103001697&travelmode=driving",,2116241.5211634,761971.893199282
3669,2906125060,29061-25-060,Main and Cranford Assembly,Active Eligible,bdf364f7-a889-42ce-ad8e-81e20ed38ff8,11/5/2025 1:39:28 PM,cdobill_ncdenr,2/11/2026 7:45:40 PM,jdpeacock_ncdenr,"102 and 104 Cranford Dr and 402, 404, and 408 Main Street",Pineville,Mecklenburg,,4.82,2/5/2026 12:00:00 AM,-80.891332568904,35.0869121800713,"https://www.google.com/maps/dir/?api=1&destination=35.08691218007125,-80.89133256890403&travelmode=driving",,1434248.01909931,491946.610940768
3670,2906225068,29062-25-068,Johnsons Garage II,Active Eligible,3ce8bba0-602c-45a2-b62a-1554c8d6abf2,11/5/2025 2:04:36 PM,cdobill_ncdenr,4/9/2026 4:08:37 PM,jdpeacock_ncdenr,201/203/205 E. Longview Street 701 Martin Luther King Jr Blvd,Chapel Hill,Orange,Stephanie Graham,1.82,12/18/2025 12:00:00 AM,-79.0563318049209,35.921561536338,"https://www.google.com/maps/dir/?api=1&destination=35.92156153633795,-79.05633180492094&travelmode=driving",,1983321.69005339,790347.550052228
3671,2906325060,29063-25-060,United Air Filter II,Pending,7bc3d04e-deab-4000-a1a3-2959bec7dc0d,11/5/2025 6:16:06 PM,cdobill_ncdenr,11/6/2025 7:45:37 PM,jdpeacock_ncdenr,"921, 1000 W Palmer St, 901, 1100 1101, 1125 and 1128 S Clarkson St",Charlotte,Mecklenburg,,13.84,10/30/2025 12:00:00 AM,-80.8607408870735,35.2259142696584,"https://www.google.com/maps/dir/?api=1&destination=35.225914269658368,-80.86074088707353&travelmode=driving",,1444345.99153493,542353.358362437
3672,2906425046,29064-25-046,CF Nitrogen,Active Eligible,60b55878-2d07-4533-8d8e-566ca53be3f9,11/6/2025 1:58:38 PM,cdobill_ncdenr,9/8/2026 7:54:54 PM,jdpeacock_ncdenr,100 Farmers Chemical Road,Cofield,Hertford,Claire Sorrell,1105.79,3/2/2026 12:00:00 AM,-76.8744378392285,36.3719939611166,"https://www.google.com/maps/dir/?api=1&destination=36.3719939611166,-76.874437839228477&travelmode=driving",,2625793.44386315,961020.795330943
3673,2906625060,29066-25-060,Charlotte Plaster,Active Eligible,9ec56870-5e45-45c6-8eba-ad8b8dc9e375,11/6/2025 3:24:18 PM,cdobill_ncdenr,6/16/2026 4:22:59 PM,jdpeacock_ncdenr,100 and 128 E Park Ave,Charlotte,Mecklenburg,,2.45,5/20/2026 12:00:00 AM,-80.857007810165,35.2139059293006,"https://www.google.com/maps/dir/?api=1&destination=35.2139059293006,-80.85700781016496&travelmode=driving",,1445378.88363151,537962.880552485
3674,2906525060,29065-25-060,Johnston YMCA,Active Eligible,1c379882-dc24-4255-ba5c-70c8afc37786,11/6/2025 5:11:45 PM,cdobill_ncdenr,2/11/2026 7:45:40 PM,jdpeacock_ncdenr,3049 N Davidson St,Charlotte,Mecklenburg,,2.65,1/23/2026 12:00:00 AM,-80.8071003174648,35.246977115808,"https://www.google.com/maps/dir/?api=1&destination=35.24697711580804,-80.80710031746484&travelmode=driving",,1460501.89177928,549721.891894659
3675,2906725060,29067-25-060,Southern Wipers III,Active Eligible,fa64f505-e619-46ed-95a5-fc68ec9c8f1d,11/7/2025 6:16:10 PM,cdobill_ncdenr,2/11/2026 7:45:40 PM,jdpeacock_ncdenr,511 E 25th St,Charlotte,Mecklenburg,Carolyn Minnich,2.64,1/23/2026 12:00:00 AM,-80.8157763504138,35.2406768774084,"https://www.google.com/maps/dir/?api=1&destination=35.24067687740841,-80.81577635041384&travelmode=driving",,1457870.06386481,547476.594932276
3677,2906825092,29068-25-092,Village Inn,Pending,07c5f574-daf3-4a21-9117-b6b0e7dd8cec,11/7/2025 7:28:14 PM,cdobill_ncdenr,12/2/2025 4:39:13 PM,jdpeacock_ncdenr,"2736, 2734, 2732, 2726, 2720, 2716, 2712, 2708, 2700 S Wilmington Street; 109 Parkland Road; 2713, 2715, 2717, 2721, 2725, 2731 Renfrow Road; and 110 Ileagnes Road Raleigh, NC 27603",Raleigh,Wake,,8.74,11/25/2025 12:00:00 AM,-78.6463047890464,35.746196535173,"https://www.google.com/maps/dir/?api=1&destination=35.746196535173,-78.646304789046425&travelmode=driving",,2104952.60899019,726696.86720997
3678,2906925092,29069-25-092,Tower Marketplace,Active Eligible,b9e5ab6a-c80a-4cc5-8b13-34bedda3d6de,11/10/2025 12:37:09 PM,cdobill_ncdenr,6/16/2026 4:22:59 PM,jdpeacock_ncdenr,"3520, 3540, 3541, & 3591 Maitland Drive; 3610 & 3630 Bastion Lane",Raleigh,Wake,,21.71,5/20/2026 12:00:00 AM,-78.5823034031288,35.7973433017232,"https://www.google.com/maps/dir/?api=1&destination=35.797343301723217,-78.58230340312876&travelmode=driving",,2123865.27040734,745387.535085379
3679,2907025011,29070-25-011,Tucker Materials,Active Eligible,d46f3535-735a-4d70-b37e-5219f161a8d3,11/10/2025 2:33:51 PM,cdobill_ncdenr,6/16/2026 4:22:59 PM,jdpeacock_ncdenr,3 and 21 London Rd,Asheville,Buncombe,,2.97,5/20/2026 12:00:00 AM,-82.5375210009327,35.5647814722252,"https://www.google.com/maps/dir/?api=1&destination=35.56478147222517,-82.53752100093274&travelmode=driving",,948181.370384889,679221.427736958
3680,2907125032,29071-25-032,Farrington Rd. Assemblage,Active Eligible,ebd2883f-2828-40fb-93d6-28bee06d4981,11/10/2025 3:38:10 PM,cdobill_ncdenr,6/11/2026 12:13:26 PM,cdobill_ncdenr,"5217, 5307, 5351, and 5419 Farrington Road",Chapel Hill,Durham,,15.43,4/7/2026 12:00:00 AM,-78.9885216900861,35.9219407006017,"https://www.google.com/maps/dir/?api=1&destination=35.92194070060165,-78.988521690086088&travelmode=driving",,2003399.37319726,790481.034065158
3681,2907225011,29072-25-011,Sign System,Active Eligible,b5b817f8-7461-4967-bb24-7212bb50b487,11/10/2025 7:33:28 PM,cdobill_ncdenr,8/7/2026 5:05:12 PM,jdpeacock_ncdenr,1920 and 1924 US Hwy 70,Swannanoa,Buncombe,Jordan Thompson,5.26,12/4/2025 12:00:00 AM,-82.4370956515426,35.5936295786388,"https://www.google.com/maps/dir/?api=1&destination=35.5936295786388,-82.43709565154265&travelmode=driving",,978392.441048058,688666.073804378
3682,2907325018,29073-25-018,Ridgeview Hosiery Mill,Active Eligible,b2a4b709-8fe8-4f08-9923-6ad0f1f77d42,11/10/2025 8:37:16 PM,cdobill_ncdenr,4/9/2026 4:08:37 PM,jdpeacock_ncdenr,2101 N Main Ave.,Newton,Catawba,,6.02,3/3/2026 12:00:00 AM,-81.217376504417,35.683897076053,"https://www.google.com/maps/dir/?api=1&destination=35.683897076053,-81.21737650441696&travelmode=driving",,1341586.65213091,711187.505537799
3683,2907525060,29075-25-060,Charlotte Pipe,Pending,52d16544-1c9e-46a1-96ef-6526fa4b1b5c,11/20/2025 7:04:09 PM,cdobill_ncdenr,12/2/2025 4:39:16 PM,jdpeacock_ncdenr,1430 and 1500 S. Clarkson St,Charlotte,Mecklenburg,,4.14,11/24/2025 12:00:00 AM,-80.8634526744238,35.2238758540445,"https://www.google.com/maps/dir/?api=1&destination=35.2238758540445,-80.86345267442377&travelmode=driving",,1443522.36695359,541626.808534326
3684,2907625025,29076-25-025,Carolina Technical Plastics,Active Eligible,ad4fcc1f-822d-43a8-84b0-db0522918f43,12/8/2025 2:30:20 PM,cdobill_ncdenr,7/8/2026 8:24:00 PM,jdpeacock_ncdenr,901 Industrial Dr,New Bern,Craven,,17.11,7/2/2026 12:00:00 AM,-77.1596868061733,35.1367023364638,"https://www.google.com/maps/dir/?api=1&destination=35.13670233646376,-77.1596868061733&travelmode=driving",,2550158.06997135,509777.210228967
3685,2907725076,29077-25-076,UPS High Point,No Further Interest,dbae717f-1815-4129-8f49-e2ed0046a306,12/12/2025 1:34:04 PM,cdobill_ncdenr,7/8/2026 8:24:00 PM,jdpeacock_ncdenr,1205 Corporation Dr.,Archdale,Randolph,,4.17,6/29/2026 12:00:00 AM,-80.0058056492278,35.9155072396642,"https://www.google.com/maps/dir/?api=1&destination=35.915507239664166,-80.005805649227767&travelmode=driving",,1702177.49987622,789647.776906983
3686,2907825080,29078-25-080,Fieldcrest Mills,Active Eligible,d5c3a081-b1c2-4b03-b263-b86e4a0f0d07,12/15/2025 5:07:04 PM,cdobill_ncdenr,2/11/2026 7:45:40 PM,jdpeacock_ncdenr,950 Hackett St,Sailsbury,Rowan,,273.6,2/6/2026 12:00:00 AM,-80.3990699333552,35.7142083331566,"https://www.google.com/maps/dir/?api=1&destination=35.7142083331566,-80.3990699333552&travelmode=driving",,1584704.27119501,717793.142082778
3687,2907925060,29079-25-060,Charlotte War Assets III,Active Eligible,89ac786b-a6a9-4650-baa2-187a4420b48c,12/31/2025 1:12:46 PM,cdobill_ncdenr,9/8/2026 7:54:54 PM,jdpeacock_ncdenr,1306 Berryhill Rd,Charlotte,Mecklenburg,Lauren Fleming,3.76,2/6/2026 12:00:00 AM,-80.8768524015254,35.2349269652273,"https://www.google.com/maps/dir/?api=1&destination=35.234926965227338,-80.87685240152538&travelmode=driving",,1439597.35073315,545723.470417897
3688,2908025033,29080-25-033,Edgecombe Genco Plant II,No Further Interest,112e4c8a-b0bc-4778-89aa-62c30b276ca1,12/31/2025 8:28:35 PM,cdobill_ncdenr,4/9/2026 4:08:37 PM,jdpeacock_ncdenr,6358 Old Battleboro Rd,Battleboro,Edgecombe,Shristi Shrestha,84.39,3/2/2026 12:00:00 AM,-77.7514955788399,36.0378070940729,"https://www.google.com/maps/dir/?api=1&destination=36.03780709407286,-77.751495578839865&travelmode=driving",,2369124.93280158,834979.72043532
3689,3000126092,30001-26-092,O'Neal's Exxon,Active Eligible,b92866fb-58fb-43be-9768-c5544fcf6a39,1/6/2026 3:52:38 PM,cdobill_ncdenr,4/9/2026 4:08:37 PM,jdpeacock_ncdenr,"0, 718, 719, 720, 723, 724, 725, 726, and 800 Wilson Street 3309 and 3313 Garner Rd",Raleigh,Wake,,20.92,3/10/2026 12:00:00 AM,-78.625242561829,35.7347336943736,"https://www.google.com/maps/dir/?api=1&destination=35.73473369437355,-78.625242561828955&travelmode=driving",,2111218.11518857,722547.479958556
3690,3000226060,30002-26-060,Northern Hydraulics,Active Eligible,3478bc7a-3e23-400a-beb7-df9487a4c94f,1/12/2026 2:27:27 PM,cdobill_ncdenr,3/3/2026 7:50:26 PM,jdpeacock_ncdenr,122 Freeland Ln,Charlotte,Mecklenburg,,6.63,2/20/2026 12:00:00 AM,-80.8763020667919,35.1908412876634,"https://www.google.com/maps/dir/?api=1&destination=35.1908412876634,-80.87630206679185&travelmode=driving",,1439458.4112114,529678.513039243
3691,3000326074,30003-26-074,The Pantry 827,No Further Interest,594d514b-9f6b-4865-b819-ad87e10db4d0,1/20/2026 6:18:32 PM,cdobill_ncdenr,3/3/2026 7:50:26 PM,jdpeacock_ncdenr,2195 Evans St,Greenville,Pitt,,0.56,2/16/2026 12:00:00 AM,-77.3777216083981,35.5911839620603,"https://www.google.com/maps/dir/?api=1&destination=35.59118396206027,-77.37772160839812&travelmode=driving",,2482280.24821504,674029.044244961
3692,3000426018,30004-26-018,Pinnacle Furniture Company,Active Eligible,43a9b7b7-0f87-4cbf-b979-7e6a5672ffc2,1/21/2026 8:18:24 PM,cdobill_ncdenr,4/9/2026 4:08:37 PM,jdpeacock_ncdenr,20 E 19th St,Newton,Catawba,,2.89,3/25/2026 12:00:00 AM,-81.2178138941099,35.6815559203169,"https://www.google.com/maps/dir/?api=1&destination=35.681555920316875,-81.217813894109867&travelmode=driving",,1341437.76172647,710338.479805801
3693,3000526060,30005-26-060,Pressley Park,Active Eligible,11e9a818-b5da-4e48-8f8a-4d2f39cd8fe1,3/11/2026 2:35:16 PM,cdobill_ncdenr,6/16/2026 4:22:59 PM,jdpeacock_ncdenr,"635, 645, 655, 649 Pressley Road",Charlotte,Mecklenburg,,9.16,4/28/2026 12:00:00 AM,-80.8933351640737,35.1864698376566,"https://www.google.com/maps/dir/?api=1&destination=35.18646983765662,-80.8933351640737&travelmode=driving",,1434340.07160187,528184.461419177
3694,3000626086,30006-26-086,Twin carports,Pending,5b686afe-4c4f-49b1-a285-d4e8fe7c271c,3/12/2026 3:13:42 PM,kmatiaco1_ncdenr,4/9/2026 6:46:29 PM,jdpeacock_ncdenr,202 Hamlin Drive,Pilot Mountain,Surry,,15.59,3/16/2026 5:00:00 PM,-80.4562507743898,36.3810012330674,"https://www.google.com/maps/dir/?api=1&destination=36.3810012330674,-80.45625077438977&travelmode=driving",,1571292.7172656,960744.803068539
3695,3000726041,30007-26-041,Analog Devices,Active Eligible,00aeffaf-2fdf-4d01-9b05-622d20342bbb,3/17/2026 12:29:30 PM,cdobill_ncdenr,4/9/2026 6:44:26 PM,jdpeacock_ncdenr,7910 Triad Center Drive,Greensboro,Guilford,,14.15,3/30/2026 12:00:00 AM,-79.9674140054933,36.0879766802576,"https://www.google.com/maps/dir/?api=1&destination=36.087976680257626,-79.967414005493325&travelmode=driving",,1714156.8876862,852314.642624738
3696,3000826092,30008-26-092,Raleigh News Agency,Active Eligible,3404b341-7b15-4609-bef4-c59533db6f37,4/27/2026 12:48:07 PM,cdobill_ncdenr,8/7/2026 5:05:12 PM,jdpeacock_ncdenr,"213 South Harrington St, 327, and 321 W Hargett St",Raleigh,Wake,,.93,7/28/2026 12:00:00 AM,-78.6446514144869,35.778133560486,"https://www.google.com/maps/dir/?api=1&destination=35.778133560485955,-78.64465141448694&travelmode=driving",,2105401.60006541,738323.350500435
3697,3000926060,30009-26-060,McCarthy Tire Service,Active Eligible,db8d51bb-cc1f-4df5-8ad2-937358a78d94,4/29/2026 12:10:46 PM,cdobill_ncdenr,7/8/2026 8:24:00 PM,jdpeacock_ncdenr,227 and 231 Atando Ave.,Charlotte,Mecklenburg,,2.63,6/16/2026 12:00:00 AM,-80.8131014793494,35.2542998979463,"https://www.google.com/maps/dir/?api=1&destination=35.25429989794634,-80.813101479349356&travelmode=driving",,1458759.15338481,552419.214196433
3698,3001026060,30010-26-060,Hunter Wrecker III,Active Eligible,f878c8b0-1cde-4f19-aaac-3b86eb01b1c8,5/4/2026 5:16:10 PM,cdobill_ncdenr,8/7/2026 5:05:12 PM,jdpeacock_ncdenr,"1104, 1108, 1100 N. Caldwell St. 1101 and 1107 N. Davidson St. 521 Belmont Ave.",Charlotte,Mecklenburg,Peter Doorn,3.08,6/19/2026 12:00:00 AM,-80.8262134056391,35.2321363710364,"https://www.google.com/maps/dir/?api=1&destination=35.23213637103644,-80.826213405639137&travelmode=driving",,1454697.07725435,544426.005932957
3699,3001126060,30011-26-060,Charlotte Block,Pending,79db70cc-1f44-4635-beb5-004d9b049988,5/5/2026 2:35:50 PM,cdobill_ncdenr,5/20/2026 1:25:21 PM,jdpeacock_ncdenr,"4903, 4909, 4911, 4913, 4919, 4925, 4929 and 5125 Rozzelles Ferry Road",Charlotte,Mecklenburg,,10.35,5/5/2026 12:00:00 AM,-80.8924646688236,35.2737971978489,"https://www.google.com/maps/dir/?api=1&destination=35.273797197848857,-80.89246466882356&travelmode=driving",,1435205.96865184,559956.082515652
3700,3001226060,30012-26-060,Gibbs Electroplating,Active Eligible,cd54c27a-6150-4f58-9e3d-3de0c650ad91,5/8/2026 1:54:07 PM,cdobill_ncdenr,6/16/2026 4:22:59 PM,jdpeacock_ncdenr,2229 N Davidson St,Charlotte,Mecklenburg,,0.426,5/14/2026 12:00:00 AM,-80.814803655439,35.2404270266804,"https://www.google.com/maps/dir/?api=1&destination=35.2404270266804,-80.814803655439036&travelmode=driving",,1458158.78373982,547380.367399837
3702,3001326060,30013-26-060,Domestic Laundry V 2,Active Eligible,30c37efb-279b-42bd-8020-bce2770e1060,5/11/2026 11:29:00 AM,cdobill_ncdenr,8/7/2026 5:05:12 PM,jdpeacock_ncdenr,900 Pearl Park Way,Charlotte,Mecklenburg,Peter Doorn,1.34,8/4/2026 12:00:00 AM,-80.8430470546492,35.2141749913395,"https://www.google.com/maps/dir/?api=1&destination=35.21417499133951,-80.8430470546492&travelmode=driving",,1449549.79996195,537983.081578067
3703,3001426100,30014-26-100,Avondale Mills III,Active Eligible,4b25af7b-7cb5-42b8-a6e9-d62f4a59fac9,5/11/2026 2:36:57 PM,cdobill_ncdenr,7/8/2026 8:24:00 PM,jdpeacock_ncdenr,700 West Main Street,Burnsvill,Yancey,,14.03,6/22/2026 12:00:00 AM,-82.3136101853082,35.9151201646201,"https://www.google.com/maps/dir/?api=1&destination=35.91512016462,-82.313610185308235&travelmode=driving",,1018987.515613,804372.595869736
3704,3001526049,30015-26-049,Thorneburg Hosiery,Pending,2db2809b-bf1b-473c-97c8-56d82cb8a460,5/19/2026 1:38:53 PM,kmatiaco1_ncdenr,6/16/2026 4:22:59 PM,jdpeacock_ncdenr,2210 Newton Drive,Statesville,Iredell,,29.13,5/19/2026 4:00:00 AM,-80.9263815757194,35.7809127099055,"https://www.google.com/maps/dir/?api=1&destination=35.78091270990552,-80.9263815757194&travelmode=driving",,1428666.44588038,744689.979079902
3705,3001626011,30016-26-011,Clark Equipment II,Active Eligible,1c8aa113-aadf-40ff-8332-5ca89f4fabab,5/19/2026 4:54:15 PM,cdobill_ncdenr,8/7/2026 5:05:12 PM,jdpeacock_ncdenr,2169 Hendersonville Rd,Arden,Buncombe,,5.28,7/16/2026 12:00:00 AM,-82.5316934164768,35.4823161653987,"https://www.google.com/maps/dir/?api=1&destination=35.48231616539868,-82.53169341647678&travelmode=driving",,948845.775013608,649164.095278547
3706,3001726049,30017-26-049,John Boyle Company,Pending,652f44c9-dce1-4b50-a8ae-9d4084cc5fba,6/4/2026 1:12:25 PM,cdobill_ncdenr,7/8/2026 8:27:00 PM,jdpeacock_ncdenr,1801 and 1803 Salisbury Highway,Statesville,Iredell,,16.79,6/18/2026 12:00:00 AM,-80.8450257640727,35.7663116324766,"https://www.google.com/maps/dir/?api=1&destination=35.766311632476615,-80.84502576407267&travelmode=driving",,1452693.68302877,738917.864024031
3707,3001826060,30018-26-060,Alvac Plastic Co,Active Eligible,71165173-30e8-4cbb-ae92-29f8a73deb6a,6/5/2026 5:38:12 PM,cdobill_ncdenr,8/7/2026 5:05:12 PM,jdpeacock_ncdenr,2501 Chamberlain Ave,Charlotte,Mecklenburg,,1.21,7/8/2026 12:00:00 AM,-80.868711460216,35.2448665834386,"https://www.google.com/maps/dir/?api=1&destination=35.2448665834386,-80.86871146021596&travelmode=driving",,1442095.93463112,549294.451099208
3708,3001926036,30019-26-036,Flint Mill,Active Eligible,78d0f7d0-4273-4716-b8d3-1bb8a3560858,6/18/2026 2:20:49 PM,cdobill_ncdenr,9/8/2026 7:54:54 PM,jdpeacock_ncdenr,1910 Hunt Ave,Gastonia,Gaston,,6.92,8/18/2026 12:00:00 AM,-81.1517358165265,35.2762414054845,"https://www.google.com/maps/dir/?api=1&destination=35.276241405484456,-81.151735816526525&travelmode=driving",,1357858.70327451,562421.586970227
3709,3002026045,30020-26-045,Oriole Mill,Active Eligible,55293148-f2b0-4399-9803-fbf0dfa5453b,6/18/2026 4:36:29 PM,cdobill_ncdenr,9/8/2026 7:54:54 PM,jdpeacock_ncdenr,701 Oriole Dr,Hendersonville,Henderson,,4.13,8/12/2026 12:00:00 AM,-82.4596929283877,35.3286718710176,"https://www.google.com/maps/dir/?api=1&destination=35.32867187101757,-82.459692928387668&travelmode=driving",,968318.375276787,592523.51535117
3710,3002126092,30021-26-092,Horne Street Assemblage,Active Eligible,b7de3b51-d0eb-42d3-8447-5d296c29bcea,7/2/2026 2:26:21 PM,cdobill_ncdenr,9/8/2026 7:54:54 PM,jdpeacock_ncdenr,"100, 106, 108, 114, 118 Horne Street, 2403, 2405, 2407 Clark Ave",Raleigh,Wake,,1.74,8/18/2026 12:00:00 AM,-78.6667635118515,35.7889867534116,"https://www.google.com/maps/dir/?api=1&destination=35.788986753411635,-78.666763511851485&travelmode=driving",,2098829.64240602,742251.078616083
3711,3002226026,30022-26-026,Hercules Steel,Pending,181c8d29-16ab-4126-810d-9c699108c709,7/16/2026 2:09:11 PM,cdobill_ncdenr,8/10/2026 5:50:18 PM,jdpeacock_ncdenr,4407 Distribution Drive,Fayetteville,Cumberland,,202.87,7/14/2026 12:00:00 AM,-78.9175156555915,35.1076899028652,"https://www.google.com/maps/dir/?api=1&destination=35.10768990286516,-78.917515655591458&travelmode=driving",,2024669.48720071,494129.028402259
3712,3002326060,30023-26-060,Auto Top Manufacturing II,Pending,b45ed6ce-3fff-413e-b086-d4c09effb83c,7/23/2026 8:39:30 PM,cdobill_ncdenr,8/10/2026 5:50:19 PM,jdpeacock_ncdenr,"1524, 1532, 1538, 1544, 1546, 1550 South Tryon St",Charlotte,Mecklenburg,,3.14,7/30/2026 12:00:00 AM,-80.8579038437279,35.2161884077128,"https://www.google.com/maps/dir/?api=1&destination=35.216188407712785,-80.857903843727868&travelmode=driving",,1445126.84767095,538798.437096753
3713,3002426060,30024-26-060,Queen City Cars,Pending,4279d060-fde9-48ec-abd3-60228d7df18c,7/23/2026 9:14:22 PM,cdobill_ncdenr,8/10/2026 5:50:19 PM,jdpeacock_ncdenr,"914, 922, 924 Norris Ave",Charlotte,Mecklenburg,,1.18,7/28/2026 12:00:00 AM,-80.8249786392008,35.2558254119869,"https://www.google.com/maps/dir/?api=1&destination=35.255825411986855,-80.824978639200765&travelmode=driving",,1455224.22342424,553039.294829954
3714,3002526034,30025-26-034,HP Fabrics II,Pending,6c699438-2893-4b22-a22f-7cbd966f3c91,8/19/2026 2:16:35 PM,cdobill_ncdenr,8/19/2026 2:21:20 PM,cdobill_ncdenr,3811 and 3821 Kimwell Drive,Winston-Salem,Forsyth,,22.01,,,,,,1608786.95015715,838779.497419807
